어? 저 사람 또 왔네..?,uh? Is he here again?,0.493115
누구요?,Who is it?,0.653287
미치겠네 진짜... 세워봐.,It's crazy. Really ... Stand up.,0.674172
예?,Yes?,0.714435
차 세워보라고!,Stop the car!,0.457821
감사합니다...,Thank you...,0.460875
어떻게.. 들어가서 얘기하시죠..,How do you ... go in and talk ...,0.573014
아니요.. 괜찮아요.. 여기가 좋은데요... 그냥 몇 가지만 여쭈어 보려고 온 거니까..,No .. It's okay .. I like it here ... I just came to ask a few questions ...,0.548402
예... 그러세요..,Yes ... yes ...,0.687225
어떻게 장례는 잘 치렀죠?,How did you have a good funeral?,0.613273
예..,Yes..,0.714435
저도 한번 가보려고 했는데.. 최근들어 계속 사건이 많다 보니까..,"I tried to go there too. Recently, there have been many incidents ...",0.570734
수사는 완전히 종결이 된 건가요?,Is the investigation completely over?,0.636303
예?,Yes?,0.714435
수사는 종결 된 건가요?,Is the investigation over?,0.618602
"... 예, 뭐 전화로 말씀드렸다시피...","... Yes, as I said on the phone ...",0.470675
잘 납득이 안가네요. 제대로 밝혀진 것도 없는데.,I'm not very convinced. Nothing has been revealed properly.,0.643674
"아니, 납득이 안 가다니요...? 저도... 아버님 입장 충분히 이해가 갑니다. 보통 자식이 그런 일을 당하면 모든 부모님들, 아버님하고 똑같이 이렇게 납득을 못하세요. 이해 갑니다. 근데 아드님 일이 심적인 문제에서 비롯된 건데... 저희가 그 심리를 어떻게 알겠어요... 그렇잖아요?","No, you don't understand ...? I ... I understand my father's position. Normally, when a child has such a thing, he is not convinced like all parents and father. I understand. But your son's job comes from a psychological problem ... how do we know the psychology ... right?",0.570862
그래도 뭔가 구체적인 이유가 있을 거 아닙니까?,Is there any specific reason for that?,0.539606
"뭐, 요즘 애들 예전 같지 않아요. 이번 달에만 자살신고가 몇 건이나 접수됐는지 몰라요. 셀 수도 없어요. 근데 자살이유 보면 다 어처구니가 없어요. 성적비관부터 해서 여자 친구 문제... 정말 이유 같지도 않은 이유로 그런 선택을 해요...","Well, these days, the kids are not the same. I don't know how many suicide reports were filed this month. I can't count. But when it comes to suicide reasons, it's all ridiculous. I'm starting with sexual pessimism, and it's my girlfriend's problem.",0.603241
... 그런 일은 아니잖습니까?,... Isn't that so?,0.561152
예... 아니죠... 저는 그냥 예를 든 거고... 근데 유서에도 써져 있잖아요. 힘들다. 더 이상 못 버티겠다. 죄송하다. 보셨잖아요. 아니 근데 그걸 우리보고 살인사건 수사하라는 듯이 원인 규명하라고 하시면 안 되죠. 저희가 심리학자도 아니고... 그렇잖아요. 예? ,"Yes ... no ... I'm just an example ... but it's written in the will. Hard. I can't stand it anymore. sorry. You saw it. No, but you can't tell us to investigate the cause as if we were to investigate the murder. We're not even psychologists ... right. Yes?",0.552735
...,...,0.000000
잠시만 기다려 주세요. 잠시 만요. ,Please wait. Wait.,0.319066
형사님...,Detective ...,0.713561
예?,Yes?,0.714435
그냥 가보겠습니다.,Let's just go.,0.571868
"야 베키! 거기서 혼자 뭐해. 일루와, 임마.","Hey Becky! What are you doing there alone? Illuwa, dude.",0.589440
야!  쟤 왜 안하던 짓하고 그래?,Hey! Why are you doing what you didn't do?,0.639892
"그냥, 냅둬. 혼자 있고 싶은가 보지.",Just leave it alone. Maybe you want to be alone.,0.649540
뭔 일 있었어?,What happened?,0.570905
뭔 일은...,Something ...,0.590137
근데 왜 그래...? 어?,But why is that ...? uh?,0.682976
뭐가 왜 그래야?,What and why?,0.428495
분위기 이상하잖아... 너네끼리 뭔 일 있었던 거 아니야?,The atmosphere is strange ... Isn't there something between you?,0.659113
그런 거 없어... ,Nothing like that ...,0.854328
... ,... ,0.000000
"야, 종 쳤어. 너네 반으로 가. 신경 쓰지말고.","Hey, I hit the bell. Go to your class. Don't mind.",0.610876
"얼른 올라가, 뭐해?","Go up quickly, what are you doing?",0.583989
무슨 일 때문에 오셨죠?,What are you doing for?,0.482895
예...,Yes...,0.714435
학부모세요?,Are you a parent?,0.600316
예... 선생님 뵙고 싶어서 그런데...,"Yes ... I want to see you, but ...",0.508785
지금 방학이라 안계시죠.,You are not on vacation now.,0.512848
...,...,0.000000
행정실로 한번 가보세요. 급한 일이시면 그쪽 가서 한번 통화라도 해보세요.,"Go to the administrative office. If it's urgent, go over there and make a call.",0.583072
어디로 가면 되죠...?,Where can I go ...?,0.402546
"예... 아니요... 그냥 제가 선생님 댁으로 찾아뵙겠습니다. 아니요... 괜찮습니다, 정말... 괜히 수고스럽게 밖에 나오실 필요는 없으세요. 예, 예... 알겠습니다.","Yes ... No ... I'm just going to visit you. No ... It's okay, really ... You don't have to go out effortlessly. Yes, yes ... I see.",0.506889
뭐하는 거야?,What are you doing?,0.624491
가방 돌려받고 싶으면 이따 찾으러 와.,"If you want to get your bags back, come here later.",0.642067
저번같이 또 안 오면 이 가방 불 질러 버릴 거니까.,"If you don't come back like last time, I'll blow this bag.",0.560091
베키! 왜 이렇게 늦게 왔어... 안 오는 줄 알았잖아... 어? 계속 기다리게 만들래?,Becky! Why did you come so late ... I thought you weren't coming ... huh? Would you like to keep waiting?,0.621454
"야, 보고 싶었잖아... 두 번 다시 이렇게 늦지마. 네 가방 태웠다.","Hey, I missed you ... Don't be too late again. I burned your bag.",0.537210
...,...,0.000000
"뻥이야, 임마. 내가 설마 네 가방을 버렸겠냐? 친구 가방을...어?","That's it, dude. Did I ever throw away your bag? A friend's bag ... uh?",0.602582
어... 어...,Uh ... Uh ...,0.750000
야... 베키...,Hey ... Becky ...,0.758934
어...,uh...,0.750000
재밌어?,fun?,0.463706
...,...,0.000000
재밌냐고... 왜 실실 쪼개? 어?,It's fun ... Why split the thread? uh?,0.614712
아니야...,no...,0.232072
"아니야? 너 존나 싸가지 없다? 아니라니 지금 목격한 눈이 몇 갠데...? 어?  여기 눈알이 하나, 둘, 셋, 넷, 이 새끼는 안경 꼈으니까 눈알 네 개 해서 여덟,..","no? Are you so damn cheap? No, how many eyes have you seen now? uh? One eyeball, two, three, four, this cub is wearing glasses, so four eyeballs, eight.",0.520077
어? 또 쪼개네?,uh? Split again?,0.697522
...,...,0.000000
내가 웃기냐? 왜 시발 실실 쪼개냐고? 어?,Am I funny? Why split the fuck? uh?,0.494196
...,...,0.000000
"시발 실실 쪼개지마... 왜 그래, 내가 웃기는 놈이 된 거 같잖아... 어?","Don't break the fuck ... Why, you think I'm a funny guy ... huh?",0.462500
같은 반 친구들하고 면담도 해보고 했지만 마땅히 추측할만한 얘기는 없더라고요.,"I had an interview with my classmates, but there was no reason to guess.",0.509949
... 혹시 제가 그 친구들을 만나볼 수 있을까요?,... Can I meet them?,0.298363
글쎄요...,I do not know...,0.601648
...,...,0.000000
"애들이 마음 추스린지 얼마 안돼서... 약간은 걱정이 되네요... 이제 조금 있으면 수능이고, 공부도 해야 되는 상황이라 잘 생각해보셨으면 좋겠네요. ",It's been a while since the kids were feeling cold ... I'm a little worried ... I hope that you can think about it because it's a college entrance exam and you need to study.,0.616796
...,...,0.000000
"제가 애들 면담도 해봤지만, 만나봐야 그렇게 크게 도움이 안 되실 거예요... ","I've had interviews with the kids, but seeing them won't help you so much ...",0.519194
... 기태는 면담을 했었나요?,... Did Gi-tae interview?,0.487005
면담을 하긴 했는데 별 특별한 점은 없었어요. 저도 너무 당황스럽네요... 뭔가 말씀을 드리고 싶지만...,"I had an interview, but there was nothing special. I'm so embarrassed ... I want to tell you something ...",0.501602
계속 특별한 점 없다고만 말씀하시는데... 담임선생님이신데 어느 정도 애가 달라진 건 알 수 있지 않나요... 평소하고...,"You keep saying that there's nothing special ... You're the homeroom teacher, but can't you tell me how much the child has changed ... as usual ...",0.601267
...  ... 솔직히... 저도 똑같은 얘기를 묻고 싶네요.,... ... Honestly ... I want to ask the same thing.,0.542342
...,...,0.000000
기태하고 상담 할 때 보면 항상 아버님에 관한 얘기는 잘 못하더라고요. 기태가 어렸을 때 어머니도 여의고 해서 아버님하고는 굉장히 가까울 거라 생각 했거든요...,"When I talked about it, I wasn't always good at talking about my father. When I was young, my mother also thought that I would be very close to my father because of my high school ...",0.565671
... 무슨... 뜻이죠?,... What do you mean?,0.610184
예?,Yes?,0.714435
무슨 뜻으로 그런 말씀을...,What do you mean ...,0.454287
아... 그냥 생각이 나서 말씀 드리는 겁니다.,Ah ... I'm just thinking and telling you.,0.564476
제가 이해력이 부족한 가 봅니다.,I think I lack understanding.,0.617730
무슨 뜻인지 제가 이해를 못해서 그런데 설명 좀 해주시죠.,"I don't understand what you mean, but please explain.",0.571423
"아, 아닙니다.","Oh, no.",0.285572
제가 잘 이해를 못했습니다. 설명 좀 부탁드릴게요.,I did not understand well. I'd like some explanation.,0.600055
...,...,0.000000
뭐해? 마시라고 준건데...,What are you doing? I was told to drink ...,0.570625
"아, 예... ","Ah, yes ...",0.793857
장례식 때 왔었지?,Did you come to the funeral?,0.619488
예... 하루... 발인 때 갔습니다.,Yes ... one day ... I went when it was.,0.632891
솔직히 장례식 때는 정신이 없어서 누가 누군지 기억은 못해. 낯은 익지만...,"Honestly, at the funeral, I'm insane and I don't remember who it is. It's familiar but ...",0.687530
그렇죠... 애들도 많고 하니까... 근데 어떻게 저를 알고 이렇게 연락을...,Right ... Because there are a lot of kids ... But how do you know me and contact me like this ...,0.682553
담임선생님 만났어. 반 애들 연락처 물어봤어. 그중에서 몇 명하고 통화하니까 너가 기태하고 친했다고 하더라고...,"I met my homeroom teacher. I asked the classmates' contact information. I talked to a few of them, and you said that you were friendly and friendly ...",0.621140
...,...,0.000000
부담 갖지 않아도 돼... 그냥 편하게 얘기해줘.,You don't have to feel burdened ... just tell me comfortably.,0.669192
예...,Yes...,0.714435
저한테나 주변 친구들한테 내색 하는 편은 아니었어요. 워낙 저희한테 자기 힘든 걸 티내는 성격은 아니었거든요...,I wasn't expressing myself to friends around me. It wasn't because we weren't showing off our hard work ...,0.556181
... 그래... ,... okay...,0.661901
...,...,0.000000
기태가 학교를 안 나왔다고 하는데 알고 있지?,"I heard that Gi Tae didn't leave school, you know?",0.537537
예...,Yes...,0.714435
너가 기태하고 친했다고 하니까 조금이라도 알거 아니야... 그때 무슨 일이 있었는지?,"You know you're so close and friendly, so you don't know a little ... what happened then?",0.582321
저도 기태가 왜 학교에 갑자기 안 나왔는지는 모르겠어요... 어느 날부터 조금 달라지기는 했어요...,I don't know why Gi-tae didn't come to school suddenly ...,0.370715
달라지다니?,Is it different?,0.723934
평소 보다 말도 없어지고... 그냥 어두워 보이긴 했는데 이유는 잘 모르겠어요...,"Words are getting worse than usual ... It just looked dark, but I don't know why ...",0.534317
그래도 뭔가 짐작이라도 가는 게 없어?,Anything you can guess?,0.496604
"저희한테 전혀 내색하지 않았어요... 그냥 너무 갑작스러웠어요. 뭔가 크게 달라진 점도 없었고... 뭐 때문인지 아무리 생각해 봐도 그럴만한 점은 없었어요... 성적에 대한 부담감을 농담 비슷하게 얘기한 적이 있긴 한데, 그런 게 영향이 있었을 같지는 않고...","He didn't express us at all ... it was just too sudden. Nothing has changed significantly ... No matter how much I think about it, there's nothing to do with it ... I've told you a joke about the pressure on grades, but I don't think it might have affected ...",0.568558
...,...,0.000000
그리고 기태가 저한테 이런 얘기도 한 적이 있어요. 자기는 다른 애들하고 틀린 거 같다고. 그게 뭐냐고 물었는데... 그냥 틀리다고만 얘기했어요... 무슨 뜻으로 그런 얘기를 했는지 모르겠어서 계속 그 얘기가 기억에 남았어요.,"And Kee-tae told me this. You seem to be wrong with the other kids. I asked what it was ... I just said it was wrong ... I didn't know what I was saying, so I kept remembering it.",0.483852
그게 기태 일이 있기 얼마 전이었니?,How long before that happened?,0.557379
예...,Yes...,0.714435
...,...,0.000000
"아버님, 저한테 핸드폰 잠시 주실 수 있으세요?","Father, can you give me a cell phone for a while?",0.579304
이 번호로 한번 전화해보세요. 기태 일이 있기 얼마 전에 전학 간 친군데... 이 친구라면 뭔가를 얘기 해 줄 거예요.,"Call this number once. It's been a long time ago before I was transferred, but this friend will tell you something.",0.565462
... ,... ,0.000000
한창 공부중인데 이렇게 찾아와서 미안하다.,"I am studying in full swing, but I am sorry to come here.",0.575313
아닙니다...,no...,0.183469
이제 고3 올라가니까 많이 바쁠 거 아니야...?,It's not going to be very busy since you're going up 3 ...?,0.680238
"그냥, 괜찮아요.",Just fine.,0.496935
개학이 언제지...?,When does school start ...?,0.606414
한 1주일 정도 남았어요.,About a week left.,0.483710
기태 사진들 보니까 너하고 찍은 사진이 많더라고. 너하고 한명 더 있었는데... 누군지 모르겠고.,"Looking at the existing pictures, there were many pictures taken with you. There was one more with you ... I don't know who it is.",0.635707
다른 친구는 동윤이에요...,The other friend is Dongyun ...,0.462259
동윤이?,Dongyoon?,0.000000
예...,Yes...,0.714435
"야, 이제 내 차례 아니야!?","Hey, it's not my turn now !?",0.651571
마지막! 마지막! 진짜!,Last! Last! Really!,0.488279
못 찾겠어∼ 그냥 공 새로 사지...,I can't find it ~ I just buy a new ball ...,0.604795
"병신아, 그런 소리 하지 마. 기태가 존나 아끼는 거야.","Byeongshin, don't say that. Gi-tae is very much spared.",0.492968
야구공을? 왜?,Baseball? Why?,0.525411
보경이가 그렇게 좋냐?,Is Bo-kyung so good?,0.376611
아니라고 몇 번을 얘기해.,Say some times no.,0.488991
"뭐가 또 아니야... 이 새끼, 계속 아니래.","What else is not ... This bitch, I'm not.",0.578053
이번 주에 월미도나 갈래? 다같이? 보경이하고 걔 친구들도 같이.,Wanna go to Wolmido this week? Together? Bokyung and her friends are together.,0.536371
좋지! 가자가자!,"good! Let's go, let's go!",0.549068
"베키, 어때?","Becky, how are you?",0.623591
가던가...,I'm going ...,0.669026
"미친 새끼, 존나 태연한 척 하네.","Crazy motherfucker, pretend you're sore.",0.627445
티 나냐?,Is it me?,0.702637
"티 존나 나, 병신아! 으이그～","T. Jonah, you asshole! Ugh ~",0.618871
"야, 세정이도 오겠지...?","Hey, cleaning will come ...?",0.606520
몇 번을 얘기해! 세정이도 올 거라고. 이제 보니까 너 존나 이상하다?,Talk a few times! Washing will come. Now you see it's weird?,0.502166
"뭐가, 새끼야?","What is it, baby?",0.621093
네 욕심 채우려고 가자는 거 아니야?,Aren't you going to fill your greed?,0.538913
"아니야, 임마! 뭐니 뭐니 해도 베키를 위해서지...","No, dude! Anything, anything, for Becky ...",0.451427
웃기지마! 너 세정이 때문에 그런 거잖아!,Do not be ridiculous! That's because you are cleaning!,0.627206
"뭐, 나랑 세정이랑 잘 되도 나쁠 거 없잖아...","Well, it doesn't have to be bad if it works well with me ...",0.656426
"이 새끼, 이제 본심을 드러내내.","This bastard, now reveal your true heart.",0.612811
"적극적으로 나서봐. 우물쭈물 하다보면 기회 놓지는 거야, 임마!","Be active. If you do not hesitate, you will lose your chance, man!",0.551421
알았어.,Ok,0.520066
동윤이 새끼 봐. 존나 적극적이잖아. 너가 동윤이 반만 해봐. 벌써 성공했지.,Look at Dong-yoon. It's fucking aggressive. You are only half dongyun. Already successful.,0.528268
알았어... 잔소리 좀 그만해. 엄마 같잖아!,Okay ... Stop nagging. You look like a mother!,0.629226
"새끼야, 엄마라 불러.",Call me mother.,0.526321
야! 빨리와!! 늦었다고!!,Hey! come fast!! It's late !!,0.642013
알았어! 가!,Ok! end!,0.707856
"저 새끼, 또 지랄이야!","That motherfucker, it's damn good again!",0.540777
가자고 몇 번을 얘기해.,Tell me a few times to go.,0.556430
"닥쳐 병신아! 재촉 좀 하지마, 새끼야!","Shut up! Don't rush me, baby!",0.460459
"야, 이거 뭐 우리 동네 중국집하고 큰 차이 없잖어.","Hey, this is not a big difference from my local Chinese house.",0.647819
"그냥 닥치고 먹어, 임마. 맛만 있구먼...","Just shut up and eat, dude. It tastes good ...",0.606984
이게 맛있냐? 어?,Is this delicious? uh?,0.733028
왜? 난 맛있는데...,Why? I'm delicious ...,0.604224
"야, 니네 둘이 이럴 거야? 둘이 그렇고 그렇다 이거야, 뭐야!?","Hey, are you two going to be like this? The two are the same, this is it, what is it?",0.673483
뭔 헛소리야? 아니야!,What are you talking about? no!,0.692938
아니라고? 근데 너 왜 동윤이 옹호 해?,No? But why do you defend Dongyun?,0.426844
내가 언제 동윤이 옹호 했는데? 맛있다고 밖에 더했어...,When did I defend Dongyun? I added that it was delicious ...,0.560437
그게 동윤이 옹호 한 거지.,That's what Dongyun advocated.,0.513992
"야야! 됐고, 닥치고 빨리 먹고 월미도 가자.","Hey! Alright, shut up, eat fast, and let's go to Wolmi.",0.562481
기태야...,It's Gitae ...,0.606515
기태야.,It's Gitae.,0.606515
어?,uh?,0.750000
이거 맛있어. 한번 먹어봐.,This is delicious. Try it once.,0.621080
어... 어... 알았어...,Uh ... Uh ... Okay ...,0.594009
군만두도 아직 안 먹었지...?,I haven't eaten any dumplings yet?,0.715520
"먹어봐봐. 군만두는 진짜 괜찮어, 여기...","Try it. The dumplings are really okay, here ...",0.503826
왜 그래?,What is it?,0.821391
...어?,...uh?,0.000000
뭐하는 거야 지금?,What are you doing now?,0.567672
...어?,...uh?,0.000000
뭐하는 거냐고?,What are you doing?,0.558561
...,...,0.000000
너 희준이 질투심 느끼라고 나한테 이러는 거야? 어?,Are you doing this to me to make him feel jealous? uh?,0.574992
"야, 야, 분위기 왜이래? 아줌마, 여기 사이다 한 병만요∼","Hey, hey, why is this? Aunt, just a bottle of cider here ~",0.552839
"야, 빨리 먹고 나가자! 이러다 해 지겠다.","Hey, let's eat fast! I will do this.",0.540219
쟤네 둘 사귀어? 뭐야? 계속 둘만 붙어 다녀.,Are they dating? what? I keep sticking together.,0.590951
베키랑 기태?,Becky and Gitae?,0.656892
어... 근데 왜 희준이 보고 베키라고 불러?,Uh ... But why does Hee-jun see Becky?,0.465307
백희준이니까. 베키지.,It's Baek Hee-jun. Becky.,0.483988
"뭐야, 그게! 유치하게... 어이없어, 진짜!","What is that! Childishly ... absurd, really!",0.547770
뭔 헛소리야? 병신아!,What are you talking about? You asshole!,0.659185
진짜로... 보경이 너한테 관심 있는 거 같다고...,Really ... I think Bokyung is interested in you ...,0.503749
"야, 너 왜 이렇게 순진하냐? 어?","Hey, why are you so naive? uh?",0.435813
...,...,0.000000
"야, 쟤 완전 여우야. 임마! 일부러 너 질투심 느끼라고 그런 거라니까. 어? 모르겠어?","Hey, she's a fox. Hey! It's because you deliberately feel jealous. uh? I do not know?",0.582399
... 모르겠어...,... I do not know...,0.518742
으이구! 병신아!,Ugh! You asshole!,0.616483
아아아아!!! 야야야!! 놔!!,Ahhhhhhh !!! Hey hey hey!! Let it go !!,0.572517
"그냥 제가 부족한 부분이 있으면 챙겨주고 그랬어요. 기태가 공부도 잘하니까 제가 모르는 거 있으면 가르쳐도 주고, 또 힘이 있으니까 기태 덕에 편하게 학교생활 할 수 있었어요. 기태랑 친하니까 아무도 안 건들더라고요...","Just take care of what I lack, and I did. Gitae is also good at studying, so I can teach you anything I don't know, and because I have strength, I was able to comfortably live in school. No one touched me because I'm close to Gitae ...",0.592712
힘이 있다는 게 무슨 얘기니?,What are you talking about having power?,0.649436
그냥... 애들이 함부로 하지는 못했어요... 다른 애들이 함부로 할 만큼 약하지 않았어요...,I just ... the kids weren't careless ... they weren't weak enough to make other kids careless ...,0.583052
기태한테 그런 면이 있었다는 게...,That Gitae had that aspect ...,0.499469
...,...,0.000000
솔직히 조금 생소하다. 기태가 보통 집에서는 말이 많거나 하지는 않거든... 그래서 그런지 너가 지금 하는 얘기들이 낯설게 느껴져. 난 도리어 기태가 학교에서 애들 사이하고 잘 지내는지 많이 걱정했었거든. 집에 있을 때 기태가 자기 친구들을 데리고 오는 경우도 본적이 없고...,"Honestly, it is a bit unfamiliar. Gi-tae usually doesn't talk or talk at home so much, so I feel strange about what you're talking about right now. I was really worried that Gitae was getting along with the kids at school. I have never seen Gi-tae bring her friends while at home ...",0.578816
저도 가본 적은 없긴 한데... 그냥 불편했던 거 같아요. 친구들이 자기 집에 오는 게... 근데 기태가 저희 집이나 동윤이 집에서는 같이 많이 놀았거든요...,"I haven't been there, but ... I think it was just uncomfortable. Friends coming to their house ... But Gitae played in my house or Dongyun's house a lot ...",0.509512
그랬었구나...,You did ...,0.476343
저도 부모님하고 있을 때 모습하고 친구들 하고 있을 때 모습이 틀려요. 기태뿐만 아니라 아마 다 그럴 거예요.,"When I'm with my parents, when I'm with my friends, when I'm with my friends, I look wrong. Not just the default, but probably all.",0.670335
그럼 기태가 학교에서 전혀 문제는 없었던 거니?,"So, did Ki-tae never have any problems at school?",0.541140
예... 제가 전학가기 전까지는 그럴만한 일은 전혀 없었어요..,Yes ... There was nothing like that until I was transferred ...,0.584489
기태 일이 있기 몇 주 전에 전학 갔잖아...,You were transferred a few weeks before anything happened ...,0.625623
예.,Yes.,0.714435
방학도 얼마 안남은 상황에서 급하게 이사 갔잖아...,You moved in a hurry with your vacation shortly ...,0.528230
그냥 집안 사정 때문에 이쪽으로 오게 된 거에요. 저는 재호가 아버님께 왜 저한테 가보라고 한 건지 잘 이해가 안가요... 기태 일이 있기 거의 몇 주 전에 전학 간 거여서 전혀 아는 게 없었거든요...,"I just came here because of my family circumstances. I don't understand why Jaeho asked my father to go to me ... Because I was transferred almost a few weeks ago, I didn't know anything at all ...",0.586971
그럼 기태랑은 전학 간 뒤로는 아예 본적은 없는 거고?,"Then, haven't you seen Ki Tae-rang since you transferred?",0.556340
전학가고 며칠 뒤에 제가 사는 아파트 단지 입구에서 기태가 저를 기다리고 있었어요. 그때 잠깐 인사하고는 그 뒤로 본적은 없어요.,"A few days after my transfer, Gitae was waiting for me at the entrance of my apartment complex. I said hello for a moment and I haven't seen it since.",0.640445
그때 뭔가 이상한 점 없었고?,Was there anything strange at that time?,0.693771
그냥... 이런 저런 얘기를 했는데. 별로 달라보이지는 않았어요. 그냥 짧게 얘기 했어요. 제가 전학 가니까. 작별 인사 하려고 온 거 같았어요. 평소하고 같았어요.,I just ... I said something like this. It didn't look very different. I just said it briefly. I'm transferring. It seemed to be saying goodbye. It was the same as usual.,0.615566
...,...,0.000000
재호 말로는 기태가 성적에 부담을 느꼈다고 하는 거 같던데...,"In Jaeho's words, it seemed that Gitae felt burdened with his grades ...",0.553860
재호가요?,Jaeho?,0.000000
응.,Huh.,0.592923
"솔직히... 그건 아닌 거 같아요. 그런 걸로 부담 느낄 애는 아니었어요, 저도 기태가 왜 그런 선택을 했는지 정말 이해가 안갔어요. 그래서 장례식 때 애들한테 물어보기도 했는데 그냥 어느 날 갑자기 학교를 안 나왔다고만 하더라고요. 분명 기태한테 말 못 할 만큼 큰일이 있었을 거라 생각이 들어요. 충동적으로 그런 선택을 할 애는 아니거든요.","Honestly ... I don't think so. I wasn't a kid who would feel burdened with that, and I really didn't understand why Gitae made that choice. So, at the funeral, I asked the kids, but they just said that they didn't go to school one day. I think there must have been something big enough that I couldn't tell Gi-tae. I'm not impulsively making that choice.",0.585946
사진 속에 있던 다른 친구는...,The other friend in the picture ...,0.597594
예...,Yes...,0.714435
동윤인가?,Is it Dongyun?,0.516116
예..,Yes..,0.714435
그 친구도 장례식 때 있었고?,Was he also at the funeral?,0.588777
아니요.,no.,0.232072
친했다며...,I was close ...,0.458295
"예... 그날도 안 왔고, 잘 모르겠어요... 연락이 안돼요...","Yes ... I didn't come that day, I'm not sure ... I can't contact you ...",0.689108
좀 얘기 해 줄 수 있니? 그 친구에 대해서...,Can you tell me a bit? About that friend ...,0.554726
"동윤이는... 기태하고 동윤이는 중학교 때부터 친구였고, 저 같은 경우는 고등학교 와서 기태하고 같은 반 되면서 친해졌어요...",Dongyun was ... Tae-tae and Dong-yoon had been friends since middle school.,0.359921
동윤이라는 친구도 같은 반이었고...?,Dongyun's friend was in the same class ...?,0.505653
"아니오... 그 친구는 이과라서 같은 반이었던 적은 한 번도 없어요. 그냥 기태 소개로 동윤이 하고도 친해졌고, 그러면서 셋이 같이 놀게 됐어요. 그렇게 셋이 친해졌지만, 동윤이하고 기태 사이는 특별했어요.","No ... He's a science class, so he's never been in the same class. I just became familiar with Dongyun through the introduction of Gitae, and the three of them played together. The three became close, but Dongyun and Gi Tae were special.",0.576566
특별하다니?,Is it special?,0.667773
다른 애들과는 틀렸어요. 기태한테 동윤이는... 저같은 경우는 고등학교 친구고... 그래서 저는 정말 친했어도 한편으로는 벽이 있었어요...,"It was wrong with the other kids. Dong-i Dong for Ki-tae ... In my case, I'm a high school friend ... So even though I was really close, there was a wall on the other hand ...",0.561192
...,...,0.000000
"하지만, 동윤이는 기태하고 유일하게 대등하게 얘기할 수 있는 사이였어요.","However, Dongyun was in a state of exclusion and the only one who could speak equally.",0.644437
...,...,0.000000
기태한테 동윤이는 저나 다른 애들과는 틀렸어요... 동윤이라면 알고 있을 거에요. 동윤이라면 아버님이 원하는 이야기를 해 줄 수 있을 거예요.,"To Dong-tae, Dong-yoon is wrong with me or the other kids ... You know, Dong-yoon. If you are Dongyun, you can tell me what your father wants.",0.465817
...,...,0.000000
"미친 새끼, 지네 집에서 휴지 달라고 핸드폰으로 전화를 하냐?","Crazy motherfucker, are you calling on your cell phone to ask for a tissue at your house?",0.648189
"조용히 해, 밖에 애들 있잖아!","Be quiet, there are kids outside!",0.682129
"알았으니까, 빨리 닦고 나와! 냄새 존나 나.","Okay, wipe it out quickly! It smells bad.",0.552537
"아, 재미없다.","Oh, it's not fun.",0.596562
마실래?,Would you like to drink?,0.453947
됐어. 근데 부모님 언제 오시냐?,done. But when are your parents coming?,0.703156
내일이나 오겠지.,It will be tomorrow.,0.588129
그럼 오늘 너네 집에서 잔다. 어?,Then I sleep at your house today. uh?,0.683466
...,...,0.000000
"대답이 없냐? 야, 뭔 일 있어? 왜 말을 안해, 새끼야?","No answer? Hey, what's going on? Why don't you talk, bastard?",0.539988
알았어...,Okay ...,0.520066
가서 보경이하고 얘기도 좀하고 그래.,Let's go and talk to Bokyung.,0.474226
...,...,0.000000
"또 말이 없네? 아, 새끼 진짜.","Nothing else? Oh, really.",0.528054
... 방안에서 무슨 얘기 나눈 거야?,... What were you talking about in the room?,0.609851
응? 뭔 소리야?,Huh? What are you talking about?,0.446023
아까 보경이하고 방안에서 얘기하던데...,I was talking with Bokyung in the room ...,0.435856
봤어?,saw?,0.349342
봤으니까 묻지...,I saw it and asked ...,0.635077
"아, 그냥 별 얘기 안했어.","Oh, I just didn't say anything.",0.754635
...,...,0.000000
너 이상한 생각 하는 거 아니지?,Aren't you thinking weird?,0.547248
이상한 생각할 거 뭐있냐?,Is there anything strange to think about?,0.739539
"야, 오해하지마라. 진짜! ","Hey, don't get me wrong. Really!",0.604760
내가 뭐라고 했어? 왜 도둑이 제발 저려?,What did I say? Why are thieves please?,0.456693
...,...,0.000000
...,...,0.000000
생각해보니까 기분 나쁘네. 도둑이 제 발 저리다니... 뭔 뜻이야?,I feel bad when I think about it. The thief is stepping on me ... What do you mean?,0.674728
왜...?,Why...?,0.802358
뭔 뜻으로 그런 얘기를 해?,What do you mean by that?,0.518315
별 뜻 없어...,It doesn't mean anything ...,0.684663
"야, 너 제발 좀 그러지 마라!","Hey, please don't do that!",0.555123
머리 좀 만지지마. 제발...,Don't touch your head. please...,0.531171
... 얼∼ 많이 컸다? 베키. 많이 컸어.,... how big was it? Becky. It was very big.,0.629145
그런 식으로 얘기 하지 마. 내가 니 부하냐?,Don't talk like that. Am I your subordinate?,0.600182
"왜 그래? 장난이야, 임마.","What is it? It's a joke, man.",0.658168
...,...,0.000000
그래도 엄마가 공부하라고 하는 거 보다는 낮잖아!,It's still lower than what my mom told me to study!,0.576943
넌 아예 학원도 안 다니 잖어.,You don't even attend academy at all.,0.653328
"차라리 공부를 하지... 시발. 주말마다 뭐냐, 그게?","I'd rather study ... fuck. What is it every weekend, what is it?",0.563143
돈도 받고 좋지 뭐!,It's good to get paid!,0.542063
"야, 존나 빡쎄. 엄마 꽃가게 일.. 존나 짜증나!","Hey, damn it. Mom's flower shop .. it sucks!",0.539401
배부른 소리한다!!,It sounds full !!,0.535160
"얜 몰라, 공부하라는 스트레스 안 겪어봐서..","I don't know, I didn't have the stress to study ...",0.561372
"꽃꽂이 해, 너랑 존나 잘 어울려∼ 딱이야!","Arrange the flowers, and you'll go great with you ~ Perfect!",0.689634
"아, 나도 엄마랑 꽃꽂이 하고 싶다!","Ah, I want to flower arrangement with my mom too!",0.619410
"나도, 나도.",me too.,0.433112
너네들이 정말 덩 싸는 소리 하느라 수고가 많다.,There is a lot of work for you guys to really shout out.,0.598411
"야, 야, 어제 존나 어이없는 일 있었던 거 알어?","Hey, hey, you know what happened yesterday?",0.581546
뭔데?,What?,0.401917
굴다리 쪽에서...,On the bridge ...,0.495678
어...,uh...,0.750000
중삐리 새끼들이 대낮에 모여서 담배 피는게 말이 되냐? 새파란 새끼들이 여자 끼고.,Does it make sense for the chicks to gather and smoke in the middle of the day? The blue chicks are wearing women.,0.680316
"진짜? 야, 우린 뭐냐?","Really? Hey, what are we?",0.549627
가만히 냅뒀어?,Did you leave it still?,0.532608
존나 봤지!! 근데 새끼들이 존나 꼴아보는 거야? ,I saw it! But are the pups looking at me?,0.532803
너를?,you?,0.382456
"어... 어! 근데 쪽수 세어보니까 한 7명 되나? 괜히 잘못 했다가 쪽 당할 거 같아서 지나가려고 하는데, 생각해보니까 존나 열 받는거야 시발...","Uh ... Uh! By the way, how many seven people do you count? I'm going to pass because I think I'm going to do something wrong, but when I think about it, I'm getting furious.",0.588641
그래서 어떻게 됐는데? 그냥 내버려뒀어?,So what happened? Did you just let it go?,0.582968
...,...,0.000000
왜 얘기를 하다 마라? 어? 어떻게 됐는데?,Why don't you talk? uh? How did it go?,0.576574
잠깐 화장실 갔다 올게.,I'm going to the bathroom for a moment.,0.535314
...,...,0.000000
아까 왜 그런 거야?,Why is that?,0.494588
뭐가...?,what...?,0.440278
아까 너네끼리 시선 주고받았잖아.,You exchanged eyes with each other.,0.593942
무슨 소리야?,What are you talking about?,0.530164
아까 너네끼리 시선 주고받았잖아...,You exchanged eyes with each other ...,0.593942
...,...,0.000000
내가 바본 줄 아냐?,Didn't I see you,0.543795
...,...,0.000000
여기서 싸대기 맞기 싫으면 그냥 얘기해.,"If you don't want to be in here, just talk.",0.564661
... ,... ,0.000000
...,...,0.000000
애들끼리 있을 때 얘기한 거 때문에...,Because of what I said when the kids were ...,0.641740
무슨 얘기?,What are you talking about?,0.469748
너가 애들끼리 부모님 관련된 얘기가 나오면 아무 말도 안한다고... 아무 말도 안하다가 다른 걸로 화제를 돌린다고... 근데 그 얘기한지 얼마 안돼서 너가 또 그래서... 그래서...,"When you hear a story about your parents between your kids, they say nothing ... They say nothing and then turn the topic to something else.",0.477342
그래서 너네끼리 눈빛 주고받은 거야? 비웃듯이?,So did you exchange your eyes? Like laughing?,0.572012
비웃은 거 아니야. 그냥 어쩌다... 진짜 어쩌다...,I'm not laughing at you. Just what ... really what ...,0.546620
그래서 희준이랑 눈빛 주고받은 거냐고?,"So, did you exchange your eyes with Heejun?",0.588148
...,...,0.000000
"얘기 해봐, 시발.","Tell me, fuck.",0.497572
세정이 때문에 우리는 아예 신경도 안 쓰잖아.  그치?,"Because of this, we don't even care. Is not it?",0.578594
...,...,0.000000
무슨 소리야. 똑같애.,What are you talking about. Same.,0.621233
"야, 최근 일주일동안 너랑 이렇게 집에 같이 간적 없잖아.","Hey, I haven't been home with you in the last week.",0.523377
"알았으니까, 오랜만에 야구나 할래?","Okay, after a long time, do you want to play baseball?",0.604910
됐어. 얼굴에 세정이 보고 싶다고 써져있어.,done. It says that I want to see the cleansing on my face.,0.715636
"아니야, 임마. 야구하러 가자...?","No, dude. Let's go to baseball ...?",0.591277
...,...,0.000000
"그래, 그럼 간만에 캐치볼 하자.","Yes, then let's catch the ball in a while.",0.710522
"기태야, 왜 이렇게 말이 없냐? 오늘따라...","Gitae, why are you so silent? Today, depending...",0.616756
별로 할 말이 없네.,I have nothing to say.,0.526760
한 가지 얘기하고 싶은 게 있긴 있다. 베키.,There is one thing I want to talk about. Becky.,0.618580
어?,uh?,0.750000
"넌 집에 가면 어머니가 밥해주고, 공부하라고 얘기해주지...","When you go home, your mother will cook and tell you to study ...",0.524067
... 왜 그래?,... What is it?,0.821391
난 집에 가면 내가 밥 해먹어. 내가 알아서 다 해... 어머니가 안 계시잖아.,"When I go home, I eat. I take care of it ... You don't have a mother.",0.522577
...,...,0.000000
"그 정도야, 그 정도가 내가 얘기할 수 있는 우리 부모 관련된 얘기야. 됐지?","That's it, that's about my parents that I can tell. Okay?",0.496828
...,...,0.000000
갑자기 왜 그래...?,Why suddenly ...?,0.514377
됐냐고? ,Okay?,0.270492
...,...,0.000000
나 일 있어서 먼저 간다.,I go to work first.,0.501356
왜 저래?,Why is that?,0.733120
벌써 가게?,Already go?,0.630112
"그냥, 오늘은 공부가 안되네...",I just can't study today ...,0.605996
내일 올 거지?,Will you come tomorrow?,0.577631
"그래야지.  갈게, 내일봐.","I should. I'll go, see you tomorrow.",0.618693
"어, 가.","Uh, go.",0.833333
"아버님, 아직 안가셨어요?","Father, have you been there yet?",0.538216
생각보다 금방 나왔네.,It came out sooner than I thought.,0.549120
"그냥, 공부도 안 되고 해서 집에 들어가려고요.",I just want to go home because I can't study.,0.611263
"나 때문에 그러니, 미안하다..","So for me, sorry.",0.533788
아닙니다... 혹시 더 하실 말씀이라도...,No ... if you have more to say ...,0.418412
다른 건 아니고...,Nothing else ...,0.634403
예...,Yes...,0.714435
"아까 가르쳐준 동윤이라는 친구 핸드폰으로 전화 해봤는데, 꺼져 있더라고...","I called Dongyun's friend's cell phone that I taught you before, but it was off ...",0.486907
"아, 저도 연락 안한지 좀 돼서요...","Oh, I haven't been contacted since ...",0.593404
"이런 부탁해서 정말 미안한데, 동윤이 하고 연락 할 수 있게 네가 도와줬으면 좋겠다.","I'm really sorry to ask you to do this, but I hope you can help me to contact Dongyun.",0.499747
... 저도 어떻게... 연락 할 수 있는 방법이...,... how do I ... how can I contact you ...,0.591247
주변에 친구들도 있을 거고...,There will be friends around ...,0.510083
...,...,0.000000
부탁할게...,Please...,0.477104
...  알겠습니다. 제가 한번 알아볼게요.,...  Okay. I'll recognize it once.,0.543314
고맙다.,Thank you.,0.453802
아니에요. 저도 이대로는 마음이 불편했는데... 걱정하지 마세요. 연락 닿는 데로 바로 아버님께 전화 드릴게요.,No. I was uncomfortable like this ... Don't worry. I will call my father as soon as I get in touch.,0.496372
"그래? 학교를? ... 왜? 언제부터? ... 어... 그럼 동윤이랑 연락이 아예 안 되는 거야? 어... 어.. 혹시 너랑은 연락이 되나 해서... 아, 집 번호? 아니야, 나도 있어.. 그려... 만약에 연락 되면 나한테도 전화 좀 주라. 부탁할게. 그래 고맙다. 그래, 응...","okay? School? ... Why? Since when? ... Uh ... Then can't you contact Dongyun at all? Uh ... Uh ... I was wondering if I could contact you ... Oh, house number? No, I have it too ... draw ... If you get in touch, please call me. Please. Yes thank you Yes, yes ...",0.573490
"베키, 너가 망봐.","Becky, you're ruined.",0.717878
"야, 베키 씹냐? 망보라니까.","Hey, do you chew Becky? It's a mess.",0.535757
뭐?,What?,0.568396
너 어차피 담배도 안 피잖아. 어?,You don't smoke anyway. uh?,0.553060
"아, 진짜...",Oh really...,0.698234
"야, 표정 풀고 망봐. 새끼야.","Hey, look up and look down. Baby.",0.572257
"야, 야, 장난이야. ","Hey, hey, it's a joke.",0.512949
...,...,0.000000
장난이라니까...,It's a joke ...,0.474534
알았다고... ,Okay ...,0.411148
"야, 삐졌냐? 왜 그래?","Hey, are you upset? What is it?",0.539101
됐어...,done...,0.565709
"야, 화풀어. 미안해...","Hey, get angry. Sorry...",0.476654
알았어...,Okay ...,0.520066
응? 미안해. 진짜.,Huh? Sorry. Really.,0.627928
알았으니까 좀... ,"Okay, so ...",0.426945
...,...,0.000000
먼저 들어갈게... ,I'll go in first ...,0.590929
"아, 시발 진짜!","Ah, fuck you real!",0.618257
...,...,0.000000
내가 미안하다고 그랬지.,I said sorry.,0.442684
내가 미안하다고 했잖아. 어? 왜 그런 건데?,You said I was sorry. uh? Why is that?,0.488629
알았다고 했잖아.,I told you I knew it.,0.564062
알았다고 하면 다냐?,Is it all you say?,0.464196
...,...,0.000000
인상 안 풀어?,Aren't you impressed?,0.490239
...,...,0.000000
인상 풀라고 새끼야!,Get the impression off!,0.621060
"시발, 진짜. 좆같은 새끼가...","Fuck, real. Fucking motherfucker ...",0.626275
전화 안받는데.,I'm not answering the phone.,0.593702
그래?,okay?,0.661901
"베키, 뭔 일 있는 거 아니야?","Becky, isn't there something going on?",0.700059
별일 없겠지...,Nothing wrong ...,0.500432
뭐 이렇게 하루 종일 자냐? 어?,What do you sleep all day? uh?,0.509306
고개 들어. 이 시발 놈아.,Lift your head. This fucker.,0.623486
"예, 지금 와있거든요. ... 아니에요, 괜찮아요.","Yes, I am here now. ... No, it's okay.",0.511383
"제가 하고 싶어서 이러는 거예요. ... 아니에요 아버님, 안 오셔도 돼요. 만나게 되면 바로 연락드릴게요. 예... 예... 걱정하지마세요. 예... 끊을께요. 예...","I'm doing this because I want to. ... No, Father, you don't have to come. I will contact you as soon as I meet you. Yes ... yes ... don't worry. Yes ... I will quit. Yes...",0.586195
오랜만이다.,A long time.,0.481957
"어, 오랜만이야.","Uh, it's been a long time.",0.566776
잘 지냈냐?,How are you?,0.453354
왜 불렀어?,Why did you call it?,0.563481
동윤이 어디 있는 줄 알어?,Do you know where Dongyun is?,0.421878
고작 그거 물어보려고 다짜고짜 불러낸 거야?,Did you just call it out to ask?,0.484772
동윤이 어디 있는데?,Where is Dongyun?,0.258613
... 몰라... 내가 그걸 어떻게 알어. 어?,... I don't know ... how do I know that. uh?,0.562233
기태 아버님 만났어... 알지?,"I met your father, Giah ... You know?",0.505981
... 얘기는 잘했냐?,... Did you talk well?,0.617594
전학 간 내가 뭘 안다고 내 번호를 가르쳐 드려...?,I'm going to teach you my number what I know ...,0.480744
"아니, 아버님이 기태에 대해서 오해하고 계신 거 같으니까... 너가 제일 잘 알잖아, 기태는...","No, I think your father is misunderstanding about Gitae ... You know best, Gitae is ...",0.541794
무슨 소리야?,What are you talking about?,0.530164
아버님이 기태에 대해서 오해하고 있는 부분을 제일 잘 풀어 줄 수 있는 게 너잖아... . 기태 때문에 전학 갔고...,"You are the one who can best solve the part that your father misunderstands. Because of the default, I transferred ...",0.632558
그게 기태 죽은 거하고 무슨 상관인데...?,What does it have to do with the dead ...?,0.529944
... 그냥 아버지 오해 풀어주고 싶었어.,... I just wanted to solve my father's misunderstanding.,0.556489
무슨 일이 있었던 거야? 기태한테...,What happened? To Gitae ...,0.410194
모른다고... 그걸 내가 어떻게 알어...,I don't know ... how do I know that ...,0.539354
... 너 뭔가 알고 있으면서 왜 숨겨...?,... why do you hide while you know something ...?,0.520866
"시발, 무슨 근거로 그렇게 얘기해?","Fuck, on what grounds do you say that?",0.646362
그러면 동윤이 번호를 가르쳐 드리지 왜 내 번호를 가르쳐드려? 어? 동윤이 하고 기태하고 너네끼리 있었던 일들은 왜 숨기고?,Then Dongyun will teach you the number. Why are you teaching me my number? uh? Why are you hiding things that Dongyun did and don't have?,0.530427
"숨기는 거 없어... 나도 동윤이 번호 가르쳐 드리려고 했는데... 야, 동윤이 연락도 안 되는 애 번호 가르쳐 드려서 뭐하냐. 그나마 넌 기태에 대해서 얘기해 줄 수 있는 거라도 있지...","There's nothing to hide ... I tried to teach Dong-yun's number ... Hey, what are you doing because Dong-yun taught you the number you can't reach? Don't you tell me something about Gitae ...",0.530667
...,...,0.000000
"동윤이 새끼, 학교도 때려쳤어. 이 동네에서 본적도 없고... 봤다는 애도 없어...",Dong-yoon hit the school. I haven't seen it in this town ... I haven't seen anyone ...,0.573781
...,...,0.000000
"너 가고 나서 기태, 가관도 아니었다니까. 정상이 아니었어...",It wasn't Gi Tae or spectacles since you went. It wasn't normal ...,0.697191
...,...,0.000000
너가 제일 잘 알거 아니야? 기태 그런 모습...,Aren't you the best? It looks like that ...,0.610679
너도 마찬가지 아니냐?,Aren't you the same?,0.409117
...,...,0.000000
...,...,0.000000
아무 일 없다고... 몇 번을 얘기해.,Nothing ... Tell me a few times.,0.529190
... 진짜지...?,... is it real ...?,0.731040
왜 그렇게 생각하는데? 희준이하고 나하고 뭐 있을 거 같애?,Why do you think so? What do you think Heejun and Me are doing?,0.568658
"그냥 요즘 좀 달라진 거 같아서... 아까도 베키, 말없이 갔잖아.","I just think it's changed a bit lately ... Becky, you went without saying.",0.627354
...  사정이 있겠지.,... There must be circumstances.,0.545416
...,...,0.000000
존나 춥네... 왜 이렇게 춥냐...,It's so cold ... Why is it so cold ...,0.657497
추운 게 아니고 무서운 거 아니야...,"It's not cold, it's not scary ...",0.581171
...,...,0.000000
뭐가 무서운 거야. 다 끝났잖아...,What's scary. It's all over ...,0.497999
모르겠어...,I do not know...,0.518742
"병신 새끼, 넌 싸움 같은 거 하지마. 존나 깜냥도 안 되면서... 항상 싸우기 전에도 그렇고, 싸우고 나서도 그렇고, 이렇게 무서워서 떨잖아.","You asshole, don't do anything like fighting. I can't even be surprised ... It's always before fighting, even after fighting, and I'm scared because I'm scared like this.",0.620220
...,...,0.000000
애들이 이거 알면 얼마나 실망하겠어. 너가 이렇게 떨고 있는 거 보면...,How disappointed the kids would be if they knew this. If you see this shaking ...,0.606040
그래서 안 보여주잖아...,So you don't show me ...,0.544897
그래... 대견하다.,Yes ... it's bold.,0.670997
...,...,0.000000
일어나. 들어가자...,wake up. Let's go ...,0.717123
얼굴 왜 이래?,Why are you doing this?,0.635275
별일 아니야...,Nothing ...,0.496999
누가 이런 거야?,Who is this?,0.565822
...,...,0.000000
누가 그런 거냐고? 얘기해봐.,Who is that? Talk to me.,0.530169
... ,... ,0.000000
뭐야?,what?,0.440278
왜 그래?,What is it?,0.821391
뭐하는 짓거리야.,What are you doing?,0.534723
"뭐가, 임마?","What, dude?",0.540166
왜 그래... 진짜?,Why ... Really?,0.568550
몰라서 묻냐?,Do you not know?,0.477833
"흥분하지 말고, 차근차근 얘기해봐.","Don't get excited, just talk about it.",0.573925
"좆같은 새끼들아, 뭐하는 짓거리냐고!?","Fucking motherfuckers, what are you doing !?",0.502465
너... 말이 심하다...?,Are you ... bad?,0.354146
"닥쳐, 시발!","Shut up, fuck!",0.576404
뭐!?,What!?,0.568396
가만히들 있어!,Stay still!,0.452091
"어떻게 된 거냐고, 어!?","What happened, eh !?",0.604412
흥분하지 말고...,Don't get excited ...,0.541358
..!,..!,0.000000
둘이 얘기하자.,Let's talk.,0.603662
얘기해봐. 왜 그런 거야?,Talk to me. Why is that?,0.644998
...,...,0.000000
왜 그런 거냐고? 이유가 뭐냐고!?,Why is that? What is the reason !?,0.597412
희준이가 너한테 얘기하디?,Heejun tells you?,0.326564
희준이는 아무 말도 안했어. 너네 반 애들한테 물어봤어.,Heejun didn't say anything. I asked your classmates.,0.524884
그래?,okay?,0.661901
"왜 그런 거야, 어?","Why is that, huh?",0.666641
내가 뭘 어쨌다고...,What did I do ...,0.393733
모른 척하지 말고 새끼야!,Don't pretend you don't know!,0.624917
왜 그렇게 오바해? 베키가 너한테 그렇게 특별하냐?,Why are you so overly wrong? Is Becky so special to you?,0.597191
그걸 말이라고 해? 어!?,Say it? uh!?,0.491538
걔가 자초한 거야.,He was self-willing.,0.340519
좆까지 말고... 너가 희준이 얼굴 저따위로 만들 정도로 희준이 걔가 뭘 그렇게 잘못했는데!? 어!?,Don't fuck up ... What did he do so wrong that Heejun made faces like that !? uh!?,0.471873
너가 뭘 아냐?,What do you know,0.524164
모르니까 얘기 해보라는 거 아니야!?,I'm not asking because I don't know !?,0.650395
...,...,0.000000
"얘기 해보라고, 왜 이러는지?","Tell me, why are you doing this?",0.570715
그냥 단순해... 애새끼가 존나 가식적이야...,It's just that simple ... That bastard is preposterous ...,0.705323
뭐가 어떻게 가식적인데? 어?,How do you pretend? uh?,0.433999
마음에 안 든다고. 됐냐?,I don't like it. Is it okay?,0.548801
장난 까냐? 똑바로 얘기해보라고!,Are you kidding me? Talk straight!,0.514544
신경 쓰지 말라고! 시발!,Never mind! Fuck!,0.486151
...,...,0.000000
... 보통은 내가... 다 하잖아... 얘기... 어?,... Usually I ... I'm done ... Talking ... uh?,0.598833
...,...,0.000000
근데 이번에는 자세히 얘기 안 해도 이해해줘. 설명 못하는 것들도 있잖아...,"But this time, if you don't talk in detail, please understand. Some things you can't explain ...",0.653313
이제 그만해.,Stop it now.,0.537189
....,....,0.000000
너가 아무리 친한 친구라도... 이건 진짜 아니야. 한번만 더 이런 일 있으면 나도 가만히 안 있어...,"No matter how close you are ... this is not real. If there's one more thing like this, I'm still not ...",0.568927
가만히 안 있으면 어떻게 할 건데?,What would you do if you didn't stay still?,0.656823
그건 보면 알겠지.,You will see that.,0.482307
...,...,0.000000
"뭐, 과자라도 먹을래?",What do you want to eat?,0.576455
됐어...,done...,0.565709
배고프잖아. 저녁도 안 먹었다며...?,You're hungry. You said you didn't even have dinner ...?,0.672720
괜찮어...,It's okay ...,0.518136
너 있을만한 곳 다 찾아봤어. 폐역사도 가보고...,I searched all the places you might be. Going to closed history ...,0.635322
... 그래?,... okay?,0.661901
재호도 만났어...,I met Jaeho ...,0.258622
...,...,0.000000
재호 얘기로는 이 동네에서 아예 안 보인다며...?,Jaeho says you can't see at all in this town ...?,0.567366
... 언제는 보였나...,... When did you see ...,0.665143
그러게... 학교는 왜 그만 둔거야...?,So ... why did you quit school ...?,0.485822
그런 좆같은데 다녀서 뭐하냐...,What's going on with that fucking ...,0.596125
그럼 뭐하는데?,Then what are you doing?,0.612913
"그냥 뭐, 검정고시 보던지 해야지...",I just have to do the black exam ...,0.547616
넌 안 마셔?,Are you not drinking?,0.514266
어? 됐어... 전학 간 학교에서는 별일 없고?,uh? It's okay ... Is it a big deal at a transfer school?,0.632364
그냥 공부만 하고 있어... 어머니는?,I'm just studying ... Mother?,0.415218
"알잖아, 평일 날 늦는 거.","You know, it's late on weekdays.",0.616745
잘 계시지?,How are you?,0.484238
그럼...,then...,0.728953
...,...,0.000000
연락 못해서 미안하다...,I'm sorry I couldn't contact you ...,0.647740
아니야... ,no...,0.232072
그냥 찾아온 거야?,Did you just come?,0.605655
오늘 기태 아버님 뵀어...,"Today, Tae-tae's father stopped ...",0.510060
그래...?,okay...?,0.661901
너 만나고 싶어 하시더라고...,You wanted to meet ...,0.546645
왜?,Why?,0.802358
너한테 묻고 싶으신 게 있나봐.,There must be something you want to ask.,0.669137
...,...,0.000000
왜 기태 장례식 때도 안 왔어?,Why didn't you come to the funeral of Taetae?,0.718712
...,...,0.000000
무슨 일 있었던 거야?,What happened?,0.470576
작년 이맘때 셋이서 놀았던 거 기억나? 우리 집에서 자고...,Do you remember playing with the three at this time last year? I sleep in my house ...,0.648914
기억나지...,I remember ...,0.608331
"그때 너 소파에서 잘 동안에, 기태랑 둘이 이 식탁에서 오랫동안 얘기했었는데...","Back then, while you were sleeping on the couch, Ki-tae and the two of you talked for a long time at this table ...",0.685991
그래...?,okay...?,0.661901
그때 일들이 생각나네...,Then I remember things ...,0.610827
무슨 일 있었는지 나한테 얘기 안 해도 돼. 근데 기태 아버님하고는 너가 만났으면 좋겠다...,You don't have to tell me what happened. But I want you to meet with my father.,0.524256
...,...,0.000000
너가 기태 일에 관련돼서 아는 게 있는지 모르겠지만... 아버님은 무슨 얘기든 간에 알 자격이 있잖아. 기태 아버님이시잖아...,"I don't know if you know anything related to the job, but ... you deserve to know whatever you're talking about. You're my father ...",0.561315
...,...,0.000000
내가 번호 적어 놓을 테니까 연락 한번 드려. 아니면 너 핸드폰 켜놓고 있던지... 핸드폰 켜 놓으면 아마 전화가 올 거야. 부탁이니까 피하지만 말아...,"I'll write down the number, so give me a call. Or maybe you were turning on your cell phone ... If you turn on your cell phone, you will probably receive a call. Please do not avoid because it's a favor ...",0.625616
... ,... ,0.000000
여기까지 와서 이런 얘기밖에 못해서 미안하다.,I'm sorry I've been here so far and can only talk about this.,0.613843
나야말로 미안하다. 오랜만에 봤는데 반갑게 맞아주지도 못하고... 나중에 좀 정리 되면 한번 보자.,"I'm sorry. I've seen it for a long time, but I can't greet you ... I'll see you later if it gets sorted out.",0.531148
그래... 다시 예전의 동윤이로 돌아와.,Yes ... Come back to the old Dongyun.,0.508483
...,...,0.000000
... 기태가 마지막으로 나한테 준거야.,... This is the last thing Gi-tae gave me.,0.520136
...,...,0.000000
뭐하는 거야?!,What are you doing?!,0.624491
왜?,Why?,0.802358
"뭐, 그렇게 세제를 많이 넣어? 어?","What, so much detergent? uh?",0.580057
이정도면 되는 거 아니야?,Isn't this enough?,0.581611
줘봐!,Give it!,0.359184
오늘같이 우리 집에 와서 해줘라.,Come to our house like today and do it.,0.575474
헛소리 하지 말고.,Don't be bullshit.,0.555903
진짜야. 진짜! 나도 안 믿었는데 사진이 이번에 제대로 찍혔다니까.,"Really. Really! I didn't believe it either, but the picture was taken this time.",0.647825
"유에프오 사진 뻔한 거겠지, 뭐...","It's obvious that Yuf-o's photos are, well ...",0.551761
"아니야, 이번엔 제대로야.  이렇게 저공비행하는 사진이라니까!","No, this is fine. This is a low-flying photo!",0.416513
넌 왜 맨날 그런 거에 관심 갖냐?,Why are you always interested in that?,0.627025
그래서 싫어?,So hate it?,0.565192
야 저기 잠깐 가보자.,"Hey, let's go there.",0.554743
뭐야?,what?,0.440278
한판만 하자...,Let's just play ...,0.546926
그냥 가∼,Just go ~,0.634740
한판만∼,Only bout ~,0.542496
이거 해봤어?,Have you tried this?,0.524872
응. 옛날에...,Huh. Long ago...,0.616350
너도 할래?,Would you do it too?,0.575481
됐어...,done...,0.565709
그러게... 둘이 마치 사귀듯이 붙어 다녔었잖아.,So ... they were hanging out as if they were dating.,0.508714
...,...,0.000000
너가 한번 잘 얘기해봐.,Say good bye once.,0.525170
얘기했는데... 희준이는 아무 얘기도 안하고 기태도 얘기를 안 하네...,"I told him ... Heejun doesn't say anything, and Gitae doesn't talk ...",0.559703
둘 다 말 못할 정도로 심각한 일이 있나...?,Is there anything serious enough to tell you both ...?,0.628383
모르겠어...,I do not know...,0.518742
사정이 있겠지...,There must be circumstances ...,0.545416
...,...,0.000000
...,...,0.000000
웃는게 어울려.,It suits you to smile.,0.541573
... 낙인 찍혀 본적 있어...?,... Have you ever been branded ...?,0.612924
낙인이라니...?,Stigma ...?,0.509950
사람들한테 낙인찍힌 적 있어...?,Have you ever been branded by people ...?,0.631392
그건 왜?,Why is that?,0.671436
그냥...,just...,0.678350
어디 봐봐? ,Where do you look?,0.517664
뭐야?,what?,0.440278
낙인 같은 거 없는데...,There's no stigma ...,0.557950
됐네요.,That's it.,0.641001
똑바로 걸어.. 다쳐∼,Walk straight ... get hurt ~,0.612165
네 얼굴 볼라고.,Look at your face.,0.619530
잘생긴 얼굴 한 번 더 보고 싶냐?,Do you want to see another handsome face?,0.619657
됐어∼ 누가 너 본데?,Okay ~ Who sees you?,0.367831
그럼 뭔데?,Then what is it?,0.639718
널 보고 있으면 내가 보여.,I see you when I see you.,0.482782
뭔 헛소리야?,What are you talking about?,0.599665
내가 보고 싶은 모습이어서 너무 좋아.,I like it because it's what I want to see.,0.604332
"야, 내가 거울이냐? 너가 보이게...","Hey, am I a mirror? Make you visible ...",0.610209
응 거울...,Yeah mirror ...,0.736263
보고 싶은 모습이어서 좋아.,I like it because I want to see it.,0.588439
안 잤어?,Didn't you sleep?,0.511171
잠이 안오네.,I can't sleep,0.675502
희준이는?,Heejun?,0.000000
소파에서 아주 푹 잔다.,I sleep very well on the sofa.,0.651049
나도 한잔 줘.,Give me a drink too.,0.590678
왜 안자고 일어났어 임마?,Why did you wake up?,0.534981
... 나도 잠이 안와∼,... I can't sleep ~,0.537604
자 새끼야.,Now baby.,0.624171
너나 자 병신아. 딸 칠 생각하지 말고.,You and me are sick. Don't think about hitting your daughter.,0.641876
병신 새끼.,Asshole cub.,0.553061
중학교 때는 나한테 병신이라는 소리도 못하더니... 많이 컸어...,"When I was in junior high school, I couldn't even say that I was an asshole ...",0.573746
그때하고 지금하고 같냐? 지금 너가 내 상대가 되냐?,Is it the same as then and now? Are you my opponent now?,0.567681
얼씨구. 늦바람이 무섭네. 좋냐? 애들 위에서 짱 행세하는 게?,What? The late wind is scary. Is it good? Pretending to be on top of the kids?,0.678793
좋지. 내가 짱인데...,good. I'm great ...,0.456155
병신...,Asshole ...,0.508822
...,...,0.000000
졸업하면 다 애들 소꿉장난이잖아...,"When you graduate, they are all kids playing ...",0.592289
내가 모르는 얘길 해 새끼야... 먹어 버리기 전에∼,"Tell me what I don't know, baby ... before I eat it ~",0.595263
미친 새끼...,Crazy bitch ...,0.629975
그 전까지는 미친개 노릇 해야지.,"Until then, you have to be a crazy dog.",0.659652
지가 미친개인줄은 알아요.,I know you are crazy.,0.499714
이렇게라도 주목 받는 게 좋아. 애들 앞에서 허세 부려서 좋은 게 아니야. 주목받은 적이 없으니까...,It's good to get attention like this. It's not good to be bluffing in front of the kids. I have never been noticed ...,0.683103
... 병신 새끼... 왜 그렇게 남 신경 쓰냐?,... asshole ... Why do you care so much?,0.424876
그러게... 넌?,So ... you?,0.387591
난 안 그래..,I'm not ...,0.639947
잘났다. 새끼야.,Great Baby.,0.538714
없어질 거에 너무 목 매달지마...,Don't be so hungry that it will disappear ...,0.631993
"그래도... 다 없어진다고 해도... 나한테는 너가 있잖아. 내 마음 알잖아, 너는...","But ... even if it's all gone ... I have you. You know my heart, you ...",0.507021
지랄한다.,It's damned.,0.601010
중학교 때도 넌 알아줬잖아. 다시 사람들 사이에서 비참해지더라도... 너만 알아주면 돼. 그럼 됐어... 그럼 된 거야...,You knew in middle school. Even if you become miserable among people again ... you only need to know. Then it's done ... then it's done ...,0.599186
...,...,0.000000
...,...,0.000000
"여보세요? 누구세요? 아... 예... 안녕하셨어요. ... 예, 아버님... 희준이 한테 얘기 들었습니다. ... 예... 예... 지금요?  아니요. 괜찮습니다. 알겠습니다.","Hello? Who? Ah ... yes ... good morning. ... Yes, Dad ... Heejun heard this. ... yes ... yes ... now? no. Fine. Okay.",0.454900
왜 보자고 한 거야?,Why did you ask?,0.437699
...,...,0.000000
어?,uh?,0.750000
꼭 그딴 식으로 물어야 겠냐?,Should I ask that way?,0.504241
...,...,0.000000
왜 불렀겠냐? 어?,Why would you call it? uh?,0.720875
희준이 얘기야?,Is Heejun talking?,0.535236
...,...,0.000000
둘 사이에 무슨 일 있었던 거야?,What happened between the two?,0.571859
너가 세정 이한테 정신 팔려있으니까 모르지...,I don't know because you're being sold to Jung-soo ...,0.544907
그러니까 얘기 해보라는 거 아니야?,So you're not asking me to talk?,0.552024
...,...,0.000000
세정이 많이 좋아하냐?,Do you like cleaning a lot?,0.628399
응?,Huh?,0.592923
세정이 많이 좋아하냐고?,Do you like cleaning a lot?,0.596152
갑자기 그건 왜?,Why is that suddenly?,0.680515
얘기해봐...,Tell me ...,0.518059
"미친 놈 물을 걸 물어, 새끼야. 희준이 얘기 하려고 불러놓고는 왠 헛소리야?","I'm going to ask you for a bit of water, bastard. Why is it bullshit when Heejun calls it up to talk?",0.619177
... 대답 해봐...,... answer me ...,0.544456
... 왜 갑자기 이래?,... Why is this sudden?,0.729360
세정이 많이 좋아해?,Do you like cleaning a lot?,0.611822
어... 좋아한다. 됐냐?,Uh ... I like it. Is it okay?,0.615280
... ,... ,0.000000
그건 난데없이 왜 물어? 미친 새끼야!,Why is it nowhere to ask? Crazy bastard!,0.589661
그냥 부러워서 물어 본거야. 여자 친구도 없고... 어떤 기분인가 해서...,I was just envious and asked. I don't have a girlfriend ... I feel like ...,0.584827
싱거운 놈...,A fresh guy ...,0.561903
...,...,0.000000
저번에 애들하고 놀 때...,The last time I played with the kids ...,0.609065
응...,Huh...,0.592923
그때 보경이가 너한테 고백했었잖아. 그때 받아주지 그랬어?,"At that time, Bokyung confessed to you. Why didn't you take it back then?",0.578391
어떻게 알았냐?,How did you know?,0.473894
세정이 한테 들었어. 그때 받아줬으면 지금 여자 친구도 있고 좋았잖아. 게다가 보경이 예쁘잖아.,"I heard from Junghwa. It was good to have a girlfriend now. Besides, Bokyung is pretty.",0.485281
...,...,0.000000
왜 안 받아 줬냐니까?,Why didn't you accept it?,0.722527
내 스탈이 아니야.,It's not my stahl.,0.687111
지랄하네. 내가 네 스타일 모르겠냐.,It's shit. I don't know your style.,0.602636
너가 내 스타일에 대해서 아냐?,Are you not about my style?,0.541260
희준이 때문이지?,Is it because of Heejun?,0.528198
뭔 헛소리야?,What are you talking about?,0.599665
"맞잖아, 병신아...","Right, Byeongshin ...",0.330889
...,...,0.000000
그렇게 까지 희준이 생각하던 놈이 왜 그런 거야? 어?,Why is the guy Heejun thought so far? uh?,0.432848
...,...,0.000000
왜 그런 거냐고?,Why is that?,0.573558
뭘 왜 그래?,What and why?,0.514348
더 이상 미친 짓 하지마.,Don't be crazy anymore.,0.678153
...,...,0.000000
"시발 놈이, 존나 씹네.","Fuck it, fuck it.",0.486530
그렇게 맞았는데도 정신 못 차리냐? 시발놈아!,"Even if you were so beaten, can't you get upset? Fuck it!",0.646427
"좆만 한 새끼가, 어디서 꼴아봐! 어?","Fuck that bitch, where do you look! uh?",0.553682
그만해.,stop.,0.522075
그만하고 가자.,Stop and go.,0.583930
뭐 들어?,What are you listening to?,0.342694
나 희준이랑 할 얘기 있어... 좀 비켜주라.,I have something to talk to Heejun ... Please step aside.,0.632549
무슨 노래 들어? ,What song do you listen to?,0.556223
...?,...?,0.000000
사람이 뭘 물어보면 말을 해...,"When someone asks you something, you say ...",0.592892
무슨 말...,What are you saying ...,0.456242
그냥... 아무 말...,Just ... nothing ...,0.559325
...,...,0.000000
얼굴에 상처는 괜찮어...?,Is the wound on your face okay?,0.585357
... 왜이래?,... Come on?,0.583246
... 경계 하지마. 그냥 얘기 하고 싶어서 그런 거니까.,... Don't be vigilant. I just wanted to talk.,0.567765
무슨 얘기?,What are you talking about?,0.469748
...,...,0.000000
이제 그만하자...,Let's stop ...,0.563193
뭘 그만해?,What do you stop?,0.678675
그냥 이런 거 다...,Just like this ...,0.676222
언제부터 나한테 선택권이 있었어?,When did I have a choice?,0.385073
"그래, 그만할게 내가... 그러니까 너도 더 이상 이러지 마라.","Yeah, I'll stop ... So don't do this anymore.",0.525402
...,...,0.000000
미안하다...,I'm sorry...,0.396147
미안하다는 말이 쉽게 나오네...,It's easy to say I'm sorry ...,0.533663
...,...,0.000000
미안해 할 필요 없어. 사과 받고 싶지도 않고...,No need to be sorry. I don't want to apologize ...,0.563627
무슨 소리야?,What are you talking about?,0.530164
"사과 받고 싶지 않어, 너한테...",I don't want to apologize to you ...,0.628155
"뭐?  야, 남은 고민 고민해서 얘기하는데... 태도가 뭐냐? 어?","What? Hey, I'm talking about the rest of my worries ... What is your attitude? uh?",0.588704
나도 고민해서 진심으로 얘기하는 거야.,I'm talking too sincerely.,0.462729
왜 이러는 거야? 어?,Why are you doing this? uh?,0.616951
나 이제 다음 주면 전학 가. 너 덕분에... 그래서 별로 사과 받고 싶지 않어. 전학 안 갔으면 괴롭힘 당하기 싫으니까 받아줬겠지만 앞으로 볼 사이도 아닌데 뭣 하러 받아 줘. 어?,"I will transfer next week. Thanks to you ... So I don't really want to apologize. If you didn't transfer, I would accept it because I don't want to be bullied. uh?",0.559916
...,...,0.000000
장난 까냐? 이렇게 까지 하는 이유가 뭐야?,Are you kidding me? Why are you doing this?,0.503794
너야 말로 이렇게 까지 하는 이유가 뭔데...? 어? 넌 주변 애들이 다 네 부하냐?,Why are you even doing this? uh? Are you all your children around you?,0.516511
너가 제대로 된 친구로 날 대해준적이나 있어? 내가 언제까지나 너 앞에서 허리 굽히고 꼬리 흔들면서 살줄 알았냐. 내가 그렇게 까지 심한 꼴을 당해도 오기로 버틴 이유가 뭔지 알어. 네가 그렇게 중요하게 생각하는 그 알량한 자존심 때문이야.,Have you ever treated me as a good friend? Did you ever think I'd bend in front of you and shake your tail? I know what's the reason for me to come here even when I'm in such a bad shape. Because of that kind of pride you think so important.,0.572949
...,...,0.000000
"지금 네 주변에 있는 애들도 마찬가지야. 널 친구라고 생각해서 네 옆에 있다고 착각 하지마. 다 그냥 얄팍한 심리 때문에 네 옆에 있는 거지, 네 친구는 아무도 없어.","Same goes for the kids around you right now. Don't mistake me for thinking you're a friend. It's all just next to you because of the sleazy hearing, and no one is your friend.",0.621463
치려면 쳐. 원 없이 실컷 패. 나 전학 가면 그러고 싶어도 못하니까.,Hit to hit. Lost without a circle. I don't want to do that when I go to transfer.,0.662591
"뭐하는 짓이야, 미친 새끼야!","What are you doing, crazy bitch!",0.582874
"상관 말어, 시발!","Don't care, fuck!",0.489430
뭐 하자는 거야? 어?,What are you doing? uh?,0.583348
...,...,0.000000
"시발, 좆같은 새끼...","Fuck, motherfucker ...",0.524315
"왜 남의 반 일에 참견이야, 시발?","Why are you being a novice to someone else's job, fuck you?",0.561826
짜증나니까 옆으로 꺼져.,"It's annoying, so it goes off to the side.",0.587277
좆만 한 새끼가...,The fucking motherfucker ...,0.679709
뭐?,What?,0.568396
지금 기태 믿고 까부는 거냐?,Do you believe in what you are now?,0.579217
"그건 내가 할 소리야. 기태, 똘마니 새끼야. 똘마니 주제에 어디서 깝쳐.","That's what I say. Gi-tae, you little fool. Where are you close to the topic?",0.499736
뭐!? 시발! ,What!? Fuck!,0.545367
그만해.,stop.,0.522075
내버려둬...,Leave it alone...,0.663574
식사 하셨어요?,Did you have a meal?,0.676873
"어, 먹었지.. 왜 이렇게 늦게 먹어?","Uh, I ate ... Why are you eating so late?",0.630639
점심을 늦게 먹었어요...,I had lunch late ...,0.540814
...,...,0.000000
왜요?,why?,0.567353
...,...,0.000000
하시고 싶은 말씀 있어요?,Do you have anything you want to say?,0.611932
매일 똑같네...,Same every day ...,0.599742
뭐가요?,What?,0.372103
"밥 먹었냐, 학교 언제 갔냐? 매일 똑같은 얘기잖아..",Did you eat or when did you go to school? It's the same thing every day ...,0.601867
"뭐, 그렇죠...","Well, right ...",0.503691
그런 게 대화인가?,Is that a conversation?,0.736936
...,...,0.000000
응?,Huh?,0.592923
그게 대화죠... 그럼 뭐에요?,That's the conversation ... Then what is it?,0.612396
그게 진짜 대화야?,Is that a real conversation?,0.588818
...,...,0.000000
나한테 하고 싶은 얘기 없어?,Anything you want to tell me?,0.620452
...,...,0.000000
말 못 하는 게 있는 거니? 나한테?,Is there anything you can't say? To me?,0.625640
... 애들이 얘기 해 줄 거예요.,... the kids will tell you.,0.583592
...,...,0.000000
걱정하지 마세요.,Do not worry.,0.456038
...,...,0.000000
걱정하지 마세요.,Do not worry.,0.456038
뭐 먹고 싶은 거 있으면 골라.,Choose what you want to eat.,0.587715
전 아무거나 다 괜찮습니다.,Anything is fine.,0.444626
학생인데 맥주 마실 수 있겠어?,"As a student, can you drink beer?",0.628884
예... 괜찮습니다.,Yes ... it's okay.,0.544485
저기요.,excuse me.,0.648103
예.,Yes.,0.714435
"여기 맥주 오백하고, 소주 한 병이요. 안주는 알아서 갖다 주세요.",Here are 500 beer and a bottle of soju. Please bring your own snacks.,0.565554
알겠습니다.,Okay.,0.399408
이렇게 늦은 시각에 불러내서 미안하다.,I'm sorry to have called you so late.,0.578665
아니요... 괜찮습니다.,No ... it's okay.,0.385856
고3인데 이제 공부하느라 바쁘지?,"I'm in high school, but are you busy studying now?",0.726843
지금은 검정고시 준비하고 있어요.,I am preparing for the black exam now.,0.555056
학교는 그만 뒀고?,Did you quit school?,0.521750
예...,Yes...,0.714435
... 희준이가 아까 찾아 갔지...?,... Heejun just visited ...?,0.468385
예... 아버님께 연락 올 거라고... 아버님께서 궁금해 하시는 것들이 있으시다고...?,Yes ... I'm going to contact my father ... Do you have any things your father is wondering about ...?,0.635635
너가 기태하고 제일 가까운 사이였다고 얘기를 하던데...,I was told that you were closest to me ...,0.467009
희준이가 그랬나요?,Did Heejun do that?,0.380910
중학교 때부터 친구라고...,I've been a friend since middle school ...,0.612642
마셔.,drink.,0.672757
예...,Yes...,0.714435
"처음에 이렇게 사람들 찾아다니고 할 때... 그냥 알고 싶었어. 나한테도 얘기 못 할 정도로 괴로운 일이 뭐였는지.. 왜 갑작스레 그런 선택을 할 수 밖에 없었는지... 늦었지만, 알고 싶었어.","When I first started looking for people like this ... I just wanted to know. What was so painful that I couldn't even talk to me ... Why did I have to make such a sudden choice ... It was late, but I wanted to know.",0.591557
...,...,0.000000
"근데 기태에 관한 얘기를 들으면서, 내 아이 얘기 같지 않더라고... 내가 전혀 몰랐던 기태의 모습들을 듣게 되고, 그러면서 생각했어. 내가 기태에 대해서 얼마만큼이나 알고 있는지...","But when I heard about Tae-tae, it didn't seem like my child ... I heard about Tae-tae, who I never knew, and thought. How much I know about Gitae ...",0.471397
...,...,0.000000
웃기지...,It's funny ...,0.676986
...,...,0.000000
넌 기태랑 제일 친했잖아... 아무 얘기라도 상관없어... 얘기를 듣고 싶어...,You were best with Gitae ... I don't care about anything ... I want to hear ...,0.496859
...,...,0.000000
어이～,Hey ~,0.681311
"아, 존나 싸가지 없네.","Oh, no way.",0.403149
...,...,0.000000
저 새끼들 가만히 내버려 둘 거야? 어?,Are you going to let those bastards stand still? uh?,0.653944
"그래, 조져버리자.","Yes, let's get rid of it.",0.628058
언제까지 참고 봐야 돼? 어?,When should I see you? uh?,0.489823
됐어... 그냥 가자.,Okay ... just go.,0.503045
... ,... ,0.000000
"그래도, 한마디 하자.","Still, let me say a word.",0.613134
됐다고... 닥치고 그냥 와...,All right ... Shut up and just come ...,0.652182
"기태야, 너 너무 동윤이만 싸고도는 거 아니야?","Ki-tae, aren't you too cheap, too?",0.377818
...,...,0.000000
안 그래? 넌 왜 동윤이만 관련되면 너답지 않게 행동 하냐?,is not it? Why do you act like you if Dongyoon is involved?,0.485294
나다운 게 뭔데?,What is it like me?,0.564761
"너가 제일 잘 알거 아니야? 야, 다른 새끼들이 네 말 그렇게 씹고 지나갔으면 조져 놨을 거 아니야... 안 그래?","Aren't you the best? Hey, if the other niggas chewed you and passed by, it wouldn't have been ... I wasn't?",0.536971
... 닥쳐...,... Shut up...,0.616458
어?,uh?,0.750000
조잘 거리지 말고 닥치라고...,"Don't rush, shut up ...",0.477328
희준아.,Heejun.,0.000000
새 교복 잘 어울리는데? 그래도 우리 교복이 더 잘 어울린다... ,"Does the new school uniform look good? Still, our school uniform looks better ...",0.665571
지금 웃으라고 하는 얘기냐?,Are you telling me to smile now?,0.552355
... 이사는 언제 가냐?,... When are you moving?,0.479692
...,...,0.000000
이사 가면 못 보겠네... 전학 간 학교에서 잘 지내라.,"If you move, you won't see it.",0.426756
선물이야. 이별 선물.,It's a gift. Parting gift.,0.703422
희준이 전학 가서 아주 좋지?,Heejun is very good to transfer,0.543386
... ,... ,0.000000
좋잖아?,Is it good?,0.530659
아주 속 시원하고 좋네.,Very cool and nice.,0.458198
이제 좀 나이 값 좀 하고 살어. 조금 있으면 고 3인데... 어린애같이 폭력적인 행동 하지 말고. 네가 애냐?,Now I'm a little older and live. I'm in high school if I have a little ... Don't be violent like a child. Are you a kid?,0.605545
...,...,0.000000
건방떨지 마.,Don't shake.,0.511058
너랑 얘기하는 거 아니잖아.,I'm not talking to you.,0.563905
...,...,0.000000
그렇게 멋진 충고 해주려고 이렇게 남으라고 한 거야...? 응?,You asked me to stay like this to give you such nice advice ...? Huh?,0.640108
너 생각해서 해주는 얘기야. 친구 잖어...,It's something you think about. It's a friend ...,0.676071
"그래, 고맙다. 충고 잘 받아들일게... 친구로서.","Yes, thank you. I'll take your advice ... as a friend.",0.607768
"그래, 임마...","Yeah, dude ...",0.634702
근데 나도 너한테 얘기해주고 싶은 게 있다.,But there is something I want to tell you too.,0.556885
뭔데?,What?,0.401917
이 얘기 할까 말까 고민 되게 많이 했어. 뭐가 널 위한건가 싶어서... 근데 아무래도 얘기해야 될 거 같아서...,I've been worrying a lot about whether to say this or not. I want to do something for you ... But I think I should talk ...,0.620073
얘기해봐. 뭔데?,Talk to me. What?,0.604467
세정이 있잖아...,You have cleaning ...,0.674485
세정이...?,Cleaning ...?,0.823223
어...,uh...,0.750000
"세정이, 왜?","Washing, why?",0.570139
걔 너무 진지하게는 만나지 마라.,Don't meet her too seriously.,0.514789
...  ... 왜?,...  ... Why?,0.802358
"얼마 전에 세정이 전 학교에서 어땠는지 우연히 듣게 되었는데, 좀 안 좋더라고... 그날 기억나? 너한테 걔 진심으로 좋아하냐고 물은 날...","I just happened to hear what cleaning was like at my school, but it was a little bad ... Remember that day? The day I asked if you really like him ...",0.613753
...,...,0.000000
"원래 그날 이 얘기 해주려고 했는데, 고민되더라고...","Originally I tried to tell you this day, but I was worried ...",0.580484
말 길게 하지 말고 본론만 얘기해.,"Don't talk long, just talk.",0.544660
"야, 걔 진지하게 만날 애는 아닌 것 같더라고. 얘기 들어보니까 그 쪽 동네에선 세정이 모르는 사람이 없대. 걔가 거친 남자만해도 손가락으로 셀 수 없을 정도로 많고. 야.. 뭐 낙태를 했다나. 말이 많아서 이쪽 동네로 이사 온 것 같더라고. 야, 동윤아. 세정이 걔 너무 진지하게 생각 하지마. 괜히 너만 상처 받으니까...","Hey, I don't think she's the one to meet seriously. When I heard about it, there wasn't anyone in the town who knew Jung-soo. There are so many that even a rough man can count with his fingers. Hey ... what abortion. There was a lot of talk, so I think I moved into this town. Hey, Dongyoon. Don't take her too seriously. Because only you hurt me ...",0.575077
... 이제 와서 이 얘기 하는 이유가 뭐야?,... What's the reason to come and talk about this now?,0.662746
"이유라니? 너 걱정 되서 해주는 얘기야, 임마. 친구면 이런 얘기 해줘야 되는 거 아니냐..?","Why? I'm talking about you, dude. Shouldn't you be telling a friend this?",0.496141
...,...,0.000000
"이 얘기 듣고 어떻게 해야 될지 고민 했는데 잘 생각해보니까 널 위해서 진실을 얘기 해주는 게 맞다는 생각이 들어서 지금 얘기하는 거야. 너가 상처 받는 거 싫거든, 부탁이니까, 너가 걔랑 만나지 말던가... 아니면 그냥 만나더라도 가볍게 생각하고 만났으면 좋겠다.","I was thinking about what to do after hearing this, but when I think about it, I think it's right to tell the truth for you, so I'm talking about it now. I don't want you to be hurt, because it's a request, I hope you don't meet him ... or just meet and think lightly.",0.565800
...  ... ,...  ... ,0.000000
... 너가 충격 받았을 거 알어. 근데...,... I know you were shocked. by the way...,0.538385
다 알고 있는 얘기야.,It's all I know.,0.441734
그래?,okay?,0.661901
어... 고맙지만 이미 알고 있는 얘기들이야.,"Uh, thank you, but it's something you already know.",0.593588
난 너 아는 줄 몰랐지. 다행이다. 내가 괜히 걱정했네...,I didn't know you knew. thank God. I was really worried ...,0.575592
걱정 마. 나도 그냥 즐기려고 만나는 거니까.,do not worry. I'm just meeting for fun.,0.520309
"그래, 임마. 그런 애는 좀 놀다가 버리면 되는 거야.","Yes, dude. You can play a little like that and throw it away.",0.613011
...,...,0.000000
"아, 난 또 괜히 걱정했네... ","Oh, I was worried again ...",0.481463
... ,... ,0.000000
내가 괜히 걱정 했네. 괜히 나 혼자 끙끙 앓아가지고...,I was worried. I was sick all alone ...,0.424002
...,...,0.000000
오늘따라 왜 그래?,Why are you doing today?,0.672831
왜...? 뭐가?,Why...? what?,0.559476
오늘 이상해... 너...,Strange today ... you ...,0.670698
아니야. 그냥 머리 아파서...,no. I just had a headache ...,0.643334
나한테 혹시 하고 싶은 얘기 있어?,Do you have anything you want to say,0.583937
무슨 얘기?,What are you talking about?,0.469748
하고 싶은 얘기 있으면 해. 괜찮으니까...,Do anything you want to say. It's okay ...,0.571221
그런 거 없어...,Nothing like that ...,0.854328
있는 거 알어.,I know there is.,0.649253
없어...,no...,0.567353
얼른 들어가. 춥다.,Go in quickly. cold.,0.641083
...,...,0.000000
"야, 감기 걸려. 들어가..","Hey, I have a cold. Go in..",0.607553
똥.,shit.,0.587521
왜?,Why?,0.802358
시계 잠깐 풀러봐.,Take your watch off for a second.,0.615490
왜 또?,Why again?,0.576525
풀러 봐...,Look fuller ...,0.639264
뭐하는 거야?,What are you doing?,0.624491
... 이거 나 가질래.,... I want this.,0.518681
왜 그래? 내가 얼마나 아끼는지 알잖아.,What is it? You know how much I care.,0.558639
그래서 가질래...,So I wanna have ...,0.572537
... 갑자기 뭐야...? 어?,... what's suddenly ...? uh?,0.577849
나... 이거 가지고 가면 볼 수 있잖아.,I ... You can see this if you take it.,0.539137
무슨 소리야...? 왜 이상한 소리하고 그래...,What are you talking about...? Why does it sound weird ...,0.606326
그럼 다음에 줄게... 이거... 응?,Then I'll give you this ... This ... Huh?,0.637812
알았어... 그럼 다음에... 줘...,Okay ... then ... give me ...,0.658461
응...,Huh...,0.592923
올라가. 늦었다.,Go up. late.,0.463679
응...,Huh...,0.592923
중학교 때랑은 많이 달라지긴 했는데요... 그렇게 큰 차이가 있지는 않았어요. 고등학교 와서는 한 번도 같은 반이 된 적은 없었어도 계속 셋이 많이 놀았어요...,"It's changed a lot from middle school ... It didn't make a big difference. When I came to high school, even though I had never been in the same class, three continued to play a lot ...",0.610335
...,...,0.000000
제가 계속 쓸데없는 얘기 하는 거죠?,Are you saying I'm still useless?,0.550759
아니야... 괜찮으니까 계속 얘기해...,"No ... it's okay, so keep talking ...",0.536929
애들은 뭐래요?,What are the kids?,0.590505
애들도 다 너랑 비슷한 얘기야...,All the kids are talking about you ...,0.597221
희준이는 기태가 나랑 친했다는 얘기 말고 다른 얘기는 없었어요?,Heejun hasn't said anything other than that Gitae was close to me?,0.552950
그건 왜 물어보니?,Why do you ask?,0.532392
그냥 뭐라고 했는지 궁금해서요...,I was just wondering what he said ...,0.499209
희준이가 얘기 해줬어야 되는 부분이 있는 거야?,Is there anything that Heejun should have told me?,0.512767
...,...,0.000000
눈치 보지 말고. 희준이가 얘기 해줬어야 되는 게 있는 거야?,Do not notice. Is there anything that Heejun should have said?,0.585920
그런 건 아니에요.,It's not like that.,0.720488
애들이 뭐라고 그랬는지 신경 쓰지 마... 그냥 네가 알고 있는 얘기들을 편하게 해주면 돼.,Don't mind what the kids said ... just relax what you know.,0.462453
아버님이야 말로 하고 싶은 얘기가 있지 않나요?,Is there anything you would like to say with your father?,0.582233
...,...,0.000000
물어보셔도 돼요?,May I ask?,0.393657
"... 모든 게 다 의문투성이야... 제일 친하다는 친구 둘 중에서 한 친구는 전학 가버리고, 그리고 한 친구는 그냥 학교를 그만두고... 장례식도 안 오고... 과대망상일지 모르겠지만, 분명 기태 일하고 관련이 있을 거라 생각이 들어. 분명 무슨 일이 있었어... 근데 너를 포함해서 애들이 다 숨기고 있다는 느낌이 든다...","... everything is questionable ... Of the two best friends, one of them goes to school, and one of them just quits school ... and no funeral is coming ... I think it might be related to work. It must have happened ... But I feel like all the kids, including you, are hiding ...",0.520286
...,...,0.000000
내가 너무 과도하게 생각하는 거니?,Am I thinking too much?,0.393426
...,...,0.000000
넌 기태가 왜 그런 선택을 했는지 알고 있지?,Do you know why Gitae made that choice?,0.427417
...,...,0.000000
왜?,Why?,0.802358
...,...,0.000000
야.. 분위기 왜 이렇냐..?,Hey .. why is it like this ..?,0.583937
그러게...,Yeah...,0.454150
나와.,come out.,0.664038
세정이 만났냐?,Did cleaning meet?,0.626107
세정이?,Cleaning?,0.823223
세정이 만났냐고?,Did cleaning meet?,0.588125
어... 가다가 우연히 만났어...,Uh ... I met by chance on the way ...,0.605460
얘기했냐?,Did you talk?,0.739704
갑자기 뭔 소리야?,What are you talking about suddenly?,0.496189
얘기했어...?,Did you tell ...?,0.839959
난데없이 뭘 얘기해?,What are you talking about nowhere?,0.587743
알면서 되묻지 마. 세정이한테 얘기했냐고?,"Do not ask, knowing. Did you talk to Junghwa?",0.483043
... 날 어떻게 보고 그딴 걸 묻는 거야? 어?,... How do you see me and ask me something like that? uh?,0.703302
묻는 말에나 대답해... 얘기했냐고?,Answer whatever you ask ... Did you tell me?,0.593250
너 시발 지금 그게 나한테 할 소리냐?,Is that what you say to me right now?,0.478903
대답 해봐. 어서...,Answer me. hurry...,0.534498
...  얘기했다면?,... if I told you?,0.688027
죽여 버린다.,Kill it.,0.520613
죽여봐. 이 개새끼야...,Kill it. This motherfucker ...,0.651397
그만해...,stop...,0.522075
그만하라고!,Stop it!,0.507775
그만하라고 이 좆같은 새끼들아...,Stop fucking you motherfuckers ...,0.526811
뭐하는 짓이야?,What are you doing?,0.589236
예～ 죄송합니다. 저희는 그냥 도우려고 한 겁니다.,Yes ~ Sorry. We were just trying to help.,0.554373
빈정거리지 마... 뒈지고 싶지 않으면...,Don't be sarcastic ... if you don't want to be ...,0.645896
"꺼져, 시발.","Get off, fuck.",0.698888
가자. 둘이 내버려두자.,Go. Let the two leave.,0.543401
"어이없네, 시발...","No way, fuck you ...",0.614692
미안해...,Sorry...,0.541013
"동윤아, 미안해...","Dongyoon, I'm sorry ...",0.511265
왜 이렇게 늦게 와...?,Why are you coming so late ...?,0.659231
"추워 죽겠는데, 한참 기다렸잖아...","It'll be cold, but you've been waiting ...",0.560534
옷이 왜 그래?,Why is your clothes like that?,0.485778
얼굴에 상처 뭐냐?,What's the scar on your face?,0.564096
"아, 이거... 그냥 뭐...","Ah, this ... just what ...",0.691846
어제 밤에 뭐했냐?,What did you do last night?,0.595362
뭐 하다니...?,What are you doing ...?,0.545734
뭐했냐고?,What did you do?,0.555950
그런 걸 일일이 너한테 보고해야 되냐?,Should I report that to you one by one?,0.545936
... 따라와.,... Follow me.,0.740357
안녕하셨어요.,Hello there.,0.454673
뭐 이러 걸 다 사가지고 왔니?,What did you bring all of this?,0.585587
아니에요...,No...,0.211852
그냥 오지...,Just come ...,0.674777
동윤이 안에 있죠?,"Dongyun is inside, right?",0.629221
응...,Huh...,0.592923
예?,Yes?,0.714435
잠깐만...,Wait a minute...,0.606569
동윤이한테 누가 저렇게 했는지 알고 있지?,Do you know who did that to Dongyoon?,0.406847
... 죄송합니다...,... Sorry...,0.290488
몰라?,do not know?,0.488674
죄송해요. 저도 잘 모르겠어요.,I'm sorry. I don't know either.,0.560489
"어이, 몸 많이 나았어?","Hey, are you feeling better?",0.679824
친구 왔으면 좀 반가운 척이라도 해줘라.,"If you're a friend, pretend you're happy.",0.515173
...,...,0.000000
몸은 많이 좋아졌네...?,Your body has improved a lot ...?,0.446240
...,...,0.000000
학교 안가니까 심심하지...? 나도 너 입원한 날 이후로 계속 안가고 있어...,Bored of not going to school ...? I haven't been there since the day you were hospitalized ...,0.623989
...,...,0.000000
병원 밥 맛 없었을 텐데 그래도 퇴원하니까 괜찮지...? 그래도 혼자 있으면 심심하겠다.,"It wouldn't have tasted like the hospital, but it's okay to be discharged ...? Still, I will be bored if I am alone.",0.652377
용건이 뭐야?,What is Yong-geon?,0.393348
...,...,0.000000
그냥... 그냥 너 보려고 온 거야.,Just ... I just came to see you.,0.556579
그냥 가.,Just go.,0.634740
...,...,0.000000
가라고...,Go ...,0.505181
"동윤아, 정말 미안해...","Dongyoon, I'm so sorry ...",0.379370
...,...,0.000000
부탁이니까 이러지마.,Don't do this because it's a favor.,0.600230
...,...,0.000000
너까지 나한테 이러지마... 응? 부탁이야.,Don't do this to me ... huh? please.,0.455499
...,...,0.000000
내가 어떻게 해야 돼? 어?,What should I do? uh?,0.573291
그냥 나가라고...,Just go out ...,0.514344
...,...,0.000000
...,...,0.000000
나 정말 모르겠어... 정말 미치기 직전이야. 근데 너까지 이러면 안돼...,I really don't know ... It's just before I go crazy. But you can't do this ...,0.614170
이상한 소리 하지 말고... 나가...,Don't be weird ... Go out ...,0.536076
...,...,0.000000
"나가라고, 시발...","Go out, fuck up ...",0.546807
"동윤아, 넌 나한테 이러면 안돼. 너 만큼은...","Dongyoon, you can't do this to me. As much as you ...",0.541391
... 나 만큼?,... as much as me?,0.703532
...,...,0.000000
나 만큼이라니? 내가 뭔데? 어?,As much as me? What am i? uh?,0.572551
...,...,0.000000
착각하지 마.,Don't be mistaken.,0.564520
...,...,0.000000
착각하지 말라고... 시발. 너한테 감정 상해서 이러는 거 아니니까 똑바로 들어.,"Don't be mistaken ... fuck. I'm not doing this because of your feelings, so listen straight.",0.656593
...,...,0.000000
"나도 얄팍한 이유 때문에 네 옆에 있었던 거 밖에는 없어, 너가 나한테 진정한 친구다, 이해해 줄 사람은 나뿐이라고 지껄일 때 속으로 얼마나 웃었는지 아냐? 어? ","I'm the only one beside you for a slim reason, you know that I'm a real friend, how much laughter you laughed at when you screamed that I'm the only one who understands? uh?",0.597408
...,...,0.000000
내가 한번이라도 너하고 친했다는 착각은 하지마. 그렇게 생각하는 거 자체도 역겨우니까...,Don't be mistaken that I've been close to you even once. It's disgusting to think so ...,0.576483
... 진심이야?,... I'm serious?,0.542244
네 자신이 제일 잘 알거야...,You yourself know the best ...,0.597055
너 입버릇 같이 가식적인 새끼들 싫어한다고 그랬잖아. 근데 웃긴 건 너가 제일 가식적이야. 모르겠어? 어떻게 말은 똑바로 하면서 행동은 반대냐? 그래서 애들이 널 좆같이 생각 하는 거 아니야...,You said you hate pretentious babies like habits. But the funny thing is that you are the most fake. I do not know? How do you speak upright and reverse your actions? That's why kids don't think you're fucking ...,0.602232
...,...,0.000000
너가 역겨우니까 네 주변 애들이 다 떠나지. 네 옆에 있으면 구토가 나거든... 알어?,"Because you're disgusting, the kids around you are leaving. I'm vomiting next to you ... you know?",0.646314
그거야... 그게 내 모습이야?,Is that ... is that what I am?,0.611547
그게 네 모습이야.,That's what you are.,0.555483
뭐가 어떻게 잘못 된 거지? 응? 어디서부터 뭐가...,What's wrong with how? Huh? What from where ...,0.505931
잘못 된 건 없어.,There is nothing wrong.,0.607155
...,...,0.000000
잘못 된 건 너지... 그냥 너만 없었으면 됐어.,What's wrong is you ... I just wish I didn't have you.,0.575573
계속 해봐... 계속 얘기해봐,Keep going ... keep talking.,0.578319
... 그냥 그런 부분들을 견디지 못해서 희준이는 전학 간 거예요. 제가 많이 말리려고 했고 얘기도 했었어요. 근데 도리어 저한테 다시... 저한테도 폭력적인 형태로 돌아왔어요.,"... Hee-jun just transferred to school because he couldn't stand those parts. I tried to dry a lot and talked about it. But, again, it came back to me ... in a violent way.",0.546075
어떤 식으로?,In what way?,0.566788
제가 기태 일이 있기 전에 병원에 입원했다고 했잖아요...,You said I was in the hospital before anything happened ...,0.586779
기태가 그랬다는 거야?,Are you saying that it was?,0.604794
"저 뿐만 아니라, 주변 친구들은 다 그렇게 피해를 봤을 거예요... 아버님이 만나본 애들 다...","Not only me, but all of my friends around me would have been harmed ... All the children your father met ...",0.619133
... 나한테 왜 이런 얘기를 하는거니? 어?,... Why are you telling me this? uh?,0.487294
아버님은 저하고 희준이 관련된 일들이 기태의 죽음하고 연관되어 있을 거라 생각하시 잖아요... 근데 저는 정말 모르겠어요. 아버님이 생각하듯 그런 게 아니에요...,Your father thinks that things related to me and Heejun are related to the death of Gitae ... But I really don't know. It's not like your father thinks ...,0.523765
... 무슨 생각을 했는데..?,... What were you thinking ...?,0.530188
"아버님이 생각하듯 기태가 약한 애는 아니에요.. 누군가한테 괴롭힘 당하지나 않았을까... 기태가 피해자라고 생각하셨겠지만, 도리어 저나 희준이나 다른 애들이 피해자였어요... 저희는..","I'm not a kid with a weak stance, as your father thinks ... Maybe someone was bullied ... You might have thought that taetae was a victim, but I and Heejun and other children were victims ... We ...",0.582391
그만해...,stop...,0.522075
...,...,0.000000
그만해...,stop...,0.522075
... 기태가 왜 그런 거니..? 왜 그랬는지 나한테 설명을 해봐.,... Why is Gitae like that ...? Explain to me why.,0.492526
제가 이해 할 수 있는 행동은 아니었어요...,It wasn't something I could understand ...,0.670529
...,...,0.000000
그냥... 잔인하게 애들을 괴롭히고. 그게... 그게 다에요... 그걸 어떻게 설명 할 수 있겠어요?,Just ... cruelly harassing the kids. That's ... that's it ... how can you explain that?,0.605788
그런 존재였니? 내 아들이?,Was it like that? My son?,0.634647
...,...,0.000000
내 아들의 가장 친한 친구가 보기에 그런 괴물 같은 모습인거니? 이해할 수 없는...,Does my son's best friend look like that monster? I don't understand ...,0.545756
.. 죄송합니다..,.. Sorry..,0.290488
그래.. 백번 양보해서 너희들 말대로 내 아들이 괴물이라 하자...,Okay ... I've made a hundred concessions and you're saying my son is a monster ...,0.706169
...,...,0.000000
그런 괴물 같은 애가 왜 그런 선택을 한 거니?,Why did such a monstrous child choose that?,0.583504
...,...,0.000000
내가 납득 할 수 있게 얘기해봐라...,Tell me so I can understand ...,0.634954
죄송합니다...,Sorry...,0.290488
죄송하다는 말은 지겨워...,I'm sick of saying sorry ...,0.543293
... 말씀드릴게... 없어요... 기태가 왜 그런 선택을 했는지...,... I'll tell you ... No ... Why did Gitae choose that ...,0.410170
...,...,0.000000
기태는 내성적이고 마음이 약한 애야. 내가 누구보다 잘 알아. 내 아들은... 근데 누구를 괴롭힐 위인이 못돼. 그건 내가 알어...,Gitae is an introverted and weak-hearted child. I know better than anyone. My son ... but I can't be a great person to bother. That I know ...,0.569637
...,...,0.000000
내 아들이 그랬을 리가 없어...,My son couldn't have done that ...,0.691692
...,...,0.000000
왜 이런 거짓말을 하는 거야?,Why are you lying like this?,0.549855
거짓말 아니에요... 아버님이 듣고 싶다고 하셨잖아요... 그래서 전 사실을 얘기 한 거예요.,It's not a lie ... You said your father wanted to hear ... So I told you the truth.,0.496784
기태하고 있었던 일들은 왜 숨기는 거야?,Why are you hiding what you were waiting for?,0.518478
숨기는 것 없어요..,Nothing to hide ...,0.518790
기태랑 제일 친하다는 애가... 기태 일 있고 나서 장례식 때도 안 왔잖아. 그리고 학교도 그만두고... 어?,The kid who is best with Gitae ... I didn't come to the funeral after I had Gitae. And I quit school ... uh?,0.556204
숨기는 거 없어요...,Nothing to hide ...,0.534757
다른 게 있다는 거 알어...,I know there's something else ...,0.670119
뭘 아신 다는 거예요?,What do you know?,0.412833
...,...,0.000000
예?,Yes?,0.714435
그 일 바로 직전에 너 찾아갔었잖아. 기태가...,You were there just before that day. Gi-tae ...,0.438570
...,...,0.000000
누가 그래요?,Who is it?,0.582118
기태 핸드폰 통화목록이 다 지워져 있어서 알아봤어.,I checked out the existing cell phone call list.,0.515256
전화 통화 한 적은 없어요.,I have never spoken on the phone.,0.561505
왜 너한테만 그렇게 전화 한 거야?,Why did you call me like that?,0.555851
...,...,0.000000
얘기해봐. 왜 숨기는 거야?,Talk to me. Why are you hiding it?,0.749143
숨기는 거 없어요.,There is nothing to hide.,0.770095
거짓말 하지 마.,Do not lie.,0.413127
...,...,0.000000
기태하고 만나서 무슨 일 있었던 거야? 어?,What happened after you met Ki-tae? uh?,0.458314
안 만났어요...,I haven't met ...,0.628840
거짓말 하지 마.,Do not lie.,0.413127
안 만났어요.,I didn't meet.,0.674000
얘기해.,Tell me.,0.634490
왜이래요!,Why is this!,0.827957
뭐하는 짓이야?,What are you doing?,0.589236
왜 이러세요!,Why are you doing this!,0.463187
피하지마... 내 눈 똑바로 보고 얘기해. 무슨 일 있었는지.,Don't avoid ... Look in my eyes and talk. What happened.,0.517949
아무 일 없었다고요.,Nothing happened.,0.575280
얘기하라고... 무슨 일 있었어..?,Tell me ... what happened ...?,0.526451
나한테 왜 이래요?,Why are you doing this to me?,0.572301
말해!,Say it!,0.538517
뭘 말해요!?,What do you say !?,0.556142
말하라고. 뭐 때문인지? 넌 알고 있잖아.,Tell me. What is it about? You know.,0.422195
"몰라, 시발 나한테 왜 이러냐고!","I don't know, why fuck me like this!",0.534628
얘기해봐.,Talk to me.,0.698045
꼭 그렇게 남 탓 하고 싶어요. 그래야지 안심이 되고 마음 편해질 거 같아요...,I really want to blame others. That way I feel relieved and comfortable.,0.567696
무슨 소리야?,What are you talking about?,0.530164
비겁해. 기태 어머니 돌아가셨을 때도 그렇게 비겁했어요?,It's cowardly. Was it so coward when your mother died?,0.568791
당신 때문이 아니라는 얘기가 듣고 싶어요? 그렇게 듣고 싶어요..?,Do you want to hear that it's not because of you? I want to hear that ..?,0.625911
...,...,0.000000
당신 때문이 아니야... 됐어요!?,It's not because of you ... Okay !?,0.555097
시원해? 시원하냐고?,Is it cool? Is it cool?,0.553153
시원해요? 시원해?,Is it cool? Is it cool?,0.630596
이제 와서 왜 이래요? 이제 와서... 늦었잖아요... 예? 뭐가 달라져요? 도대체 무슨 얘기가 듣고 싶은 거예요? 무슨 얘기가?,Why come now? It's late ... It's late ... Yes? What changes? What the hell do you want to hear? What are you talking about?,0.565771
그건 아니야... 임마.,That's not ... dude.,0.658955
뭐가 아니야...?,What is not ...?,0.548997
"야, 잘 생각해봐. 그렇게만 볼 건 아니지...","Hey, think carefully. It's not just that ...",0.548007
"넌 그게 문제야, 임마! 너무 신경 쓰지마. 너가 좋으면 좋은 거고 너가 하고 싶으면 하는 거지...","You are the problem, man! Don't worry too much. It's good if you like it, and you do it if you want to ...",0.589718
"너나 잘해, 새끼야...","You're good, baby ...",0.493428
난 잘 하고 있어. 병신아.,I'm doing well. Asshole.,0.519636
지랄... 공이나 줘봐!,Damn it ... Give me the ball!,0.615280
"왜 그렇게 애지중지 하냐, 그 공은?","Why do you care so much, the ball?",0.565855
... 별로...,... not really...,0.546914
뭐가 별로야? 앞뒤 말 다 생략하면 어떻게 이해하라고..? 어?,What is not good? How to understand if you omit all the words before and after ..? uh?,0.608012
... 어렸을 때 받은 거니까... 아버지한테.,... I received it when I was a child ... from my father.,0.658723
그 공 나 줘. 조만간에 생일이잖아.,Give me that ball. Soon it's birthday.,0.625576
이건 안돼 임마.,This is no dude.,0.593464
"... 새끼야, 농담인데 왜 정색하냐?","... baby, you're kidding, why are you sober?",0.499892
내가 정색했냐?,Did I make up?,0.624181
그래 임마. 꼴에 정색하고 지랄이야?,Yeah dude. Are you crazy and tired?,0.552246
"아, 존나 시끄럽네. 알았어. 먹고 떨어져 새끼야. ","Oh, it's fucking loud. Ok Eat and fall off.",0.596534
진짜지? 진짜 가진다.,Really? I really have.,0.559432
내놔 새끼야.,Gimme a baby.,0.552770
"알았어, 임마.","Okay, dude.",0.540743
그 공 받고 어렸을 때 야구 선수 하고 싶어 했는데... 국민 타자.,"When I was younger after receiving the ball, I wanted to play a baseball player.",0.645862
국민 타자 같은 소리하고 있네.,It sounds like a national batter.,0.579973
결승에서 만루 홈런 치고 ‘하늘에 계신 어머니께 이 영광을 바치겠습니다!’라고 인터뷰에서 떠들고...,"In the final, he hit a home run and said in an interview, 'I will give this glory to my mother in the sky!'",0.658115
육갑을 해요...,I wear six ...,0.563717
그런 모습을 보면 아버지도 웃을 거라고 생각했어.,"When I saw it, I thought my father would laugh too.",0.511839
...,...,0.000000
어머니 돌아가시고 나서 제대로 웃는 걸 본적 없어...,I haven't seen her smile since she died ...,0.522608
만루 홈런 한번 치고 웃게 해드려～,Let's make a laugh after hitting a home run ~,0.603427
장외 홈런. 사람들이 모두 나를 향해서 환호하고... 모두가 나를 주목하고.,OTC home run. Everyone cheers for me ... Everyone pays attention to me.,0.489727
