아야 ~ ,Ouch ~,0.599990
뭐가 웃겨 이것들아 아파죽겠는데...,What's funny is that these things will hurt ...,0.612431
괜찮아? 어디 봐?,OK? Where do you look?,0.536795
아 ~ 괜찮아 ,Ah ~ it's okay,0.578255
이구 이 덜렁아 ~ 지진 나는 줄 알았다. ,I think this is a sloppy ~ earthquake.,0.608724
하~ 꿈꿨어 .... 하 뭐 이런 꿈을 꾸지?,Ha ~ I had a dream .... ha What are you dreaming like?,0.667514
이 빨갱이들.. 하필이면 시험 마지막 날 쳐들어오고 있어. 명효야! 그거 하나만 .... ,These reds ... They're coming in on the last day of the exam. Myeonghyo! That's only one ....,0.584217
웬 양이 이렇게 많아? ,How many are there?,0.524469
이게 진짜 죽을래? 이거나 도와줘 ,Will this really die? Or help me,0.549499
아 배야 아~ 어제 라면 먹지 말걸. 명효야 이것 좀 걷어서 세면장으로 와 .  아~,"Ah, my stomach ah ~ Don't eat ramen yesterday. Myeong-hyo, come walk to the toilet. Oh~",0.585605
아 똥.... 야 좀 빨리 나와 . 아아 !!,"Oh shit ... Hey, come out a little faster. Ah !!",0.579297
누가 이나 좀 도와줘라. 오늘 빨갱이 쳐들어와서 신경이 예민하시다. ㅎㅎ,"Someone help me. Today, red pepper comes in and is nervous. hehe",0.509546
이명효.. 너 볼일 보고나서 두고 봐 죽었어....,"Lee Myeong-hyo .. After seeing your work, I left you dead ...",0.485141
너 그러다 싸겠다. ,You will be cheap.,0.549304
야!,Hey!,0.401803
응 영양제 먹었어. 엄마. 응 알았어... ,"Yes, I took a nutritional supplement. Mom. yea, I got it...",0.582819
전화 좀 나가서 받을래?,Would you like to go out and answer the phone?,0.588970
엄마 끊어  남 상관 말고 니 할일이나 해,"Don't care about your mom, do your job",0.504375
여기 너 혼자만 있어? 신경 쓰이니까 나가서 전화 하라구 . ,"Are you alone here? I'm worried, so go out and call me.",0.481784
엄마 없는 건 니 사정이지 나한테 왜 그래,"It's your situation without a mother, why do you do that to me",0.652158
뭐 이 새끼야? ,What is this kid?,0.719160
강이나 좀 조용히 하자. 공부하는 사람들 있잖아 ... ,Let the river be quiet. There are people who study ...,0.582084
입에 금수저 물고 난 자제분들 이라고 서로 편먹는 거니 너 네들.... ,Are you guys complaining to me that I'm a child who has a gold spoon in my mouth?,0.599767
말이 좀 심하다.,I'm a little speechless.,0.610433
엄마 놓고 이상한 소리 해댄 건 니들이야,It's you who made a strange noise over your mother.,0.568330
내가 언제 엄마를 걸고 넘어졌니? ,When did I fall on my mother?,0.485899
학교에서는 엘리트 행세 다 하고 다니면서 니들끼리 이상한 말 퍼트리고 다니는 거 ,"At school, you're all elite, spreading strange words among yourself.",0.517878
말 좀 가려서 해라. 추하다.... 너 엄마 없는 건 사실이잖아,Do some hiding. Ugly ... It's true that you don't have a mother.,0.577014
이것들이 선생님들까지 벌벌 기니까 뵈는 게 없지?!,"Since these are punished even by the teachers, there is nothing to lose!",0.687547
그거야 능력이지... ,That's the ability ...,0.674567
아니지 편법이지,"No, it's a shortcut",0.589714
너랑 상대하는 시간이 아깝다. 선생님한테 그대로 얘기해 줄까?,It's a waste of time dealing with you. Would you like to talk to the teacher?,0.583572
육성회장님 한테 얘기하는 게 아니구?,You're not talking to President Foster Sung?,0.632861
억울하면 넌 강현한테 일러. ,"If it is unfair, you will tell Kang Hyun.",0.641553
너 되게 유치하구나.,You are so childish.,0.511150
"야야 주번, 일루 와~ 이거 장난감 핸드폰 아니야? 다시 가져와 임마","Hey, lord, come on. Isn't this a toy phone? Bring it back dude",0.532730
아 새끼 거 냄새난다. 임마~ 얼마나 마신거야?,"Oh, it smells like a baby. How long have you been drinking?",0.633628
김세임  땜에 죽도록 마셨어요. 중간에 도망가면 어떡해요.,I died because of Kim Se-im. What to do if you run away.,0.475015
시험문제 검수하느라고 전날 날 꼬박 샜어 너무 피곤하더라고.,I was so tired that I woke up the day before checking the test questions.,0.597753
선배는 시험을 무슨 예술로 보는 경향이 있어. 대충 퍼다 가 내면 되지.,Seniors tend to see the test as an art. You just need to spread it out.,0.582283
야 임마 내신 하나에 애들 미래가 달라져... 변별력 있게 내야지 너처럼 대충 하면 되겠어? ,"Hey guys, the future of the kids is different for one ... I have to be discerning.",0.531035
선배가 고민해서 안해도 우리학교 애들 다 지들이 알아서 열심히 해.,"Even if my seniors don't worry about it, all the kids in our school take care of it.",0.672931
네 안녕 하세요 선생님,Yes hello teacher,0.432809
왜 이렇게 안색이 안 좋으세요.,Why are you so uncomfortable?,0.612388
그런가요?,is that so?,0.711385
저 샘은 웃는 걸 본 적이 없어 ,That Sam never saw me smile.,0.556707
어때 이쁘잖아,How's it pretty,0.681664
아니 학교에 아직도 담 넘어 다니는 학생이 있다니 이게 말이 되요? ,"No, does this make sense that there are still students in the school still walking over the walls?",0.628975
너 지금 뭐하는 거니? ,What are you doing now?,0.487418
.............,.............,0.000000
다시 풀어. 장난하지 말고...,Release again. Don't be kidding ...,0.582413
왜 그래? 무슨 일 있어?,What is it? What's going on?,0.777094
시험지가 이상해요...,The test paper is weird ...,0.590292
너무 긴장해서 그래 .. 천천히 풀어... 자~ 일어나,I'm so nervous .. Slowly release it.,0.528713
망했어 난 망했어....,I'm screwed I'm screwed ...,0.507310
오. 마이갓 정말이야? 답이 이거야?? ,Five. Really? The answer is this ??,0.512949
"시험도 끝나고, 날씨도 예술이고... 일찍 끝났는데 뭐 재밌는 거 없나?","The exam is over, the weather is art ... I ended up early, is there anything interesting?",0.647527
이거나 널어. ,Or it's up.,0.592151
너 양이 많은 걸 보니까 스트레스 너무 많이 받은 거 아니야?,"Seeing that you have a lot, didn't you get too much stress?",0.575190
정말 오늘은 최악이다. 꿈땜에 그런가?,It really is the worst today. Is it because of your dreams?,0.593761
무슨 꿈? ,What dream?,0.659037
얘기했잖아. 이상한 꿈 꿨 다구... 하~ 시험 잘 봤어?,I told you. I had a strange dream ... Ha ~ Did you do well on the exam?,0.620178
응 느낌이 좋아 꿈땜에 그런가?,"Yes, I feel good, is it because of my dream?",0.627236
무슨 꿈?,What dream?,0.659037
원빈오빠랑 자는 꿈... ,Won-bin's dream of sleeping ...,0.495591
빈 오빠가 미쳤냐? 너하고 자게?,Is your empty brother crazy? Sleep with you?,0.542394
꿈인데 뭐...,It's a dream ...,0.604689
"안 돼, 꿈도 허락 할 수 없어. ","No, I can't even allow dreams.",0.531442
막~  해주는데 정말 하는 거 같더라니까,I'm just doing it but it seems like I'm really doing it,0.695167
아~ 안돼 미친년.... 일루와 ,"Ah ~ No, crazy girl ... Illuwa",0.503505
으구 기집 애 이제 좀 웃네..,"Ugh, little girl, now laugh a little ...",0.674743
여기가 여자 기숙사 옥상이구나?,Is this the rooftop of a female dormitory?,0.603350
어머~ 현아 ,Oh ~ Hyuna,0.103553
너 여기 어떻게 왔냐? ,How are you here?,0.351342
이 오빠가 못 가는 데가 어딨겠냐.  ,Where can this brother not go?,0.450319
사감 선생님 오기 전에 가라,Go before the sensational teacher comes,0.708666
200일주 한잔 해야지. 스트레스도 풀고...,I need a drink for 200 weeks. Relieve stress ...,0.591150
어 진짜 200일 밖에 안 남았구나..,"Uh, there are only 200 days left ...",0.517783
뭘 또 맞장구 치고 있어...,What else are you playing against ...,0.710106
중간고사도 끝났는데 클럽 놀러 와라 파티 한다.,"The midterm exam is over, but we come to the club to party.",0.560457
너나 파티 하세요. 학교를 왜 다니는지 도무지 알 수 없는 정신없는 놈아. ,Have a party with you. I can't figure out why I go to school.,0.525857
꼭 와야 돼. 니들 안 오면 내가 납치하는 수가 있다. 내가 맘먹으면 할 수 있다는 거 알지?,"Must come. If you don't come, I can kidnap you. You know I can do it if I like it?",0.532922
그래봐 그랬다간 죽는 수가 있다.,"Yes, then you can die.",0.453071
제발 납치해 줬으면 좋겠다.,I hope you kidnapped me.,0.450237
지랄을 해요.. 아주~,I'm fucking ... very ~,0.538207
아 왜~ 멋있잖아. ,Oh why ~ It's cool.,0.632508
아 뭐야 진짜 이런 거 공개 안하면 안 돼? 이런 거 공개하는 학교가 어딨어 짜증나 ,"Oh, what can we really do? Why is it annoying to have a school that releases this?",0.534197
아 시발 ~ 한 등급 또 떨어 졌어.,Ah fuck ~ one grade fell again.,0.590029
이나야? 괜찮아?,Ina? OK?,0.477915
어? 어.... 내가 뭐 천재냐? 매번 장학금 타게.,uh? Uh ... what am I a genius? Get a scholarship every time.,0.657968
그래도....,still....,0.744328
걱정 하지마. 윤명효! 4등 등극을 축하한다! 딸기우유나 한잔 쏴라,Do not worry about it. Yoon Myeong-hyo! Congratulations on your fourth place! Take a glass of strawberry milk,0.671150
쥐포도 쏠게 ,I'll shoot the grapes.,0.621128
좋지,good,0.508808
3학년 1등 또 황선생 반이네 대단해. 어떻게 황선생은 어떤 애들을 붙여놔도 1등이네.,"Hwang Sensei's class is also great. No matter how many kids you attach, Hwang is the first place.",0.526292
애들이 열심히 해서 그런거죠 뭐,It's because the kids worked hard.,0.581207
최선생... 분발 해야겠어 . 3등으로 떨어졌어요.,Best student ... I have to try. It fell to third place.,0.602396
죽일 거야 죽일 거야 다 !,I will kill you I will kill you all!,0.778740
야! 조범! 조용히 안 해! ,Hey! Jo Bum! Don't be quiet!,0.710984
뭐야 저 병신새끼. 시험 기간만 되면 아주 생 지랄을 해요.,"What is that asshole? After the trial period, I'm very sick.",0.577833
작년부터 애가 좀 이상해 왜 저래?,The kid has been a bit weird since last year.,0.710497
다친데 없어?,Are you hurt?,0.374398
어 ~ 괜찮아...,Uh ~ it's okay ...,0.546758
10분 뒤에 아침조회가 있을 예정이오니 학생들은 모두 운동장으로 나와 주시기 바랍니다.,"There will be a morning inquiry in 10 minutes, so all students are requested to come to the playground.",0.579876
조용! 조용! 선생님들께서는 속히 아이들을 정렬해주시기 바랍니다.,quiet! quiet! Teachers are expected to sort the children as soon as possible.,0.668369
노래 어때 ? ,How about singing?,0.561457
너 미친 거 아니냐?,Are you crazy?,0.447695
학교가 이런 맛도 있어야지 ...,School should have this taste ...,0.544462
너 나한테 잘 보여라 여차하면 신고해 버린다.,"If you still show me well, report it.",0.477099
강현! ,Ganghyun!,0.000000
니들은 들어가  또 너지? ,You go in and you again?,0.651928
"선생님께서는 왜 증거도 없이, 사람부터 때리세요? ","Why do you hit people first, without evidence?",0.554164
증거?  너 증거라고 그랬냐? 이 자식이.... ,evidence? Did you say it's proof? This child ...,0.630157
"이 선생, 흥분하지 말고, 그만 해요. 내가 알아듣게 얘기할게...","Teacher, don't get excited, stop. I'll tell you to understand ...",0.574628
넌 내가 담임이었으면 오늘 가만 안 놔둬...,"If you were my homeroom, don't leave today ...",0.514762
알았어요. 내가 교육 시킬께요. ,I see. I will educate you.,0.478416
"선생님, 긴급 교무회의 한다고 교무실로 바로 오시래요...","Teacher, I want to come to the teacher's office for an emergency academy meeting ...",0.614663
아 또 잔소리 꽤나 듣겠구만....,"Oh, I'm going to hear some nagging again ...",0.674427
선배 어떻게 할 꺼야... 지금 교장실 난리 났어요. ,What are you going to do ... The principal's office is in trouble.,0.642578
왜 틀린 거 하나도 없 더 구만 노래도 좋구...,"Why isn't there anything wrong, and the song is good ...",0.655507
반만 1등하면 뭐해요. 학교 이미지 다 망쳐 놓는데... ,What do you do if you are first in class? It ruined all the school images ...,0.562086
무슨 말을 그렇게 해요...,What do you say ...,0.430610
1학년 때 수학여행 가서 ,I went on a school trip in the first grade,0.618111
야 매로 다스릴 애였으면 벌써 그렇게 했어. 강현이 나쁜 애 아니야... 애를 이해하고 다스려야지 ,"If you were the one to rule with hawks, you already did. Kanghyun is not a bad boy ... I have to understand and govern him.",0.644210
하긴 뭐 애들 인기에 워낙 신경 쓰시니... ,But what do you care about kids' popularity ...,0.611295
내가 아이돌 인가? 결혼을 안 해서 애들 맘을 잘 모르시죠? ,Am I an idol? You're not married so you don't know the kids' mind,0.570951
왜 그래요 들 ... 열 받는 건 난데 왜 둘이 싸우고 난리야 ,Why are you guys ... I'm getting fevered.,0.451926
앉아요. 금쪽같은 수업 빼서 회의 하는 거니까 간단히 전달 사항만 얘기하겠습니다.,"sit down please. Since we're having a meeting without a class like this, I'll just talk about the details.",0.636084
네 ,Yeah,1.000000
아이들 발음문제 특별히 신경 쓰시기 바랍니다. 이번에 기대하겠습니다.,Please pay special attention to children's pronunciation problems. We look forward to this.,0.662464
네 ...,Yeah ...,1.000000
기획서 누가 작성 했습니까?,Who wrote the proposal?,0.484246
네 제가 했습니다. ,Yes I did.,0.447089
음  여기 나온 대로 진행 할 테니까 선생님이 전체 통솔을 맡아 주고.. ,"Well, I'm going to proceed as shown here, so the teacher will take care of the whole thing ...",0.602886
네 ... 반 학생 중에 영어를 좀 하는 녀석이 있어서 도움을 좀 청하려고 합니다. ,"Yes ... Some of my classmates speak English, so I'm going to ask for some help.",0.591825
그건 알아서 하세요. 하~ 오늘 아침조회는 도대체 뭡니까? 긴말 않겠어요.,Do it yourself. Ha ~ What's the morning inquiry? I won't say a long word.,0.579634
시말서 준비하셔야 겠네요 ...,You should be prepared ...,0.536133
이번 주말까지 성적 떨어진 사람 연습장 3권씩 채워... ,Fill in 3 practice books for those who have lost grades until this weekend ...,0.650646
니들 커서 나같이 선생이나 할래? 이 학교 나와서 연 고대 밑으로 갈 꺼야?,Would you like to be a teacher like me when you grow up? Are you going to go out of this school and go down to ancient times?,0.574621
선생님 저희 학원도 가야돼는데...,Teacher Our school also has to go ...,0.525744
신곡발표가 너무 요란했던 거 아니야? ,Wasn't the new song announcement too loud?,0.571938
죄송합니다. 선생님. ,Sorry. Teacher.,0.362490
선생님이 이번엔 커버해 준다. 노래가 좋아서 봐주는 거야... ,The teacher covers this time. I like the song because I like it ...,0.601528
선생님! 놀톤데... ,Teacher! I'm surprised ...,0.557257
그러니까 벌이지 임마 .... ,"So, dude, dude ....",0.427429
뭘 해야 하는지 는 알고.... ,I know what to do ...,0.338325
나와 보면 알아. 그럼 그렇게 결정 난거다. ,Look at me and know. Then it was decided.,0.614806
차라리 화장실 청소할게요. 선생님! 저 주말에 공연해야 돼는 데...,I'd rather clean the bathroom. Teacher! I need to perform that weekend ...,0.463782
아~ 내일 주말인데 다른 애들 다 집에 가고 이게 뭐야,"Ah ~ Tomorrow is the weekend, all the other kids go home and what is this",0.661661
야 영광으로 생각해. 그래도 학교 대표로 나가는 건데.. 나는 방도 우리만 쓰니까 좋구만...,"Hey, I'm honored. I'm still going to be the school representative.",0.471188
스무 명이 참가한다고 했나?  이나야 오늘 클럽 가자. 사감장도 없는데,Did twenty people say they would participate? Inaya Let's go to the club today. I don't have a supervisor,0.654156
기숙사 탈출하자고? ... 너 왜 갑자기 안하던 짓을 하고 그래,You want to escape the dorm? ... why do you do something you didn't suddenly do,0.598336
내가 점점 널 닮아 가나봐 히~,I'm getting more and more like you,0.578301
허~ 참. ,Huh ~ True.,0.764877
이나야 ...,Inaya ...,0.000000
그 한심한 놈이 그렇게 좋니?,Is that pathetic guy so good?,0.586102
응~,Yes ~,0.744328
그럼 좋다고 해~! ,Then say good ~!,0.593444
못 하겠어. ,I can't.,0.338880
내가 대신 말해줘?,Can I tell you instead?,0.639465
싫어. 안 돼.... ,Hate. No....,0.649163
너 혼자가! ,You go alone!,0.690122
"야 이나야, 너는 걔랑 친하잖아 나 혼자는 못 가겠단 말이야.","Hey ina, you're close to her, I can't go alone.",0.449715
몰라 기집애야 너 혼자가! ,"I don't know, girl, you go alone!",0.507257
거기 누구요?,Who is there?,0.440211
허허허헉.....,Huh huh huh ...,0.714435
뭐하는 거야? 거기서,What are you doing? at there,0.609433
뭘 보고 이러는 거야 지금... 어이 학생 왜 그래~,What are you doing here?,0.330014
대학생 맞아요? 이거 학생증 위조 한 거 아니죠?,Are you a college student? Isn't this a fake student ID?,0.640216
저희가 고등학생으로 보여요? ,Do we look like high school students?,0.629446
와줘서 고맙다.,Thank you for coming.,0.633191
나한테 고마울 거 없어. 명효가 오자고 해서 온 거야. 그래도 뭐 생각보다 재밌네. ,There's nothing to thank me for. It was because Myeonghyo asked to come. It's more fun than I thought.,0.588786
뭔데? ,What?,0.401917
너 같은 꼴통이 어떻게 우리 학교를 왔냐? 중학교 때 공부 좀 했냐?,How did a school like you come to our school? Did you study in middle school?,0.604337
비밀인데 너니까 얘기해줄게.... 학교에 버스 3대 사주고 입학했어.,"It's a secret, so I'll tell you ... I bought three buses and went to school.",0.609019
아~ 그래? 버스 3대면 우리학교 들어올 수 있구나... ,Ah ~ Three buses can enter our school ...,0.545760
겁 대가리 없는 건 학교지... 너 우리학교 비리가 얼마나 많은 줄 알어? ,It's school without fear ... How many do you know about our school corruption?,0.567938
너 또 다음에는 무슨 짓을 하려구,What are you going to do next time,0.620114
학교가 한번 발칵 뒤집어질만한 좋은 계획이 있지... ,I have a good plan for the school to flip over once ...,0.486963
너도 참 한심한 청춘이다. 그래 학교 다니는 또 하나의 이유가 뭐냐?,You are also a pathetic youth. So what is another reason for going to school?,0.581441
또 하나는 ....... 너. ,Another one ....... you.,0.554834
새끼 어디서 수작 피우기는.... ,Where do you smoke?,0.399647
수작이라니.... 나도 궁금한 게 있어,It's a masterpiece ... I have a question too.,0.585129
뭐,What,0.568396
왜 이렇게 장학금에 민감해?,Why are you so sensitive to scholarships?,0.664539
너같이 있는 놈들 한 테는 별거 아니지만 난 달라 더 이상은 묻지마. ,"It's no big deal for guys like you, but I'm different, don't ask any more.",0.603845
눈 풀어라. 느끼하다.,Release your eyes. greasy.,0.575620
야 근데 좃 밥이 뭐냐?,"Hey, what's her rice?",0.480490
어? 그런 게 있어 ,uh? There is something like that,0.623982
나중에 알려줘라 ... 야 이명효 가자,"Let me know later ... hey, let's go",0.530223
야 오늘은 특별수업인데 꼭 걷어야 되냐? ,"Hey, today is a special class, should I walk?",0.600235
악마의 입 냄새 가 걷으랬어. ,The devil's mouth told me to walk.,0.636869
마저 걷어서 복도 사물함에 놓고 와 ...,Even walk and put it in the locker in the hallway ...,0.636490
혜영 이는 아직 안 왔구요. 동혁이는 똥 싸러 갔어요.,Hye-young hasn't come yet. Donghyuk went to fight shit.,0.475620
웃음...,laugh...,0.567922
혜영이가 그럴 애가 아닌데... 무슨 일 있나? 이나야 너 기숙사 좀 갔다와봐,Hye-young is not a kid ... What's going on? I think you went to the dorm,0.552460
네? 네~,Yeah? Yes ~,0.838525
"조범, 너 언제부터 이랬니?","Jo Bum, when did you do this?",0.754951
시험 때만 되면 이상 한 게 보여요,I can see something strange at the time of the exam.,0.697065
뭐가 보이는데?,What do you see?,0.529597
여자요...무섭게 생긴...,Woman ... looks scary ...,0.539682
근데 팔은 왜 이렇게 만들어 놨어,But why did you make your arm like this,0.664335
내가 그러는 게 아니 예요. 걔가 그러는 거지,I'm not like that. That's what he does.,0.590667
그래 가서 앉아 ,Yeah go sit,0.529357
조금 있다가 최소영 선생님 들어오셔서 VTR수업 할 꺼니까 그동안 자습하고 있어...,"After a while, Mr. Choi, Choi will come in and take a VTR class, so I've been studying ...",0.593229
아 진짜 나는 왜 남아야 하냐고. 아무런 관련도 없는데...,"Oh really, why should I stay? It has nothing to do with ...",0.566457
넌 임마 군기반장 이잖아. ,You're the chief of the army.,0.522348
괜히 선배가 기획서 도와 달라고 그래서 나까지 남은 거 아냐,It wasn't until the seniors asked me to help with the proposal.,0.579913
"짜식, 선생이 되가지고 학교 좀 오는 게 어때서 그래.... 참, 최선생님.","Ja-sik, it's like being a teacher and coming to school a little bit.",0.594906
조범이 말예요 혹시 부모님 만나 보셨어요?,"Jo Bum, have you met your parents?",0.495435
별 걸 다 신경 쓰시네요.. ,You care about everything.,0.520193
전 좀 신경이 쓰이네요.,I'm a little worried.,0.483147
그렇잖아도 전화 했는데 이번 초청수업에는 꼭 참가를 해야 한다면서 ,"Even so, I called and said I must participate in this invitation class",0.588199
심각해 보이던데 ,It looked serious,0.684759
"뭐, 다 지 팔자지. 부모가 안 된다는데 어떻게 해. 아휴~ 애들 공부를 적당히 시켜야지","Well, let's sell it all. What do you do when you're not a parent? Ah ~ I have to study the kids properly",0.602488
임마 너는 청결먼저 어떻게 좀 해봐,How do you do it first,0.391496
아 나 정말 나 이빨 닦았어..,Ah I really brushed my teeth ...,0.629548
수업준비물 챙기러 왔다가 깜짝 놀랐네.,I was surprised when I came to pack my class.,0.577359
저는 선생님 신음소리 때문에 놀랐는데 히히.,"I was surprised by the teacher's moaning, but hehe.",0.559413
일단 수업 들어가자 나도 가던 참 이었어.,"Once in class, I was going too.",0.475376
혜영이랑 동혁이 아직도 안 왔어?,Hye-young and Dong-hyuk still haven't come?,0.490165
동혁 이는 아무래도 느끼고 있나본데 ? .. ,"Donghyuk, is this how you feel? ..",0.397408
조용!. 첫 시간은 VTR 레슨을 할 껀데,quiet!. The first time is for a VTR lesson,0.642801
악~!!!!!!!!!!!!,Evil ~ !!!!!!!!!!!!,0.384464
어 넌 왜왔어 임마,Uh why are you here dude,0.628098
담임선생님이 오라고 그래서요.,That's why the homeroom teacher asked me to come.,0.580902
어 현이 왔구나. ,Oh Hyun is here.,0.633039
예 선생님 전 뭐해야 되요?,Yes teacher What should I do?,0.625965
너 중학교 때까지 영국에서 살았다며,That you lived in England until middle school,0.665309
네,Yeah,1.000000
저기 서류들이 다 원문 서류들인데 니가 분리 좀 해줘라,"All of the documents there are original documents, but please separate them.",0.675334
임마 부모님한테 잘 해 너 같은 꼴통 그래도 가르치겠다고 유학까지 같다왔으면...,"I'm so good to my parents, I'd like to study abroad to teach you the same way ...",0.526258
이선생... ,Teacher ...,0.504125
쟨 왜 저기 있대 ?,�� Why are you there?,0.439712
어 저기가 어디야?,Where is that?,0.512704
아,Ah,1.000000
조용! 너희들 제자리에 앉아. ,quiet! You guys sit in place.,0.666149
누구야! 어떤 녀석이 또 장난질이야? ,Who is it! Which guy is kidding again?,0.624857
저거 혜영이 아니야? 이 선생 방송실로 가봐.,Isn't that Hyeyoung? Go to this teacher's broadcast room.,0.604070
네 선배,Four seniors,0.590507
일단 애들 동요하면 안 되니까 상황보고 안 되겠으면 전원을 다 꺼버려 ....,"Once you can't shake the kids, turn off the power if you can't see the situation ....",0.581424
이걸 어떻게 하는 거야? 무슨 선이... 이렇게 많아? ,How do you do this? What line ... so many?,0.563591
시팔 이거 뭐야. 왜 안 꺼져... ,What is this? Why doesn't it turn off ...,0.655014
이 자식을 그냥~!,Just this child ~!,0.659916
그 애가 오고 있어... 아~ 그 애가 그 애가 왔어,She's coming ... Ah ~ She's here.,0.551005
아 저 새끼는 또 왜 지랄이야 재수 없게... ,"Oh, why is that motherfucker again?",0.612415
이나야 무서워,I'm scared,0.445527
괜찮아 ,OK,0.322984
너네 사귀냐? ,Are you dating?,0.500366
쥐 새끼같은 놈 ,Rat,0.304955
선생님 핸드폰 되세요?,Do you have a cell phone?,0.494375
전원이 안 켜지는데요?,The power does not turn on?,0.639944
너지 너 말고는 이런 천재적인 짓을 할 새끼가 없어.,There's no cub to do this genius other than you.,0.570213
네?!  ,Yeah?!,1.000000
이 새끼 모르는 척 하는거 봐,Look pretend you don't know this bastard,0.589440
증거도 없이 무조건 범인으로 몰아세우지 마세요. ,Don't drive him to the culprit without evidence.,0.579591
너 증거 라 그랬냐? 그래서 지난번 조회시간에도 뻔히 네 녀석이 ,"Did you say evidence? So even in the last inquiry time, your guy is obvious",0.689937
전 장난은 쳐도 살인은 하지 않습니다.,"I play a joke, but I don't kill.",0.470726
이 선생! 진정해.,This teacher! Calm down.,0.636783
지금 진정하게 생겼습니까?,Is it true now?,0.384987
지금 뭐하는 거예요. ,What are you doing now.,0.557383
제가 한 거 아니에요. 제가 안했습니다. ,I didn't do it. I didn't.,0.521869
아니긴 뭐가 아니야! 이 새끼야! ,"No, not what! This bastard!",0.544145
"선생님, 이나 자리에 혜영이 핸드폰이 있어요. ","Teacher, Hye-young has a cell phone in the seat.",0.558491
강이나 너 그 핸드폰 어디서 났어...,Where did the river or you get that cell phone ...,0.656842
선생님이 기숙사 다녀오라고 하셨을 때 복도에서 주은 거예요...,"When the teacher told me to go to the dorm, I gave it in the hallway ...",0.648500
니들 둘이 친하니까 짜고 했을 수도 있잖아. ,You two might be salty because you're close.,0.537278
죽을래? 시발 놈아,Wanna die? Fuck,0.581990
선생님 앞에서 무슨 짓이야,What are you doing in front of the teacher,0.713123
하지 마 ,Do not,0.411460
왜 학교 전화가 다 안 되는 거예요?,Why can't I get all my school calls?,0.572324
그러게 말예요 전화가 안 되니까 영~ 깝깝 스럽구만 이것이 뭔 일이래~ ,"I can't make a phone call, so I'm sorry but this is what it is ~",0.540183
저기가 어딘 것 같아요?,What do you think there is?,0.633271
글쎄요 잘 모르겠는데요?,"Well, I'm not sure?",0.510320
잘 좀 봐요. 아저씨,Take a good look. Mister,0.564666
이래 뵈도 수위경력 10년이 넘는데 제가 학교 안 가본 곳이 어디 있겠어요?. ,"Since then, she has been in the water for over 10 years, but where has I been to school ?.",0.562275
저 아저씨도 핸드폰이 안 되나요?,Doesn't he even have a cell phone?,0.610835
그러게 내 핸드폰도 안 켜지던데 밧떼리가 다 돼서 안 된다고 생각하고 있었는데 ,"I didn't turn on my cell phone like that, but I was thinking that the battery should be gone",0.672167
뭐야 저거 ....,What is that ....,0.651530
아~,Oh~,0.750000
야 이놈들아 뭐하는 거야 질서 있게 행동 못해 ,"Hey, what are you doing, you can't act in order.",0.482037
야 너 거기 서... 거기 안서 ... ,Hey you standing there ... not standing there ...,0.573172
이 선생 나가서 경찰에 신고 좀 해. 애들 내가 통제 할 테니까,Go out there and call the police. Because the kids will control me,0.607120
나가면 죽는 다고 그랬잖아요. 어떻게 나가요. ,You said you die when you go out. How to get out.,0.548720
그럼 애들 이렇게 놔 둘 꺼야?,So are you going to leave the kids like this?,0.596458
지금 나가다 진짜 변을 당하면 어떻게 하려구요.,What should I do if I get out and get a real stool right now?,0.623123
그 말을 믿어요?,Do you believe that?,0.599635
지금 이게 장난처럼 보여요? 그럼 선생님이 나가세요.,Does this look like a joke now? Then the teacher goes out.,0.549281
니들 정말 말 안 들을래? 안 되겠어 내가 나갔다 올께요.,"Do you really want to listen? No, I'm coming out.",0.539346
집으로 갈래요 / 보내주세요 / 무서워요.,I want to go home / send me / I'm scared.,0.472262
진짜 무슨 일 생기면 어떻게 하려고 그래요? ,What would you do if something really happened?,0.555356
그렇다고 가만히 있을 수는 없잖아요.,But you can't stay still.,0.452678
그걸 하나 못 막고 있어요?,Can't you stop it?,0.627111
그럼 남자애들이 밀어 붙이는데 어떡하라는 거예요.,Then the boys are pushing and sticking.,0.558454
선생님 싸우고만 계시지 말고....,"Teacher, don't just fight ...",0.464127
아저씨 아이들 막아요.,Stop your children.,0.595624
넌 누구니?,Who are you?,0.252600
저는 창인 외고 3학년 3반 김동혁 입니다.,I'm Donghyuk Kim in 3rd grade at Changin Foreign High School.,0.477002
니가 왜 여기 있다고 생각해?,Why do you think you are here?,0.507653
살려 주세요! 제발 살려 주세요.,Help me! Please save me.,0.427991
이제 죄를 고백 하거라. 무엇을 잘못했니?,Now confess your sins. What did you do wrong?,0.618455
살려 주세요. 정말 잘못 했어요.  아 아~,Help me. I was really wrong. Ah ah ~,0.483725
죄를 고백 하거라...,Confess your sins ...,0.628787
그게 ... 나쁜 짓을 했습니다. 너무 욕심을 냈어요.,Well ... I did something bad. I was so greedy.,0.555219
이치영 . 이선생 . 야 임마 ,Lee Chi-Young. Teacher. Hey dude,0.527720
진정 하세요...,calm down...,0.436192
지금 진정하게 생겼어요?,Do you really look right now?,0.566452
그럼 계속 이렇게 울고만 있을 꺼예요? 문제를 풀던 동혁 이를 찾던 무슨 수를 써야할 것 아녜요.,"Then will you keep crying like this? Donghyuk, who solved the problem, I wasn't sure what to write.",0.525170
선생님 진정 하세요.  야 니들 올라가 있어.,Please calm down. Hey you guys are up.,0.487855
니가 뭔데 올라가라 마라야... ,What are you?,0.322731
그럼 여기서 뭐 할 껀데? ,Then what are you going to do here?,0.604926
그래 얼른 올라가서 차근차근 해결하자.... 선생님 얼른요.,"Okay, let's go up and solve it gradually .... sir.",0.497206
선생님 답을 학교 강당에 적으라고 했잖아요. 강당으로 가요...,I told you to write your answer in the school hall. Let's go to the auditorium ...,0.595048
아저씨 전화선 좀 연결해서 외부와 연락을 해 주세요.,Please connect your phone line and contact the outside.,0.591684
죽일 거야. 죽일 거야,I'm going to kill. I'm going to kill,0.613765
다 나 때문이야. 내가 이 선생을 죽였어,It's all about me. I killed this teacher,0.632685
선생님 때문에 그런 거 아니 예요. 기운 내세요. 선생님이 이러시면 저희는 어떻게 해요.,It's not because of the teacher. Cheer up. What do we do if the teacher does this?,0.561237
두 번째 문제 답은 뭘까? 너희들 중에 집히는 사람 없니?,What is the answer to the second question? None of you get picked up?,0.634896
욕심에 대한 얘기를 중국 철학자들이 안 한 사람이 어딨어요. ,There was no one who didn't tell Chinese philosophers about greed.,0.527688
문제를 내고 있는 이유를 알아야 될 꺼 같아요...,I think you should know why you're having a problem ...,0.593145
하~ ,Ha ~,1.000000
무슨 넌센스 같은 문제일수도 있잖아요. ,It could be a problem like nonsense.,0.567748
시간은 가고 미치겠다. 얼마나 남았어? ,Time is going and going crazy. How much is left?,0.668391
보이세요?,Can you see it?,0.525983
답을 풀어야 해 빨리 뭐야 도대체 답이 뭐냐구...,I have to solve the answer. What is the answer?,0.464106
아 이렇게 무기력 할 수 있다니... ,Ah you can be helpless like this ...,0.663141
어떤 놈이 이런 짓을 하는 거야 어떤 미친놈이...  ,Some guy is doing this. Some crazy guy is ...,0.592787
일단 애들을 어떻게 할지 생각해 봐요 ,"First, think about what the kids will do.",0.606806
어떻게 시체가 혼자 움직이지?,How does the body move alone?,0.602582
카메라가 이 안에 있어. 그렇지 않고서는 이렇게 될 수가 없어... 범인이 이 안에 있어요...,"The camera is inside. Otherwise, it can't be like this ... The killer is in this ...",0.644177
선생님 재욱이 없어요 재욱이 ......없어졌어요.,Teacher Jaewook is not there. Jaewook is gone.,0.504961
재욱이? 어떻게 된 거야 언제 없어 졌어.,Jaewook? What happened? When it disappeared.,0.619123
모르겠어요. 갑자기 안보여요... ,I do not know. Suddenly I can't see ...,0.561477
이나야 어디가 얼른 와 혼자 다니지 말고...,"Ina, don't go anywhere and go alone ...",0.552907
제가 따라 갈께요.,I will follow.,0.515916
왜 그래?,What is it?,0.821391
등수대로 죽고 있어. ,I'm dying of the lighthouse.,0.641956
무슨 소리야?,What are you talking about?,0.530164
진짜.... ,Really....,0.687453
선생님한테 가자 ,Let's go to the teacher,0.635741
시체에 답을 적어 놨어요.,I wrote down the answer on the body.,0.606224
뭐라구요?,What did you say?,0.509047
시체에 해답을 적고 있는 거예요,I'm writing the answer on the body.,0.563084
뭐라고 써있는 데요?,What does it say?,0.508430
죄악은 밖에서 오는 것이 아니라 내부에 있는 것이다. ,"Sin does not come from outside, but from inside.",0.616465
동혁이 시체에 답을 적어 놨데.,Donghyuk wrote the answer on the body.,0.552523
진짜?...,Really?...,0.687453
야 있잖아 이렇게 돌아다니면 누가 죽을지 모르니까,"Hey, you know, if you walk around like this,",0.444266
기숙사라고 안전하겠냐?,Is it safe to be a dormitory?,0.586849
이제 다음 사람이 누가 죽을지 모르잖아 ,Now the next person doesn't know who will die.,0.631704
그러면 여기 있는 사람 다 모여 있으면 돼지..,"Then, if everyone here is gathered, the pig ...",0.583282
야 이 멍충아 상황 파악이 안 돼?,"Hey, can't you understand the situation?",0.655898
아 이제 상황 파악이 된다. 하긴 선생님하고 같이 있다고 안전 한 것도 아닌 것 같어. ,"Oh, now I can understand the situation. I don't think it's safe to be with the teacher.",0.567282
저기.... 나도 가면 안 될까?,Hey ... can I go?,0.512874
안 되겠어요. 강당 뒤를 가봐야지,I can't. I have to go behind the auditorium.,0.599692
그냥 있어요. 괜히 잘난 척하다 다치지 말고...,just doing nothing. Don't get hurt by pretending to be so good ...,0.698392
선생님 나한테 왜 그래요?,Teacher why me?,0.391135
애들 들어요. 조용히 얘기해요. 내가 뭘요?,Listen to the kids. Talk quietly. What am I?,0.600722
왜 말끝마다 트집을 잡느냐구요. 말 좀 이쁘게 할 수 없어요? ,Why are you picking up every word? Can't you say something pretty?,0.540950
말 이쁘게 해서 잘 보일 일 있나요? ,Is there anything you can do to make it look pretty?,0.579805
엄연히 내가 선생님보다 선배예요.,"Strictly, I'm older than the teacher.",0.555643
선후배 무슨 상관 이죠? 실력이 중요 하지,What does senior junior care? Skill is not important,0.596773
애들 가르치는 게 실력만으로 되는 거예요? ,Is it only good to teach kids?,0.578727
아 인격이 풍부하단 말씀을 하고 싶은 거죠? ,"Oh, you want to say that you have a lot of personality?",0.603192
됐어요. 그만합시다. ,That's Okay. Let's stop.,0.611614
근데 학교 밖을 나가면 진짜 죽는 걸까?,But is it really going to die if you go out of school?,0.592129
너 무슨 생각 하는 거야...,What are you thinking ...,0.510487
명효 데리고 확 나가버려..,Take Myeonghyo and go out ...,0.417933
이 선생님 못 봤어? 괜한 생각 하지마라 ,Have you seen this teacher? Don't think it's okay,0.612373
거봐 내가 하자는 대로 하니까 훨씬 좋지?,"Look, it's much better because I do what I want.",0.581383
남자여자 방을 따로 쓰면 안 될까? 나 옷도 좀 갈아입고 싶은데 ,Can we use a separate male and female room? I want to change my clothes,0.538827
야 안 돼 지금은 똘똘 뭉쳐 있어야 된다니까... 야 남자애들 돌아있어 얘 옷 갈아입는 다잖아,"I can't do it right now, I have to be tight together ... Hey, boys are back and they're changing their clothes.",0.591411
아니야 됐어 그냥 있을래....,"No, I just want to be ...",0.464619
명효야~ 명효야,Myeonghyoya ~ Myeonghyoya,0.000000
너 이 녀석 위험한데 어딜 갔다 왔어?,"You're dangerous, but where have you been?",0.600642
선생님 명효 어딨어요?,Where's Myeonghyo teacher?,0.383564
어? 조금 전 까지 있었는데 ,uh? I was there a while ago,0.511832
얘네들 어디 간 거 야 ,Where are you guys going,0.606561
이러고 있지 말고 찾아봅시다. ,Let's find it.,0.495931
선생님 흩어져서 찾아보죠.,Teacher Let's find out.,0.532538
"그래, 나는 다른 아이들 데리고 교실 쪽으로 돌아 볼 테니까 ","Yeah, I'm going to take the other kids back to the classroom",0.570287
명효야 제발 ... ,"Myeonghyo, please ...",0.487277
자 서두르자,Let's hurry,0.591644
하~ 만족할 줄 모른다는 것이 죄악이다.,Ha ~ It is a sin to not be satisfied.,0.611431
예? 선생님 뭐라구요?,Yes? Teacher what?,0.571504
아니야,no,0.232072
선생님 배고파요. ,Teacher I'm hungry.,0.516448
야 니들 뭐하는 거야,Hey what are you guys doing,0.539237
우리가 뭘...,What are we ...,0.628944
미안해 이나야,I'm sorry Ina,0.558158
명효야 어딨니...,Where is Myeonghyoya ...,0.406719
걱정이다. 정말.... 혹시 누구 담배가진 사람 있니? 괜찮으니까 하나 줘봐,worried. Really .... Has anyone ever smoked? Give me one because it's okay,0.508538
그런데 왜 갑자기 문제가 끊긴 거죠?,But why did the problem suddenly end?,0.665592
글쎄다 교란시키는 것 일 수도 있고 ... 꼭 소설 같네.,"Well, it could be disturbing ... it's like a novel.",0.567103
왜 이런 일이 저희한테 생긴 걸까요?,Why did this happen to us?,0.543998
내가 추리 소설 좀 읽거든 내가 생각 할 땐 원한 인 것 같아 돈을 원했다면 유괴를 했겠지 ,"I read some mystery novels, and I think it's what I wanted, if I wanted money, I would have kidnapped",0.567875
"어 경찰이다. 아저씨, 아저씨",It's the police. uncle Uncle,0.735668
요즘 학교 토요일 날은 쉬지 않나? 쟤들 지금 우리한테 저러는 거야?,Aren't you having a rest on school Saturday these days? Are they doing that to us now?,0.553832
손이나 흔들어 주지 뭐...,Shake your hand or something ...,0.704033
야 아무리 그래도 우리한테 손을 흔들고 그럴 리는 없잖아,"Hey, no matter how much you wave your hand to us",0.464052
고등학생들이 그렇지 뭐 별난 놈들 다 모이는 곳이 고등학굔데... ,High school students are like that.,0.389714
하긴 ... 야 옛날생각 나네. 가자고 아직 순찰 다 돌려면 한참 걸릴 텐데... ,"It's ... Hey, I think it's old. Let's go and it'll take a while if we're still on patrol ...",0.587490
제발 가지 마요 아저씨. 가지 마요. 명효야... 명효 어떡해요.,"Please don't go, Mister. Don't go. Myeonghyo ... Myeonghyo, what should I do?",0.482263
야 아직 명효 없어진 것도 아닌데 왜 그래?,"Hey, it's not lost yet, why?",0.442778
너 모르겠어? 문제가 나오면 바로 다음 문제의 타켓을 인질로 잡는 거...,"Don't you know When the problem comes out, take the target of the next problem as a hostage ...",0.605907
아무래도 이상한데 종소리는 왜 울리는 거지?,"It's strange, but why is the bell ringing?",0.527789
뭐가 그렇게 의심이 많아? 학교는 다 종소리가 자동으로 돼 있어 ,What is so suspicious? The school has all the bells automatically.,0.603950
거봐 꺼지잖아 .,"Look, it's off.",0.512334
우리 불 좀 켜면 안 될까?,Can we turn on the lights?,0.568671
불 켜면 우리 있는 곳을 들키잖아,"When you turn on the light, you can see where we are.",0.650013
어차피 입구 잠겼잖아,The entrance is locked anyway.,0.644663
아 좀 조금만 있어봐 ,A little bit,0.397632
아~ ,Oh~,0.750000
왜 그래 ,What is it,0.821391
이 새끼가 어딜 만져 ,Where does this bastard touch,0.598180
야... 깜깜하니까 그런 거지. 만지길 어딜 만져,Hey ... it's because it's dark. Touch where you touch,0.510416
조심해 다들 손 꽉 잡고 있지?,"Be careful, aren't you holding your hands tight?",0.628319
뛰지 마... 소리 내지 말고 .... 니들 그리고 다 손잡아 현아. 니가 맨 뒤에 서...,Don't run ... don't make a sound .... You stand at the back ...,0.557836
여기에 불 켠 사람 있어? ...,Is there anybody here that lights up? ...,0.635949
복도 스위치는 저쪽에 있잖아... ,The hallway switch is over there ...,0.470110
아~ 선생님 저기.....,Ah ~ Sir there ...,0.462709
모두 이쪽으로 모여 ,Everyone gathered this way,0.521955
선생님 ... 여기 무슨 글자가 보여요,Teacher ... what do you see here,0.523787
뭐야,what,0.440278
야 너 울지 마... ,Hey don't you cry ...,0.502143
더는 못 가겠어요. 다리에 힘이 하나도 없어요 선생님...,"I can't go any further. I have no power on my legs, sir ...",0.581752
야 좀 힘내자 지금 와서 어떻게 할 수가 없잖아.,"Hey, I can't do it now.",0.314347
수진아 우린 안전 하겠지?,"Sujin, will we be safe?",0.385432
당연하지 우린 안전 할 꺼야. 조금만 참으면 무슨 수가 생기겠지 ,"Of course we'll be safe. If you put up with a little bit, what number will you get?",0.562245
야 이거 무슨 소리야 ,Hey what are you talking about,0.609947
야 아무도 들어온 사람 없잖아 여기...,"Hey, nobody came in here ...",0.434752
방문을 다 열어본 건 아니잖아... 사람이 있었던 거야 ,You haven't opened all your visits ... there was a man.,0.602866
선생님...,Teacher...,0.477686
저건 또 뭐야,What's that again,0.611399
저기 내 방인데 ... 명효 저기 있나 봐요.,It's my room over there ... I think Myeonghyo is over there.,0.569781
명효야 ,Myeonghyoya,0.000000
강이나 야~ 저거 진짜... 강이나 같이 가 혼자가지 말고,It's a river ~ That's really ... Don't go alone with the river,0.551461
거기 누구 있으면 문 열어 얘들아 문 열어!,"If anyone is there, open the door, guys, open the door!",0.619179
어~  끔찍한 얼굴을 봤어...,Uh ~ I saw a terrible face ...,0.626256
야 흩어지지 말고 이리와 말 안 들을래? 어서 모이지 못해!,"Hey, don't be scattered, why don't you come and listen? Come on!",0.637709
명효야... 명효야...,Myeonghyoya ... Myeonghyoya ...,0.000000
또 없어진 애 없어?,Anything else missing?,0.748083
수진이가 없어요...,There is no Sujin ...,0.508492
명효야 ,Myeonghyoya,0.000000
미안해 이나야 미안해...,"I'm sorry, I'm sorry, sorry ...",0.517300
얼마나 걱정한줄 알어?,How worried do you know?,0.482648
수진아 ~ ,Sujin,0.000000
등수대로 죽는 게 아니잖아? 아 씨 뭐야.... ,You're not dying from the lighthouse? What is it ...,0.594786
정말 모르겠다..,I really don't know ...,0.545520
선생님 문제를 풀러 가야돼요 어서요....,"Teacher, I have to go solve the problem. Come on ...",0.571560
수진 이는 어떡하고 .... 우리는 수진 이를 찾아야 돼. ,What about Sujin? ... We need to find Sujin.,0.441489
근데요 선생님... 저 그게 사람 짓이 아닌 것 같아요...,But teacher ... I don't think it's human ...,0.549201
그럼 귀신이라는 거야 뭐야?,Then what is a ghost?,0.505099
믿지 않으시겠지만  ,"Believe it or not,",0.611433
야 임마! 정신 차려 너 지금 여기 있는 애들 그렇잖아도 ,"Hey dude! You wake up, the kids here right now",0.464395
그게 아니구요 조범이가 본 다는 거 무시했는데 제가 비슷한 걸 본거 같아요.. 정말 이예요 선생님,"It's not that I ignored what Jo Bum saw, but I think I saw something similar.",0.494474
아 시발... 모르겠다. ,Ah fuck ... I don't know.,0.615806
선생님...이거...,Sir ... this ...,0.486851
이게 왜?,Why is this?,0.532517
이거 예전에 유행 하던 건데 핸드폰 암호 같아서요..,"This was popular in the past, but it's like a cell phone password ...",0.625367
그게 뭔데?,what is that?,0.584904
선생님 핸드폰 있으시죠 . 잠깐만 주세요. ,Teacher Do you have a cell phone? Please wait.,0.547570
이게 애니콜이랑 싸이언 이랑 모토로라가 다 다르거든요. ,This is because Anycall and Cyon are different from Motorola.,0.590369
그럼 칠판에 적어 보자.,Then write on the board.,0.561705
자음은 알파벳 모음은 숫자로 글자를 만들어 놨구나,"Consonants, alphabet vowels are made up of letters.",0.600872
저거 뭐야?,What is that?,0.662196
으아악~,Ugh ~,0.478964
너희들 어디서 오는 거야?,Where are you guys from?,0.488573
선생님 저희 귀신 봤어요...,Teacher I saw our ghost ...,0.490408
무슨 소리 하는거야,What are you talking about,0.612593
담임선생님은?,Homeroom teacher?,0.289604
선생님 모시고 와야지 너희만 온 거야 이 의리 없는 새끼들아...,"I need you to come, sir. You're the only ones.",0.480174
선생님? 선생님 괜찮으세요? ,Teacher? Are you okay?,0.409805
안되겠다. 일단 좀 쉬자 ,I can't. Let's get some rest,0.685376
재욱이가 죽었다고?,Jaewook is dead?,0.411336
응...,Huh...,0.592923
이나 너는 좋겠다. 니가 싫어하는 애들이 다 죽어 나가서...,Or you would be happy. All the kids you hate are dying ...,0.560521
입 닥치고 빵이나 먹어라,Shut your mouth and eat the bread,0.663427
싸울 거면 그만해...,Stop if you're going to fight ...,0.571705
이것들이 이제 기운이 나니까 또 으르렁 대고 있어 ,"Now that they are cheering, they are growling again.",0.629853
5월의 찬란한 날 강당을 기억해... 5월의 강당에서 무슨 일이 있었지? ,Remember the auditorium on a bright day in May ... What happened in the auditorium in May?,0.681350
이건 사람 짓이 아니야.,This is not human.,0.585703
선생님까지 왜 그래요 애들 그렇잖아도 심장이 약해져 쓰러질 판에...,Why is it even the teacher?,0.367081
아니 예요. 국어 선생님 말이 맞아요. 사람이 하는 짓이라면...,No it's not. The Korean teacher is right. If humans do it ...,0.564416
조용히 못해? 이건 명백한 사람 짓이야...,Can't you be quiet? This is obvious.,0.565568
선생님 혹시 정신 이상이라면 조범이 짓 아닐까요? ,Teacher Isn't it a joke if you're crazy?,0.494255
맞아요 그 새끼...  아니 걔.. 막 지 팔 자해하고 ,"That's right, that bitch ... No, she's just hurt herself.",0.598531
살인을 저지르는 아이들은 자해를 하지 않아 남을 죽이면서 쾌락을 느끼지...,Children who commit murder do not harm themselves and feel pleasure while killing others ...,0.618810
아니예요. 내가 알기로는 자기 몸을 자해하는 건 경계성 장애기 때문에 자신에게 먼저 공격을 가하지만 ,"No it's not. As far as I know, self-injury is a borderline disorder, so he first attacks himself.",0.531224
그럼 조범이 애들을 다 죽였다는 거예요? 그 애 착한 애예요 학생을 그렇게 매도하지 마요.,"So, that Jo Bum killed all the kids? That's the sweet girl. Don't sell the student like that.",0.633458
매도라니요.. 저는 가능성을 얘기한 것 뿐 이예요. ,Sell ... I'm just talking about the possibilities.,0.606352
선생님도 아시죠? 지원이. 지원이가 보입니다. 내 눈에도......,Does the teacher know? Support this. Jiwon is seen. Even in my eyes ...,0.621571
"최지원, 전교 1등이다. 모두 박수...",Choi Ji-won and 1st in all schools. Applause all ...,0.584187
지원이 대단한데 독학 하나로 우리 학교에서 1등 하는 애는 너 밖에 없을 거다.,"The support is great, but you're the only one who is self-taught in our school.",0.532986
전액 장학생 이면 기숙사비도 나오는 거야?,"If you are a full scholarship student, do you pay the dormitory fee?",0.616987
응 난 집이 좀 그래... 장학금 안 받으면 좀 힘들어서...,"Yeah, I'm a little home ... If I don't get a scholarship, it's a little difficult ...",0.696025
야 김지원 대단한데... 생긴 거 하고 다르게 ,Hey Kim Ji-won is great.,0.399480
근데 너 저 인형은 뭐야?,But what is that doll?,0.588963
응 내 동생...,Yes my brother ...,0.748784
동생?,Brother?,0.635128
우리엄마 캐릭터 디자이너거든... 우리 엄마가 심혈을 기울여서 만든 캐릭터야,It's my mom's character designer ... It's a character made by my mom,0.529603
엄마 되게 멋있다.,It's very cool.,0.579102
우리엄마 진짜 멋있는 여자지... 근데 하늘로 가셨어.,My mom is a really nice girl ... But she went to the sky.,0.588254
미안,sorry,0.662603
뭐가 미안해 드라마 대사 같다야 괜찮아 내 동생 있는데 뭐...,"I'm sorry, something like a drama ambassador is okay.",0.453050
지원이는 어디 학원 다니니? 아님 유학 갔다 왔어?,Where does Ji Won go to school? Or did you go abroad to study?,0.642643
.... ,.... ,0.000000
발음이랑 어휘선택을 아주 국어처럼 쓰는데 ,I use pronunciation and vocabulary selection like Korean,0.633274
전 혼자 공부 했는데요,I studied alone.,0.516912
야 너 대단하구나 ,Hey you are great,0.466567
야 영원히 시험이 끝난 것도 아닌데 왜 울어. ,"Hey, the test isn't forever, why are you crying?",0.528670
나 다음 학기에 기숙사 나가야 될지도 몰라,I might have to leave the dorm next semester,0.570487
진짜 그 정도로 심각해? ,Is it really that serious?,0.681822
진짜 지원이가 문재를 내는 걸까요?,Is it really Jiwon?,0.327836
너까지 정말 왜 그래? 황선생님이 그냥 착각 하는 거야.,Why is it really up to you? Hwang is just mistaken.,0.512074
아니라니까 아니야 나 혼자만 본 게 아니라 ,It ��s not because I ��m not alone,0.480749
알았어요 진정해요...,"Okay, calm down ...",0.465438
여기서 뭣들 하는 거예요?,Are you doing it here?,0.368227
아저씨? 아 왜 이제야 나타나는 거예요?,Mister? Oh why does it appear now?,0.610469
이 밖에 연락을 취해 볼 려고 별짓을 다해 봐도 연락이 안돼요.,I can't reach you even if I try my best to get in touch with them.,0.539041
선생님 다 갈 필요 없을 것 같은데요? ,I don't think you need to go all the teachers?,0.625255
그래요 제가 남은 애들은 잘 데리고 있을께요,"Yes, I'll keep the rest of the kids.",0.553665
그래 그러자 선생님도 좀 쉬세요.,"Then let's take a break, too.",0.553676
아닙니다. 저도 가겠어요.,no. I will go too.,0.468999
너도 여기있어,You are here too,0.551431
이자식이 나를 뭘로 보구..,What does this child see me ...,0.562268
이나야 제발 여기 있어 ,Inaya please stay here,0.459058
나도 갈래 너랑 안 떨어 질꺼야...  ,"I'm going too, and I won't fall with you ...",0.666693
뚝~ 이 기집 애야 그렇게 질질 짤거면 여기 있고..,Ttuk ~ This is my little girl.,0.401551
이걸로도 문장이 만들어 지는 것 같은데 ,I think the sentence is also made with this.,0.611285
네 맞아요. 퍼즐을 맞추라고 하는걸 보니까 일종의 아나그램 같은데요? ,"Yes, that is correct. It seems like a kind of an anagram when you see how to solve the puzzle.",0.633996
아 머리 아파 이걸 언제 맞추죠?,"Ah, my head hurts. When do you fit this?",0.704268
문장을 만들어 읽어 본다.,Make a sentence and read it.,0.690541
이게 무슨 말이야 도대체...,What does this mean?,0.542905
아나 그램이라면 좀 더 쉽게 풀 수 있겠어요 각 한 줄씩 흩어 놓은 게 되니까요...,"If it's anagram, it's easier to solve because it's scattered one line at a time ...",0.554969
그렇게 잘 회전하는 머리를 공부하는데 쓰면 얼마나 좋을까... ,How good would it be to study a spinning head so well ...,0.536126
"최 선생.... 정말 지원이가 이러는 거라면 ,","Teacher Choi .. If Jiwon is really like this,",0.485387
죽은 애 한테 뭘 어떻게 해요. 시간 없어요. 얼른 잘라요. ,What do you do to the dead child. I do not have time. Cut it quickly.,0.625798
.....,.....,0.000000
선생님 그거 알아요? 내가 선생님 얼마나 이기고 싶어 하는지,Teacher do you know that? How much i want to win,0.462525
......,......,0.000000
안 되겠어요. 어딘가 이상해요. 실제 사진이랑 안 맞는 것 같아요.,I can't. It's strange somewhere. I don't think it fits the actual picture.,0.622899
이게 이쪽으로 들어가는 거잖아 ,This is going in this way,0.584114
아닌데 여기 들어가는 거 같은데....,"No, I think I'm going in here ...",0.569272
문장이 이상해요... ,The sentence is weird ...,0.657187
시적인 언어라서 그런 거야 아무튼 기숙사 3층으로 빨리 가자 ,"It's because it's a poetic language. Anyway, let's go to the third floor of the dormitory quickly.",0.636444
어차피 시간 내에는 맞출 수 없는 문제들 이야.,It's a problem that can't be met in time anyway.,0.565125
포기하면 안 돼 ?,Can we give up?,0.436349
포기하면... 누가 죽을지도 모르는데 지금 와서 포기하면 뭐가 달라지는데?,"If you give up ... Who might die, but what happens when you give up now?",0.487838
선생님 가지 마세요.,"Don't go, sir.",0.414226
잠깐 여기 누가 있는 것 같아서 그래... ,"Wait, it seems like someone is here ...",0.544976
얘야 너 거기서 뭐하니? 어서 나와. 선생님이랑 같이 나가자,"Honey, what are you doing there? Come on. Let's go out with the teacher",0.573294
.......,.......,0.000000
거기 있으면 위험해. 어서 선생님이랑 나가자,"It's dangerous to be there. Come on, let's go out with the teacher",0.708530
시험공부 해야 되요. ,You need to study for the test.,0.543278
여기에 있으면 위험해 어서!,It's dangerous to be here!,0.710051
아~ ,Oh~,0.750000
선생님 왜 그러세요. 정말.,Teacher Why do you do that? Really.,0.577098
선생님 좀 그만 하세요. 무서워 죽겠어요. ,Please stop the teacher. I'm afraid to die.,0.503061
도대체 어떻게 된 걸까? 선생님 말이 맞는 건가? 정말 무슨 귀신이라도 있는 거야? ,What is going on here? Is the teacher right? Are there really any ghosts?,0.490467
말도 안돼요. 귀신이란 건... ,That's ridiculous. Ghosts are ...,0.633937
여기까지 왔는데 끝까지 가봐요 선생님... 저는 알아야겠어요.,"I'm here, but go all the way. Teacher ... I need to know.",0.470452
오기만 가지고 할 수 있는 건 아니잖아,You can't just do it with Ogi.,0.440380
이건 운명이 달린 문제야. 지금은 누가 죽게 될지 아무도 몰라.,This is a matter of fate. Nobody knows who will die now.,0.544761
지원이 죽음이 타살이 아니었을까? 진실을 밝히라는 말이 자꾸 걸려,Was Ji Won a death? It keeps telling me to reveal the truth.,0.548944
지원이는 자살했어요.,Jiwon committed suicide.,0.548392
맞아요. 사실 지원이 같은 애를 죽일 이유가 없어요.,"Yes. In fact, there is no reason why Ji Won will kill the same kid.",0.636754
시체에 해답을 써놨다고 하셨죠? 우리 첫 번째 문제를 풀지 못했잖아요. ,You said you wrote the answer on the body? You haven't solved our first problem.,0.539479
첫 번째 문제는 알지도 못해..... ,I don't even know the first problem ...,0.550311
그러니까요 혜영이 시체에 답이 있을 거 아니냐구요.,That's why Hye-young might have an answer on the body.,0.567257
시체를 어디서 찾아....,Where to find the body ...,0.670227
현아 너 그거 어떻게 한거야?,"Hyuna, how did you do that?",0.533370
어? 뭐?,uh? What?,0.613797
그 왜 예전에 아침 조회시간에 갑자기 음악 터져 나오게 하던 거....,Why did you suddenly make music pop out during the morning inquiry time ...,0.627183
"아 그거? 연결선을 빼서 스위치에 타이머를 연결하면, ","Oh that? If you connect the timer to the switch by removing the connecting wire,",0.695771
같은 방법 아닐까? 혜영이 시체를 우리가 티비로 볼 수 있었던 거,Isn't it the same way? Hye-young could see the body as a TV.,0.533169
아~ 일단 방송실로 가보자 ,Ah ~ Let's go to the broadcasting room,0.639220
네 괜찮아요...,yes I'm okay...,0.495119
먼저 아이들한테 가보죠. 사고가 있을 지도 모르니까요... 근데 지금 몇 시야?,Let's go to the children first. There might be an accident ... but what time is it now?,0.642239
아저씨 여기서 이렇게 졸고 있으면 어떡해요?,What if you are dozing like this here?,0.564406
이이고 죄송합니다. 시간이.... 이이구 이거  ,Sorry for this. Time is ... This is this,0.551568
숫자는 맞네요. ,The number is correct.,0.662338
아이구 알겠습니다. 선생님... 그나저나 또 어딜 가실 라고 그래요. 그냥 여기 다 모여 있지... ,"I see. Teacher ... Anyway, I'm going somewhere again. Just gathered here ...",0.494408
알아봐야 될게 있어서요.,I need to find out.,0.463210
명효야 넌 여기 남아 그래도 여긴 좀 안전 한 거 같으니까 ,"Myeonghyo, you stay here, but I think it's safe here.",0.427342
싫어 너랑 같이 있을 래,"No, I want to be with you",0.543173
"명효, 그냥 여기 있어. ","Myeonghyo, just stay here.",0.466456
이나야 너도 명효랑 여기 있어,"Ina, you are here with Myeonghyo",0.440107
난 괜찮아 ,I'm fine,0.385243
그래 이나 남고 차라리 남자아이 한명을 데려가자,"Yes, rather than let's take a boy",0.462951
남자애들 보다 이나 하나가 훨씬 낳아요. 문제도 풀려면 똑똑한 애 하나 있어야 돼구... ,One is much better than boys. I need a smart kid to solve the problem ...,0.447026
하긴 이나가 또랑또랑 하지 .... 가자 ,But Ina is a little boring ... Let's go.,0.682969
아니 어딜 가는지 얘기를 해야 내가 뭔 일 생기면 달려가지...,"No, I have to talk about where I'm going, and when I happen, I run",0.531740
방송실에서 다른 대로 연결된 선이 있나 찾아보려 구요...,I'm trying to find out if there is a line connected to the other in the broadcast room ...,0.651066
이걸 시작으로 전 학교에 라인 연결이 되는 거니까 이 선을 따라 가보면 화면 분할기 같은 게 ,"Starting with this, the line is connected to all schools, so if you follow this line, something like a screen divider",0.640631
굼뱅이도 구르는 재주가 있다더니 넌 언제 이런 걸 배웠냐?,"There is a talent to roll a slug, and when did you learn this?",0.627297
음악 장비를 다루면 다 알게 돼 있어. ,"When you deal with music equipment, you know everything.",0.581696
선 방향이 아래로 향해있어요. 아래층에 뭐가 있지? 전기실로 연결되나?,The line direction is down. What's downstairs? Is it connected to the electric room?,0.641745
이거예요 야 아주 감쪽같은데요?,It's like this.,0.433999
이 케이블이 전체 학교의 케이블 라인을 다 통제 할 수 있게 되어 있어요.,This cable can control the entire school's cable lines.,0.575110
그럼 벽을 뚫어야 되는 건가?,"So, should I go through the wall?",0.416903
잠깐.... ,awhile....,0.498264
고압 전류선이 있어.. ,There is a high voltage current line ...,0.583431
"선생님, 다 내려 버려요... 시간도 없고 언제 문제가 또 나올지 모르는데... ","Teacher, get it all down ... I don't have time and I don't know when the problem will come out again ...",0.620402
아니야 찾았어 큰 스위치를 내리는 창욱.,"No, I found it.",0.290727
아~ 아~ ,Ah ~ Ah ~,1.000000
이거 괜한 짓을 하고 있는 건 아닌지 모르겠네.,I'm not sure if this is doing anything wrong.,0.599304
여기까지 왔는데 돌 아 갈수는 없잖아요. 강현이 앞장서라,"I'm here, but I can't go back. Kang Hyun is at the forefront",0.584354
"네, 선생님","Yes, teacher",0.680307
선생님 괜찮아요? ,Are you okay?,0.403475
네 ...,Yeah ...,1.000000
거... 거기 누구야 ,Uh ... who's there,0.479296
범아 그거 놔 어서,"Beom, let it go",0.446459
... 무슨 소린지 도통 모를...,... I don't know what I'm talking about ...,0.658499
현아 정신 차려 봐 정신 좀 차려봐 이 자식아 ,"Hyuna, look up, be awake.",0.378647
현아 ... 미안해 ... 미안해 현아....,Hyuna ... I'm sorry ... I'm sorry Hyuna ...,0.376401
아~ 아~ 이나야 .... 선생님... 살려줘요. 살려줘요 선생님....제발,Ah ~ Ah ~ Inaya .... Teacher ... Save me. Save me teacher .... please,0.439422
아~!!!!!!!!!! 아~ ,Oh~!!!!!!!!!! Oh~,0.750000
이나야 이제 그만... 명효가 저기 있잖아 그만하고 가자...,"Ina, stop now ... Myeonghyo is over there. Let's stop and go ...",0.576007
각 건물에 다 연결된 보일러 통로구야 이걸 모르고 있었다니.... ,Boiler passages connected to each building. You didn't know this ...,0.652803
이나야 힘들면 여기서 좀 쉬어,"If it's hard, take a break here",0.609074
아니예요. 괜찮아요 ,No it's not. It's okay,0.665556
여기 잠깐 이나 하고 있어요. 제가 가 볼께요...,I'm doing it here for a while. I'll go ...,0.494044
D=5 라고 했고 0~9 까지의 수라고 했으니까 D + D= T = 0 T는 0이네,"I said D = 5 and it was a number from 0 to 9, so D + D = T = 0 T is 0",0.581972
여기요 두 번째 O + E = O 니까 뒤에서 1을 받아와야 하니까 ,"Here, since the second O + E = O, we have to get 1 from the back.",0.604088
A+A는 뒤에서 1을 받을 테니까 A는 4가 되는 것이겠네요.,"A + A will receive 1 from the back, so A will be 4.",0.481081
"5+G는 10을 넘지 않아야 하니까 G는 뒤에서 1을 받을 것이므로 1,2,3 중에 하나","Since 5 + G must not exceed 10, G will receive 1 from the back, so one of 1,2,3",0.556229
"5+ G 는 L+L 같은 수 라는 등식이 성립하는데 이게, 함정 같은 숫자가 나오려면 ",The equation 5+ G is the same number as L + L.,0.419887
,,0.000000
명효야 괜찮아?,"Myeonghyo, are you okay?",0.350569
현이는? ,Hyun-i?,0.000000
...........,...........,0.000000
전단지 나눠주던 아줌마 였구나....,You were the one who was handing out flyers ...,0.584970
악~ 아아아아아아 ,Ah ah ah ah ah ah ah,0.882592
제발 내려주세요. 누구세요? 도대체 누구신데 자꾸 저희한테 이러시는 거예요.,Please drop me off. Who? Who the hell are you doing to us?,0.377288
내려줘.... 내려 주란 말이야!!,Please drop me down ...,0.519067
명효야 ~ 명효야  약속대로 문제를 풀 었 잖아요. 그런데 왜 그래~ 왜,"Myeonghyoya ~ Myunghyoya You solved the problem as promised. But why, why?",0.398124
내가 말 했을 텐데,I would have said,0.516769
지원이가 자살해서?,Ji-won suicide?,0.368695
땡~,Dang ~,1.000000
지원이가 억울하게 죽기라도 했어요?,Did Jiwon die unfairly?,0.407498
땡 ~ 하지만 비슷했어.,Ding ~ But it was similar.,0.666059
당신 누구야,who are you,0.363856
나? 너도 잘 아는 사람...,I? Someone you know well ...,0.450386
이분은 .....  지원이 엄마.... ,This is ..... Jiwon's mom ....,0.422395
우리 딸.. 우리 딸 .... ,My daughter .. Our daughter ....,0.583110
아줌마가 왜 우리한테 ....,Why are you telling us ....,0.475891
우리 딸은 애들 때문에 죽었어... 애들.... ,My daughter died because of the children ... The children ....,0.666368
........,........,0.000000
이제 다 끝났어 가자... ,It's all over now ...,0.558644
도대체 뭘 얘기 하고 싶었던 걸까? ,What did you want to talk about?,0.532522
선생님 고마워요 여기 애들 워낙 뛰어나잖아... 이렇게라도 안하면 불안해서요...,Thank you teacher. The kids here are very good ...,0.418364
선생님 시험문제 유출 한 거 다 알아요. 제 성적만 보호받을 수 있으면 공개는 안 할게요.,"I know you leaked your exam questions. If my grades can only be protected, I won't disclose it.",0.585051
죄송합니다. ,Sorry.,0.290488
다행입니다. 더 이상의 무고한 희생이 없어서....,"Fortunately, the. There was no more innocent sacrifice ...",0.707044
