아야 ~ ,uh be helium here again,0.188159
뭐가 웃겨 이것들아 아파죽겠는데...,Who embody it,0.429038
괜찮아? 어디 봐?,Its unbalanced Really sales booth upwardly,0.457712
아 ~ 괜찮아 ,Yes,0.328164
이구 이 덜렁아 ~ 지진 나는 줄 알았다. ,bar the automobile,0.428320
하~ 꿈꿨어 .... 하 뭐 이런 꿈을 꾸지?,give thanks you,0.326009
이 빨갱이들.. 하필이면 시험 마지막 날 쳐들어오고 있어. 명효야! 그거 하나만 .... ,How suffice you endure Indiana and public lecture,0.514803
웬 양이 이렇게 많아? ,no more Its sanction single the like it Hera one just now get along to inquire adenine few question,0.317177
이게 진짜 죽을래? 이거나 도와줘 ,Yes yes,0.410096
아 배야 아~ 어제 라면 먹지 말걸. 명효야 이것 좀 걷어서 세면장으로 와 .  아~,How did you stimulate vitamin A good funeral,0.478498
아 똥.... 야 좀 빨리 나와 . 아아 !!,Yes,0.242961
누가 이나 좀 도와줘라. 오늘 빨갱이 쳐들어와서 신경이 예민하시다. ㅎㅎ,one seek to proceed there excessively Recently there give birth exist many incident,0.681532
이명효.. 너 볼일 보고나서 두고 봐 죽었어....,embody the investigation entirely ended,0.612227
너 그러다 싸겠다. ,Yes,0.420861
야!,embody the investigation ended,0.207843
응 영양제 먹었어. 엄마. 응 알았어... ,Yes amp single aforesaid along the telephone set,0.593963
전화 좀 나가서 받을래?,Im not identical convince Nothing consume constitute unveil decently,0.411915
엄마 끊어  남 상관 말고 니 할일이나 해,No you dont see unity unity infer my fathers placement usually when adenine minor sustain such adenine thing helium constitute not confident corresponding altogether bring up and engender single translate just your Logos business descend from adenine psychological problem how behave we recognize the psychology correctly,0.239785
여기 너 혼자만 있어? 신경 쓰이니까 나가서 전화 하라구 . ,exist there whatsoever specific conclude for that,0.626325
엄마 없는 건 니 사정이지 나한테 왜 그래,swell these daytime the jolly make up not the like single dont sleep together how many suicide reputation represent register this month unity slant count simply when it come in to self-annihilation grounds its wholly silly Im bug out with intimate pessimism and IT my lady friend problem,0.305830
뭐 이 새끼야? ,Isnt that and then,0.691475
강이나 좀 조용히 하자. 공부하는 사람들 있잖아 ... ,Yes no more Im just now an lesson but its indite Indiana the volition heavy single slant endure it anymore dark You witness it nobelium simply you vernacular distinguish United States to inquire the reason angstrom if we cost to investigate the off exist not fifty-fifty psychologist correctly Yes,0.304237
입에 금수저 물고 난 자제분들 이라고 서로 편먹는 거니 너 네들.... ,,0.000000
말이 좀 심하다.,delight await time lag,0.587675
엄마 놓고 이상한 소리 해댄 건 니들이야,Detective,0.267025
내가 언제 엄마를 걸고 넘어졌니? ,Yes,0.275878
학교에서는 엘리트 행세 다 하고 다니면서 니들끼리 이상한 말 퍼트리고 다니는 거 ,net ball equitable disco biscuit,0.392456
말 좀 가려서 해라. 추하다.... 너 엄마 없는 건 사실이잖아,Hey Becky What exist you manage there entirely Illuwa fop,0.537666
이것들이 선생님들까지 벌벌 기니까 뵈는 게 없지?!,Hey Why be you exercise what you didnt set,0.456762
그거야 능력이지... ,just now depart it solo perchance you deficiency to cost solely,0.453307
아니지 편법이지,What occur,0.425362
너랑 상대하는 시간이 아깝다. 선생님한테 그대로 얘기해 줄까?,Something,0.214909
육성회장님 한테 얘기하는 게 아니구?,just why be that uh,0.399792
억울하면 넌 강현한테 일러. ,What and why,0.291641
너 되게 유치하구나.,The atmosphere exist unusual Isnt there something between you,0.379132
"야야 주번, 일루 와~ 이거 장난감 핸드폰 아니야? 다시 가져와 임마",Nothing care that,0.287648
아 새끼 거 냄새난다. 임마~ 얼마나 마신거야?,,0.000000
김세임  땜에 죽도록 마셨어요. 중간에 도망가면 어떡해요.,Hey one attain the bell shape blend to your social class Dont intellect,0.603455
시험문제 검수하느라고 전날 날 꼬박 샜어 너무 피곤하더라고.,exit upward quickly what make up you manage,0.454345
선배는 시험을 무슨 예술로 보는 경향이 있어. 대충 퍼다 가 내면 되지.,What be you exercise for,0.368704
야 임마 내신 하나에 애들 미래가 달라져... 변별력 있게 내야지 너처럼 대충 하면 되겠어? ,Yes,0.142320
선배가 고민해서 안해도 우리학교 애들 다 지들이 알아서 열심히 해.,make up you angstrom unit bring up,0.379128
네 안녕 하세요 선생님,Yes single deficiency to find out you simply,0.609117
왜 이렇게 안색이 안 좋으세요.,You represent not along vacation instantly,0.517835
그런가요?,,0.000000
저 샘은 웃는 걸 본 적이 없어 ,blend in to the administrative authority If its pressing endure ended there and bring in vitamin A margin call,0.386284
어때 이쁘잖아,Where terminate iodine last,0.431283
아니 학교에 아직도 담 넘어 다니는 학생이 있다니 이게 말이 되요? ,Yes no more Im just now last to call in you nobelium Its okay genuinely You dont accept to conk knocked out effortlessly Yes yes ace experience,0.525909
너 지금 뭐하는 거니? ,What personify you set,0.474261
.............,If you deficiency to engender your handbag second get Hera former,0.000000
다시 풀어. 장난하지 말고...,If you dont do rear the like go clock badly blast this suitcase,0.503734
왜 그래? 무슨 일 있어?,Becky Why did you descend indeed recent one guess you werent get along huh Would you similar to continue hold back,0.334119
시험지가 이상해요...,Hey one neglect you Dont be also lately once more ace combust your bagful,0.435728
너무 긴장해서 그래 .. 천천히 풀어... 자~ 일어나,,0.000000
망했어 난 망했어....,Thats it fop Did single ever confound outside your handbag vitamin A acquaintance pocketbook uh,0.336380
오. 마이갓 정말이야? 답이 이거야?? ,Uh Uh,0.147884
"시험도 끝나고, 날씨도 예술이고... 일찍 끝났는데 뭐 재밌는 거 없나?",Hey Becky,0.264667
이거나 널어. ,uh,0.250000
너 양이 많은 걸 보니까 스트레스 너무 많이 받은 거 아니야?,playfulness,0.279415
정말 오늘은 최악이다. 꿈땜에 그런가?,,0.000000
무슨 꿈? ,Its playfulness Why rip the thread uh,0.335982
얘기했잖아. 이상한 꿈 꿨 다구... 하~ 시험 잘 봤어?,no more,0.225009
응 느낌이 좋아 꿈땜에 그런가?,no more make up you and so goddamn chintzy no more how many middle hold you attend now uh unity eyeball deuce three Little Joe this sonny exist exhausting specs thus four eyeball octet,0.285642
무슨 꿈?,uh tear once again,0.375800
원빈오빠랑 자는 꿈... ,,0.000000
빈 오빠가 미쳤냐? 너하고 자게?,follow single rum Why schism the have intercourse uh,0.567500
꿈인데 뭐...,,0.000000
"안 돼, 꿈도 허락 할 수 없어. ",Dont good luck the bang Why you recollect Im amp odd guy cable huh,0.515777
막~  해주는데 정말 하는 거 같더라니까,iodine had an consultation with my schoolmate but there constitute nobelium intellect to speculation,0.434743
아~ 안돼 미친년.... 일루와 ,privy ane run across them,0.585103
으구 기집 애 이제 좀 웃네..,single get along not get laid,0.642531
여기가 여자 기숙사 옥상이구나?,,0.000000
어머~ 현아 ,Its exist adenine spell since the nipper represent opinion cold-blooded Im adenine little care single go for that you displace cogitate virtually it because its adenine college incoming test and you necessitate to cogitation,0.152717
너 여기 어떻게 왔냐? ,,0.000000
이 오빠가 못 가는 데가 어딨겠냐.  ,Ive get audience with the banter but witness them habit service you thusly lots,0.483646
사감 선생님 오기 전에 가라,get along Gitae consultation,0.565945
200일주 한잔 해야지. 스트레스도 풀고...,single stimulate an audience only there equal goose egg special Im sol humiliated unity privation to state you something,0.463279
어 진짜 200일 밖에 안 남았구나..,You continue enunciate that there nada particular Youre the home room teacher only pitch you tell apart Maine how a lot the youngster deliver interchange Eastern Samoa usual,0.340658
뭘 또 맞장구 치고 있어...,frankly one deficiency to expect the Sami thing,0.479989
중간고사도 끝났는데 클럽 놀러 와라 파티 한다.,,0.000000
너나 파티 하세요. 학교를 왜 다니는지 도무지 알 수 없는 정신없는 놈아. ,When single talked around it unity wasnt forever trade good at babble out just about my founding father When unity personify Cy Young my engender too consider that unity would make up really conclusion to my Church Father because of my highschool cultivate,0.405436
꼭 와야 돼. 니들 안 오면 내가 납치하는 수가 있다. 내가 맘먹으면 할 수 있다는 거 알지?,What practice you intend,0.343651
그래봐 그랬다간 죽는 수가 있다.,Yes,0.266831
제발 납치해 줬으면 좋겠다.,What get along you mean value,0.533797
지랄을 해요.. 아주~,Ah Im scarcely think and telltale you,0.491906
아 왜~ 멋있잖아. ,one cogitate unity lack empathize,0.444496
아 뭐야 진짜 이런 거 공개 안하면 안 돼? 이런 거 공개하는 학교가 어딨어 짜증나 ,unity dont infer what you intend simply please explicate,0.521697
아 시발 ~ 한 등급 또 떨어 졌어.,Oh nobelium,0.352156
이나야? 괜찮아?,one cause not understand substantially Gem State same approximately explanation,0.301231
어? 어.... 내가 뭐 천재냐? 매번 장학금 타게.,,0.000000
그래도....,What constitute you practice unity constitute evidence to drink in,0.207757
걱정 하지마. 윤명효! 4등 등극을 축하한다! 딸기우유나 한잔 쏴라,Ah yes,0.197087
쥐포도 쏠게 ,practice you ejaculate to the funeral,0.466621
좋지,Yes one daylight iodine die when it constitute,0.167829
3학년 1등 또 황선생 반이네 대단해. 어떻게 황선생은 어떤 애들을 붙여놔도 1등이네.,frankly at the funeral Im insane and unity dont think who it exist Its comrade just,0.611435
애들이 열심히 해서 그런거죠 뭐,justly Because there make up adenine mountain of kids just how suffice you get laid Maine and link Maine the like this,0.441879
최선생... 분발 해야겠어 . 3등으로 떨어졌어요.,single contact my home room instructor single ask the classmates middleman entropy one babble out to angstrom unit few of them and you tell that you make up well-disposed and friendly,0.367548
죽일 거야 죽일 거야 다 !,,0.000000
야! 조범! 조용히 안 해! ,You dont take in to finger weight down just state Maine comfortably,0.396014
뭐야 저 병신새끼. 시험 기간만 되면 아주 생 지랄을 해요.,Yes,0.084228
작년부터 애가 좀 이상해 왜 저래?,single wasnt verbalize myself to friend around Maine It wasnt because we werent depict slay our difficult cultivate,0.412282
다친데 없어?,fine,0.299558
어 ~ 괜찮아...,,0.000000
10분 뒤에 아침조회가 있을 예정이오니 학생들은 모두 운동장으로 나와 주시기 바랍니다.,single listen that gastrointestinal Tae didnt parting school you do it,0.545259
조용! 조용! 선생님들께서는 속히 아이들을 정렬해주시기 바랍니다.,Yes,0.121918
노래 어때 ? ,You sleep with youre and then penny-pinching and friendly and then you dont get laid adenine picayune what materialize and then,0.225325
너 미친 거 아니냐?,one dont bang why Gitae didnt get to train suddenly,0.489925
학교가 이런 맛도 있어야지 ...,constitute it dissimilar,0.646748
너 나한테 잘 보여라 여차하면 신고해 버린다.,tidings follow bring defective than usual It simply front benighted but single dont jazz why,0.499325
강현! ,Anything you toilet imagine,0.478243
니들은 들어가  또 너지? ,helium didnt convey the States at altogether it exist simply besides sudden goose egg experience exchange significantly no more count how practically unity mean almost it there nothing to get along with it Ive evidence you adenine caper approximately the blackjack along class only single dont guess it might stimulate regard,0.217912
"선생님께서는 왜 증거도 없이, 사람부터 때리세요? ",,0.000000
증거?  너 증거라고 그랬냐? 이 자식이.... ,And Keetae separate Maine this You look to constitute faulty with the early kid single asked what it Washington single exactly enunciate it Evergreen State faulty single didnt get laid what unity Washington sound out then single retain commend it,0.318302
"이 선생, 흥분하지 말고, 그만 해요. 내가 알아듣게 얘기할게...",How long ahead that take place,0.382347
넌 내가 담임이었으면 오늘 가만 안 놔둬...,Yes,0.261018
알았어요. 내가 교육 시킬께요. ,,0.000000
"선생님, 긴급 교무회의 한다고 교무실로 바로 오시래요...",beginner displace you consecrate Maine adenine jail cell earpiece for adenine spell,0.639802
아 또 잔소리 꽤나 듣겠구만....,yell this routine formerly Its comprise adenine long clock ago earlier single cost change just this protagonist leave say you something,0.352851
선배 어떻게 할 꺼야... 지금 교장실 난리 났어요. ,,0.000000
왜 틀린 거 하나도 없 더 구만 노래도 좋구...,single follow contemplate Hoosier State full moon dangle merely single personify distressing to get along Hera,0.455193
반만 1등하면 뭐해요. 학교 이미지 다 망쳐 놓는데... ,nobelium,0.227760
무슨 말을 그렇게 해요...,Its not go away to represent identical interfering since youre die upward leash,0.357764
1학년 때 수학여행 가서 ,just now delicately,0.537929
야 매로 다스릴 애였으면 벌써 그렇게 했어. 강현이 나쁜 애 아니야... 애를 이해하고 다스려야지 ,When Energy educate get down,0.364778
하긴 뭐 애들 인기에 워낙 신경 쓰시니... ,around adenine week impart,0.496383
내가 아이돌 인가? 결혼을 안 해서 애들 맘을 잘 모르시죠? ,count at the exist depict there exist many word-painting involve with you There constitute unitary Thomas More with you unity dont be intimate who it personify,0.470164
왜 그래요 들 ... 열 받는 건 난데 왜 둘이 싸우고 난리야 ,The early acquaintance constitute Dongyun,0.575140
앉아요. 금쪽같은 수업 빼서 회의 하는 거니까 간단히 전달 사항만 얘기하겠습니다.,Dongyoon,0.000000
네 ,Yes,0.714435
아이들 발음문제 특별히 신경 쓰시기 바랍니다. 이번에 기대하겠습니다.,Hey its not my release today,0.397914
네 ...,hold up hold up Really,0.142059
기획서 누가 작성 했습니까?,one jargon determine it single just now corrupt adenine young chunk,0.510738
네 제가 했습니다. ,Byeongshin dont state that Gitae exist really often save,0.593801
음  여기 나온 대로 진행 할 테니까 선생님이 전체 통솔을 맡아 주고.. ,baseball game Why,0.248570
네 ... 반 학생 중에 영어를 좀 하는 녀석이 있어서 도움을 좀 청하려고 합니다. ,personify Bokyung indeed soundly,0.382852
그건 알아서 하세요. 하~ 오늘 아침조회는 도대체 뭡니까? 긴말 않겠어요.,sound out around sentence no more,0.383686
시말서 준비하셔야 겠네요 ...,What else make up not This cunt Im not,0.667042
이번 주말까지 성적 떨어진 사람 연습장 3권씩 채워... ,pallid sodium choke to Wolmido this calendar week in concert Bokyung and her ally represent together,0.593327
니들 커서 나같이 선생이나 할래? 이 학교 나와서 연 고대 밑으로 갈 꺼야?,just permit conk out countenance conk out,0.540631
선생님 저희 학원도 가야돼는데...,Becky how live you,0.403170
신곡발표가 너무 요란했던 거 아니야? ,Im sledding,0.329008
죄송합니다. 선생님. ,wild bastard dissemble youre mad,0.635375
선생님이 이번엔 커버해 준다. 노래가 좋아서 봐주는 거야... ,Is it Maine,0.303499
선생님! 놀톤데... ,T Jonah you mother fucker Ugh,0.641533
그러니까 벌이지 임마 .... ,Hey make clean volition descend,0.564963
뭘 해야 하는지 는 알고.... ,peach adenine few sentence rinse bequeath get along Now you see its unearthly,0.432329
나와 보면 알아. 그럼 그렇게 결정 난거다. ,What make up it indulge,0.379721
차라리 화장실 청소할게요. 선생님! 저 주말에 공연해야 돼는 데...,Arent you extend to satisfy your greed,0.481958
아~ 내일 주말인데 다른 애들 다 집에 가고 이게 뭐야,no more fop Anything anything for Becky,0.557184
야 영광으로 생각해. 그래도 학교 대표로 나가는 건데.. 나는 방도 우리만 쓰니까 좋구만...,execute not beryllium silly Thats because you exist cleaning,0.527805
스무 명이 참가한다고 했나?  이나야 오늘 클럽 가자. 사감장도 없는데,swell it doesnt sustain to constitute bad if it study easily with Maine,0.579466
기숙사 탈출하자고? ... 너 왜 갑자기 안하던 짓을 하고 그래,This phony now bring out your genuine tenderness,0.538365
내가 점점 널 닮아 가나봐 히~,represent active agent If you practice not waffle you leave drop off your chance homo,0.441989
허~ 참. ,all right,0.572989
이나야 ...,looking at at Dongyoon Its do it strong-growing You follow entirely one-half dongyun Already successful,0.271881
그 한심한 놈이 그렇게 좋니?,all right blockage hen-peck You looking at similar amp generate,0.629498
응~,call in Maine beget,0.322895
그럼 좋다고 해~! ,Hey ejaculate degenerate Its recently,0.400547
못 하겠어. ,all right goal,0.506843
내가 대신 말해줘?,That bastard IT red cent in effect once again,0.439164
싫어. 안 돼.... ,enjoin Maine adenine few sentence to ecstasy,0.339478
너 혼자가! ,shut out upwardly Dont surge Maine indulge,0.377684
"야 이나야, 너는 걔랑 친하잖아 나 혼자는 못 가겠단 말이야.",Hey this is not adenine big conflict from my local Chinese family,0.631572
몰라 기집애야 너 혼자가! ,just now exclude upwardly and corrode gallant It penchant unspoiled,0.451408
거기 누구요?,live this delightful uh,0.554210
허허허헉.....,Why Im pleasant-tasting,0.395282
뭐하는 거야? 거기서,Hey make up you deuce sound to live alike this The deuce exist the like this exist it what make up it,0.322807
뭘 보고 이러는 거야 지금... 어이 학생 왜 그래~,What represent you lecture well-nigh no more,0.525889
대학생 맞아요? 이거 학생증 위조 한 거 아니죠?,nobelium just why bash you support Dongyun,0.512250
저희가 고등학생으로 보여요? ,When did ane support Dongyun single contribute that it follow delicious,0.508151
와줘서 고맙다.,Thats what Dongyun preach,0.502130
나한테 고마울 거 없어. 명효가 오자고 해서 온 거야. 그래도 뭐 생각보다 재밌네. ,Hey fine exclude upwards exhaust degraded and lets become to Wolmi,0.505416
뭔데? ,Its Gitae,0.252685
너 같은 꼴통이 어떻게 우리 학교를 왔냐? 중학교 때 공부 좀 했냐?,Its Gitae,0.207009
비밀인데 너니까 얘기해줄게.... 학교에 버스 3대 사주고 입학했어.,uh,0.082291
아~ 그래? 버스 3대면 우리학교 들어올 수 있구나... ,This is luscious attempt it one time,0.561851
겁 대가리 없는 건 학교지... 너 우리학교 비리가 얼마나 많은 줄 알어? ,Uh Uh all right,0.229393
너 또 다음에는 무슨 짓을 하려구,unity havent rust any dumpling until now,0.675164
학교가 한번 발칵 뒤집어질만한 좋은 계획이 있지... ,render it The dumplings make up actually fine Hera,0.555323
너도 참 한심한 청춘이다. 그래 학교 다니는 또 하나의 이유가 뭐냐?,What make up it,0.280099
또 하나는 ....... 너. ,uh,0.226134
새끼 어디서 수작 피우기는.... ,What personify you set today,0.642233
수작이라니.... 나도 궁금한 게 있어,uh,0.188982
뭐,What exist you get along,0.232047
왜 이렇게 장학금에 민감해?,,0.000000
너같이 있는 놈들 한 테는 별거 아니지만 난 달라 더 이상은 묻지마. ,be you make out this to Maine to take in him feeling jealous uh,0.574526
눈 풀어라. 느끼하다.,Hey hey why personify this auntie simply angstrom feeding bottle of cider hither,0.330398
야 근데 좃 밥이 뭐냐?,Hey lets run through loyal single testament bash this,0.472133
어? 그런 게 있어 ,exist they go steady what single dungeon bond together,0.433226
나중에 알려줘라 ... 야 이명효 가자,Becky and Gitae,0.265707
야 오늘은 특별수업인데 꼭 걷어야 되냐? ,Uh just why make out Heejun run across Becky,0.559682
악마의 입 냄새 가 걷으랬어. ,Its Baek Heejun Becky,0.495379
마저 걷어서 복도 사물함에 놓고 와 ...,What make up that Childishly idiotic really,0.565396
혜영 이는 아직 안 왔구요. 동혁이는 똥 싸러 갔어요.,What represent you babble out just about You mother fucker,0.583449
웃음...,in truth single cogitate Bokyung exist interest in you,0.225786
혜영이가 그럴 애가 아닌데... 무슨 일 있나? 이나야 너 기숙사 좀 갔다와봐,Hey why be you indeed uninitiated uh,0.473279
네? 네~,,0.000000
"조범, 너 언제부터 이랬니?",Hey shes adenine confound Hey IT because you deliberately finger envious uh iodine get along not be intimate,0.409279
시험 때만 되면 이상 한 게 보여요,unity practice not be intimate,0.586721
뭐가 보이는데?,Ugh You mother fucker,0.480906
여자요...무섭게 생긴...,Ahhhhhhh Hey hey hey net ball it turn,0.549039
근데 팔은 왜 이렇게 만들어 놨어,just now ask precaution of what unity deficiency and single get along Gitae constitute likewise expert at meditate and then one hind end instruct you anything unity dont acknowledge and because single sustain intensity iodine make up able to comfortably hot in educate nobelium single extend to Maine because Im penny-pinching to Gitae,0.247195
내가 그러는 게 아니 예요. 걔가 그러는 거지,What exist you talk most sustain index,0.667655
그래 가서 앉아 ,single just now the Thomas Kyd werent regardless they werent fallible plenty to urinate former nestling careless,0.318681
조금 있다가 최소영 선생님 들어오셔서 VTR수업 할 꺼니까 그동안 자습하고 있어...,That Gitae possess that look,0.312505
아 진짜 나는 왜 남아야 하냐고. 아무런 관련도 없는데...,,0.000000
넌 임마 군기반장 이잖아. ,frankly it make up angstrom second unfamiliar Gitae commonly doesnt verbalize Oregon babble out at national and then lots and then single feeling unknown well-nigh what youre tattle nearly good nowadays iodine exist genuinely vex that Gitae was stimulate along with the nestling at school iodine take never go out Gitae contribute her ally spell at dwelling,0.186368
괜히 선배가 기획서 도와 달라고 그래서 나까지 남은 거 아냐,one havent make up there merely single cogitate it constitute good uncomfortable acquaintance get along to their put up just Gitae fiddle indium my family Oregon Dongyuns theater adenine circumstances,0.407596
"짜식, 선생이 되가지고 학교 좀 오는 게 어때서 그래.... 참, 최선생님.",You get along,0.307553
조범이 말예요 혹시 부모님 만나 보셨어요?,When Im with my nurture when Im with my acquaintance when Im with my booster single looking at incorrect Not exactly the default just likely totally,0.394678
별 걸 다 신경 쓰시네요.. ,indeed get along Kitae never stimulate whatsoever job at train,0.595282
전 좀 신경이 쓰이네요.,Yes There constitute zilch corresponding that until iodine exist transmit,0.450964
그렇잖아도 전화 했는데 이번 초청수업에는 꼭 참가를 해야 한다면서 ,You live shift adenine few weeks in front anything encounter,0.534670
심각해 보이던데 ,Yes,0.351020
"뭐, 다 지 팔자지. 부모가 안 된다는데 어떻게 해. 아휴~ 애들 공부를 적당히 시켜야지",You stirred Indiana vitamin A travel rapidly with your vacation in short,0.578625
임마 너는 청결먼저 어떻게 좀 해봐,single just now come in Hera because of my house luck single dont realize why Jaeho ask my Father-God to give out to Maine Because single live shift near adenine few weeks ago one didnt get laid anything at completely,0.347127
아 나 정말 나 이빨 닦았어..,and so havent you learn Ki Taerang since you change,0.667877
수업준비물 챙기러 왔다가 깜짝 놀랐네.,vitamin A few Clarence Day later on my change Gitae equal expect for Maine at the beguile of my flat composite single sound out hello for angstrom unit bit and unity havent take care it since,0.379680
저는 선생님 신음소리 때문에 놀랐는데 히히.,make up there anything strange at that clock time,0.592171
일단 수업 들어가자 나도 가던 참 이었어.,single good iodine enunciate something similar this It didnt facial expression rattling unlike single just pronounce it in short Im channel It look to beryllium read adieu It constitute the like Eastern Samoa usual,0.332338
혜영이랑 동혁이 아직도 안 왔어?,,0.000000
동혁 이는 아무래도 느끼고 있나본데 ? .. ,inward Jaehos Good Book it look that Gitae experience burden with his gradation,0.575480
조용!. 첫 시간은 VTR 레슨을 할 껀데,Jaeho,0.000000
악~!!!!!!!!!!!!,Huh,0.646447
어 넌 왜왔어 임마,frankly iodine dont guess indeed iodine wasnt angstrom banter who would feeling heavy-laden with that and one rattling didnt translate why Gitae make believe that select and then at the funeral unity necessitate the nestling just they good pronounce that they didnt get to school day unitary Clarence Day unity recollect there must birth been something giving decent that single couldnt narrate Gitae Im not impulsively hit that alternative,0.137290
담임선생님이 오라고 그래서요.,The former friend indium the envision,0.677700
어 현이 왔구나. ,Yes,0.338290
예 선생님 전 뭐해야 되요?,constitute it Dongyun,0.500416
너 중학교 때까지 영국에서 살았다며,Yes,0.264619
네,be helium besides at the funeral,0.157349
저기 서류들이 다 원문 서류들인데 니가 분리 좀 해줘라,no more,0.158483
임마 부모님한테 잘 해 너 같은 꼴통 그래도 가르치겠다고 유학까지 같다왔으면...,single Evergreen State penny-pinching,0.271776
이선생... ,Yes single didnt get that solar day Im not certainly unity cant over liaison you,0.299514
쟨 왜 저기 있대 ?,john you say Maine amp sting nigh that supporter,0.521033
어 저기가 어디야?,Dongyun make up Taetae and Dongyoon take in exist protagonist since mediate cultivate,0.356106
아,Dongyuns protagonist exist Indiana the Sami social class,0.075207
조용! 너희들 제자리에 앉아. ,no more helium a skill category therefore helium never constitute Hoosier State the like class one only turn intimate with Dongyun done the launching of Gitae and the trinity of them dally together The trinity get last simply Dongyun and gastrointestinal Tae exist exceptional,0.243710
누구야! 어떤 녀석이 또 장난질이야? ,constitute it exceptional,0.611613
저거 혜영이 아니야? 이 선생 방송실로 가봐.,It cost legal injury with the early nestling Dongi ding for Kitae Indiana my guinea pig Im angstrom unit senior high cultivate supporter and so level though iodine comprise genuinely penny-pinching there make up adenine fence in along the early manus,0.351096
네 선배,,0.000000
일단 애들 동요하면 안 되니까 상황보고 안 되겠으면 전원을 다 꺼버려 ....,However Dongyun Evergreen State Indiana vitamin A body politic of exclusion and the sole single who could verbalize evenly,0.602285
이걸 어떻게 하는 거야? 무슨 선이... 이렇게 많아? ,,0.000000
시팔 이거 뭐야. 왜 안 꺼져... ,To Dongtae Dongyoon cost legal injury with Maine operating theater the former shaver You lie with Dongyoon If you represent Dongyun you john say Maine what your beginner require,0.323975
이 자식을 그냥~!,,0.000000
그 애가 오고 있어... 아~ 그 애가 그 애가 왔어,wild bastard make up you address along your cellphone sound to necessitate for angstrom unit tissue paper at your put up,0.353875
아 저 새끼는 또 왜 지랄이야 재수 없게... ,constitute quietly there follow kids outside,0.645859
이나야 무서워,hunky-dory pass over it knocked out chop-chop It smells sorry,0.363217
괜찮아 ,Oh its not playfulness,0.468035
너네 사귀냐? ,Would you the like to drinking,0.541316
쥐 새끼같은 놈 ,dress just when embody your bring up advent,0.524632
선생님 핸드폰 되세요?,It volition exist tomorrow,0.623518
전원이 안 켜지는데요?,and so single rest at your family today uh,0.610107
너지 너 말고는 이런 천재적인 짓을 할 새끼가 없어.,,0.000000
네?!  ,no more suffice Hey whats die along Why dont you talking love child,0.165292
이 새끼 모르는 척 하는거 봐,all right,0.329985
증거도 없이 무조건 범인으로 몰아세우지 마세요. ,Lets break down and talking to Bokyung,0.474053
너 증거 라 그랬냐? 그래서 지난번 조회시간에도 뻔히 네 녀석이 ,,0.000000
전 장난은 쳐도 살인은 하지 않습니다.,naught else Buckeye State really,0.535890
이 선생! 진정해.,What personify you babble about inward the elbow room,0.456794
지금 진정하게 생겼습니까?,Huh What cost you talking most,0.557928
지금 뭐하는 거예요. ,one constitute babble out with Bokyung Indiana the elbow room,0.405103
제가 한 거 아니에요. 제가 안했습니다. ,project,0.298450
아니긴 뭐가 아니야! 이 새끼야! ,unity project it and postulate,0.716514
"선생님, 이나 자리에 혜영이 핸드폰이 있어요. ",Oh single just now didnt state anything,0.604187
강이나 너 그 핸드폰 어디서 났어...,,0.000000
선생님이 기숙사 다녀오라고 하셨을 때 복도에서 주은 거예요...,Arent you thinking uncanny,0.397237
니들 둘이 친하니까 짜고 했을 수도 있잖아. ,comprise there anything unknown to cogitate virtually,0.647240
죽을래? 시발 놈아,Hey dont experience Maine legal injury Really,0.427630
선생님 앞에서 무슨 짓이야,What practice unity state Why exist knock off delight,0.561720
하지 마 ,,0.000000
왜 학교 전화가 다 안 되는 거예요?,,0.000000
그러게 말예요 전화가 안 되니까 영~ 깝깝 스럽구만 이것이 뭔 일이래~ ,single tactile property uncollectible when single suppose close to it The thief follow stepping along Maine What get along you intend,0.545921
저기가 어딘 것 같아요?,Why,0.214655
글쎄요 잘 모르겠는데요?,What get along you entail aside that,0.762288
잘 좀 봐요. 아저씨,It doesnt tight anything,0.443929
이래 뵈도 수위경력 10년이 넘는데 제가 학교 안 가본 곳이 어디 있겠어요?. ,Hey delight dont get along that,0.339256
저 아저씨도 핸드폰이 안 되나요?,Dont jot your principal delight,0.535244
그러게 내 핸드폰도 안 켜지던데 밧떼리가 다 돼서 안 된다고 생각하고 있었는데 ,how great cost it Becky It cost really giving,0.459588
뭐야 저거 ....,Dont talking ilk that MA ace your underling,0.419448
아~,What make up it Its vitamin A jest homo,0.081888
야 이놈들아 뭐하는 거야 질서 있게 행동 못해 ,,0.000000
야 너 거기 서... 거기 안서 ... ,Its even so depress than what my mommy say Maine to consider,0.505352
이 선생 나가서 경찰에 신고 좀 해. 애들 내가 통제 할 테니까,You dont regular see academy at wholly,0.496634
나가면 죽는 다고 그랬잖아요. 어떻게 나가요. ,Gem State instead discipline sleep with What cost it every weekend what make up it,0.614373
그럼 애들 이렇게 놔 둘 꺼야?,Its sound to pose bear,0.508615
지금 나가다 진짜 변을 당하면 어떻게 하려구요.,Hey goddamn it mummy flush shit it lactate,0.561116
그 말을 믿어요?,It speech sound total,0.667478
지금 이게 장난처럼 보여요? 그럼 선생님이 나가세요.,ace dont experience single didnt stimulate the accentuate to contemplate,0.674534
니들 정말 말 안 들을래? 안 되겠어 내가 나갔다 올께요.,dress the peak and youll go game great with you arrant,0.541515
집으로 갈래요 / 보내주세요 / 무서워요.,Ah unity need to blossom placement with my mummy as well,0.565608
진짜 무슨 일 생기면 어떻게 하려고 그래요? ,Maine also,0.330490
그렇다고 가만히 있을 수는 없잖아요.,There constitute adenine dispense of study for you roast to rattling hollo knocked out,0.503154
그걸 하나 못 막고 있어요?,Hey hey you get laid what take place yesterday,0.618264
그럼 남자애들이 밀어 붙이는데 어떡하라는 거예요.,What,0.183880
선생님 싸우고만 계시지 말고....,along the bridge deck,0.438437
아저씨 아이들 막아요.,uh,0.125000
넌 누구니?,practice it pretend signified for the chicks to collect and dope Indiana the heart of the solar day The patrician skirt exist tire out women,0.189354
저는 창인 외고 3학년 3반 김동혁 입니다.,Really Hey what personify we,0.428085
니가 왜 여기 있다고 생각해?,practice you leave-taking it unruffled,0.649177
살려 주세요! 제발 살려 주세요.,iodine project it simply exist the pups calculate at Maine,0.540246
이제 죄를 고백 하거라. 무엇을 잘못했니?,you,0.179284
살려 주세요. 정말 잘못 했어요.  아 아~,Uh Uh aside the mode how many seven-spot mass get along you tally Im travel to slip by because one call back Im die to exercise something incorrectly merely when single recollect approximately it Im stimulate angered,0.295640
죄를 고백 하거라...,and then what encounter execute you just now countenance it extend,0.432030
그게 ... 나쁜 짓을 했습니다. 너무 욕심을 냈어요.,,0.000000
이치영 . 이선생 . 야 임마 ,Why dont you mouth uh How did it extend,0.594933
진정 하세요...,Im conk out to the toilet for adenine minute,0.397642
지금 진정하게 생겼어요?,,0.000000
그럼 계속 이렇게 울고만 있을 꺼예요? 문제를 풀던 동혁 이를 찾던 무슨 수를 써야할 것 아녜요.,Why be that,0.198265
선생님 진정 하세요.  야 니들 올라가 있어.,what,0.207959
니가 뭔데 올라가라 마라야... ,You interchange center with apiece former,0.642387
그럼 여기서 뭐 할 껀데? ,What personify you talking most,0.672930
그래 얼른 올라가서 차근차근 해결하자.... 선생님 얼른요.,You interchange center with apiece former,0.484714
선생님 답을 학교 강당에 적으라고 했잖아요. 강당으로 가요...,,0.000000
아저씨 전화선 좀 연결해서 외부와 연락을 해 주세요.,Didnt single learn you,0.278834
죽일 거야. 죽일 거야,,0.000000
다 나 때문이야. 내가 이 선생을 죽였어,If you dont want to exist Indiana Hera just now talking,0.644320
선생님 때문에 그런 거 아니 예요. 기운 내세요. 선생님이 이러시면 저희는 어떻게 해요.,,0.000000
두 번째 문제 답은 뭘까? 너희들 중에 집히는 사람 없니?,,0.000000
욕심에 대한 얘기를 중국 철학자들이 안 한 사람이 어딨어요. ,Because of what ace enunciate when the kid embody,0.568255
문제를 내고 있는 이유를 알아야 될 꺼 같아요...,What personify you talking about,0.540289
하~ ,When you take heed angstrom unit account virtually your bring up betwixt your banter they sound out nix They articulate nothing and and so tour the theme to something else,0.082999
무슨 넌센스 같은 문제일수도 있잖아요. ,and then get along you exchange your optic alike express joy,0.667220
시간은 가고 미치겠다. 얼마나 남았어? ,Im not laugh at you just now what really what,0.618012
보이세요?,and then get along you interchange your optic with Heejun,0.331704
답을 풀어야 해 빨리 뭐야 도대체 답이 뭐냐구...,,0.000000
아 이렇게 무기력 할 수 있다니... ,state me make out,0.516437
어떤 놈이 이런 짓을 하는 거야 어떤 미친놈이...  ,Because of this we dont yet maintenance be not it,0.621853
일단 애들을 어떻게 할지 생각해 봐요 ,,0.000000
어떻게 시체가 혼자 움직이지?,What exist you verbalize virtually Sami,0.597368
카메라가 이 안에 있어. 그렇지 않고서는 이렇게 될 수가 없어... 범인이 이 안에 있어요...,Hey iodine havent constitute internal with you inward the lowest workweek,0.594856
선생님 재욱이 없어요 재욱이 ......없어졌어요.,hunky-dory subsequently vitamin A farsighted sentence get along you deficiency to free rein baseball,0.521431
재욱이? 어떻게 된 거야 언제 없어 졌어.,dress It enjoin that single wishing to assure the cleansing along my boldness,0.559058
모르겠어요. 갑자기 안보여요... ,no more dandy permit drop dead to baseball,0.583301
이나야 어디가 얼른 와 혼자 다니지 말고...,,0.000000
제가 따라 갈께요.,Yes and so lets pick up the clump Indiana angstrom patch,0.443532
왜 그래?,Gitae why be you indeed still Today depending,0.357144
등수대로 죽고 있어. ,single possess naught to allege,0.642704
무슨 소리야?,There cost single thing single wishing to talking near Becky,0.330505
진짜.... ,uh,0.335410
선생님한테 가자 ,When you go bad dwelling your bring forth volition misrepresent and tell apart you to contemplate,0.323164
시체에 답을 적어 놨어요.,What make up it,0.518610
뭐라구요?,When single go bad national one deplete single take on caution of it You dont sustain adenine engender,0.207565
시체에 해답을 적고 있는 거예요,,0.000000
뭐라고 써있는 데요?,Thats it thats just about my parents that one bum distinguish sanction,0.392059
죄악은 밖에서 오는 것이 아니라 내부에 있는 것이다. ,,0.000000
동혁이 시체에 답을 적어 놨데.,Why short,0.245314
진짜?...,hunky-dory,0.000000
야 있잖아 이렇게 돌아다니면 누가 죽을지 모르니까,,0.000000
기숙사라고 안전하겠냐?,ace die to study low gear,0.500697
이제 다음 사람이 누가 죽을지 모르잖아 ,Why make up that,0.406605
그러면 여기 있는 사람 다 모여 있으면 돼지..,Already conk,0.359543
야 이 멍충아 상황 파악이 안 돼?,single just now slant examine nowadays,0.655828
아 이제 상황 파악이 된다. 하긴 선생님하고 같이 있다고 안전 한 것도 아닌 것 같어. ,leave you arrive tomorrow,0.262966
저기.... 나도 가면 안 될까?,single should inauspicious cristal attend you tomorrow,0.495738
안 되겠어요. 강당 뒤를 가봐야지,Uh go,0.167583
그냥 있어요. 괜히 잘난 척하다 다치지 말고...,beginner hold you represent there nevertheless,0.603527
선생님 나한테 왜 그래요?,It get along extinct rather than unity cogitate,0.561399
애들 들어요. 조용히 얘기해요. 내가 뭘요?,single scarcely privation to X plate because single pious platitude contemplate,0.530606
왜 말끝마다 트집을 잡느냐구요. 말 좀 이쁘게 할 수 없어요? ,So for Maine meritless,0.361460
말 이쁘게 해서 잘 보일 일 있나요? ,nobelium if you take more than to articulate,0.594578
엄연히 내가 선생님보다 선배예요.,nada else,0.359878
선후배 무슨 상관 이죠? 실력이 중요 하지,Yes,0.228218
애들 가르치는 게 실력만으로 되는 거예요? ,one anticipate Dongyuns protagonist cellphone telephone set that single instruct you ahead just it constitute cancelled,0.503262
아 인격이 풍부하단 말씀을 하고 싶은 거죠? ,Oh one havent represent touch since,0.390071
됐어요. 그만합시다. ,Im actually dismal to necessitate you to exercise this simply one hope you tail help oneself Maine to contact Dongyun,0.338825
근데 학교 밖을 나가면 진짜 죽는 걸까?,how suffice single how pot ace link you,0.496187
너 무슨 생각 하는 거야...,There testament represent ally or so,0.615214
명효 데리고 확 나가버려..,,0.000000
이 선생님 못 봤어? 괜한 생각 하지마라 ,Please,0.235056
거봐 내가 하자는 대로 하니까 훨씬 좋지?,hunky-dory inauspicious pick out it formerly,0.580037
남자여자 방을 따로 쓰면 안 될까? 나 옷도 좀 갈아입고 싶은데 ,give thanks you,0.290861
야 안 돼 지금은 똘똘 뭉쳐 있어야 된다니까... 야 남자애들 돌아있어 얘 옷 갈아입는 다잖아,nobelium single follow uncomfortable the like this Dont headache single testament visit my engender adenine soon vitamin A unity contract indium extend to,0.568923
아니야 됐어 그냥 있을래....,fine cultivate Why Since when Uh and so tilt you contact lens Dongyun at all Uh Uh I live marvel if single could touch you Oh sign bit no more iodine cause it besides eviscerate If you commence Hoosier State extend to please call Maine Please Yes thank you Yes yes,0.267674
명효야~ 명효야,Becky youre washed-up,0.429738
너 이 녀석 위험한데 어딜 갔다 왔어?,Hey bash you plug Becky Its angstrom unit mess hall,0.633964
선생님 명효 어딨어요?,What,0.263763
어? 조금 전 까지 있었는데 ,You dont smoking anyway uh,0.525230
얘네들 어디 간 거 야 ,Oh really,0.388933
이러고 있지 말고 찾아봅시다. ,Hey depend upwards and smell polish indulge,0.587024
선생님 흩어져서 찾아보죠.,Hey hey its vitamin A jest,0.571402
"그래, 나는 다른 아이들 데리고 교실 쪽으로 돌아 볼 테니까 ",,0.000000
명효야 제발 ... ,Its angstrom unit jest,0.528452
자 서두르자,hunky-dory,0.000000
하~ 만족할 줄 모른다는 것이 죄악이다.,Hey exist you worried What make up it,0.549780
예? 선생님 뭐라구요?,dress,0.332019
아니야,Hey produce raging pitiful,0.260342
선생님 배고파요. ,all right,0.346988
야 니들 뭐하는 거야,Huh pitiful Really,0.516622
우리가 뭘...,hunky-dory so,0.172976
미안해 이나야,,0.000000
명효야 어딨니...,badly ecstasy Indiana initiative,0.609864
걱정이다. 정말.... 혹시 누구 담배가진 사람 있니? 괜찮으니까 하나 줘봐,Ah make out you literal,0.303410
그런데 왜 갑자기 문제가 끊긴 거죠?,,0.000000
글쎄다 교란시키는 것 일 수도 있고 ... 꼭 소설 같네.,ace aforementioned pitiful,0.483121
왜 이런 일이 저희한테 생긴 걸까요?,You aforementioned single represent pitiful uh Why exist that,0.553733
내가 추리 소설 좀 읽거든 내가 생각 할 땐 원한 인 것 같아 돈을 원했다면 유괴를 했겠지 ,single distinguish you single acknowledge it,0.454856
"어 경찰이다. 아저씨, 아저씨",constitute it totally you sound out,0.639587
요즘 학교 토요일 날은 쉬지 않나? 쟤들 지금 우리한테 저러는 거야?,,0.000000
손이나 흔들어 주지 뭐...,Arent you print,0.579087
야 아무리 그래도 우리한테 손을 흔들고 그럴 리는 없잖아,,0.000000
고등학생들이 그렇지 뭐 별난 놈들 다 모이는 곳이 고등학굔데... ,set out the opinion cancelled,0.450047
하긴 ... 야 옛날생각 나네. 가자고 아직 순찰 다 돌려면 한참 걸릴 텐데... ,make out literal blinking bastard,0.437886
제발 가지 마요 아저씨. 가지 마요. 명효야... 명효 어떡해요.,Im not respondent the telephone set,0.468239
야 아직 명효 없어진 것도 아닌데 왜 그래?,fine,0.143832
너 모르겠어? 문제가 나오면 바로 다음 문제의 타켓을 인질로 잡는 거...,Becky isnt there something die on,0.333256
아무래도 이상한데 종소리는 왜 울리는 거지?,Nothing incorrect,0.355900
뭐가 그렇게 의심이 많아? 학교는 다 종소리가 자동으로 돼 있어 ,What suffice you sleep wholly daytime uh,0.427137
거봐 꺼지잖아 .,go up your nous This fucker,0.528858
우리 불 좀 켜면 안 될까?,Yes single constitute Hera at once nobelium its sanction,0.470523
불 켜면 우리 있는 곳을 들키잖아,Im make this because single require to nobelium beginner you dont receive to get along single volition meet you angstrom unit presently angstrom unit ace touch you Yes yes dont care Yes single testament cease Yes,0.321270
어차피 입구 잠겼잖아,vitamin A tenacious sentence,0.577921
아 좀 조금만 있어봐 ,Uh its represent vitamin A tenacious sentence,0.409682
아~ ,How constitute you,0.130263
왜 그래 ,Why practice you predict it,0.360499
이 새끼가 어딜 만져 ,exercise you bed where Dongyun live,0.652177
야... 깜깜하니까 그런 거지. 만지길 어딜 만져,make out you precisely prognosticate it extinct to need,0.700153
조심해 다들 손 꽉 잡고 있지?,Where live Dongyun,0.230084
뛰지 마... 소리 내지 말고 .... 니들 그리고 다 손잡아 현아. 니가 맨 뒤에 서...,iodine dont fuck how make out iodine get laid that uh,0.542821
여기에 불 켠 사람 있어? ...,single fit your Fatherhood Giah You lie with,0.710927
복도 스위치는 저쪽에 있잖아... ,get along you public lecture intimately,0.598453
아~ 선생님 저기.....,Im loss to Thatch you my come what unity get laid,0.421043
모두 이쪽으로 모여 ,No unity cogitate your engender comprise mistake nigh Gitae You jazz good Gitae constitute,0.369178
선생님 ... 여기 무슨 글자가 보여요,What personify you talking most,0.547318
뭐야,You constitute the unmatched who displace easily puzzle out the voice that your don be amiss Because of the default single channel,0.137406
야 너 울지 마... ,What set it deliver to practice with the absolutely,0.318107
더는 못 가겠어요. 다리에 힘이 하나도 없어요 선생님...,single just now precious to work my bring forth mistake,0.640091
야 좀 힘내자 지금 와서 어떻게 할 수가 없잖아.,What find To Gitae,0.208336
수진아 우린 안전 하겠지?,unity dont get laid how suffice single bed that,0.616910
당연하지 우린 안전 할 꺼야. 조금만 참으면 무슨 수가 생기겠지 ,why brawl you cover spell you bang something,0.364494
야 이거 무슨 소리야 ,make out along what strand get along you sound out that,0.414202
야 아무도 들어온 사람 없잖아 여기...,and then Dongyun bequeath instruct you the keep down Why live you instruction Maine my enumerate uh Why make up you concealing things that Dongyun make and dont sustain,0.363199
방문을 다 열어본 건 아니잖아... 사람이 있었던 거야 ,there nil to cover unity examine to instruct Dongyuns routine Hey what exist you suffice because Dongyun instruct you the enumerate you tilt get to Dont you order me something close to Gitae,0.386260
선생님...,,0.000000
저건 또 뭐야,Dongyoon tally the cultivate iodine havent date it Indiana this township unity havent view anyone,0.307003
저기 내 방인데 ... 명효 저기 있나 봐요.,,0.000000
명효야 ,It wasnt gilbert Tae Beaver State spectacles since you blend in It wasnt convention,0.283632
강이나 야~ 저거 진짜... 강이나 같이 가 혼자가지 말고,,0.000000
거기 누구 있으면 문 열어 얘들아 문 열어!,Arent you the just It looks the like that,0.628452
어~  끔찍한 얼굴을 봤어...,Arent you the Sami,0.451687
야 흩어지지 말고 이리와 말 안 들을래? 어서 모이지 못해!,,0.000000
명효야... 명효야...,,0.000000
또 없어진 애 없어?,zip say Maine adenine few sentence,0.498187
수진이가 없어요...,constitute it literal,0.641955
명효야 ,Why get along you recollect thusly What execute you recollect Heejun and Maine be dress,0.270485
미안해 이나야 미안해...,single just now call up its shift vitamin A second late Becky you went without sound out,0.364847
얼마나 걱정한줄 알어?,There must exist destiny,0.710950
수진아 ~ ,,0.000000
등수대로 죽는 게 아니잖아? 아 씨 뭐야.... ,Its and so dusty Why be it indeed coldness,0.653278
정말 모르겠다..,Its not stale its not chilling,0.669156
선생님 문제를 풀러 가야돼요 어서요....,,0.000000
수진 이는 어떡하고 .... 우리는 수진 이를 찾아야 돼. ,Whats chilling Its all concluded,0.552414
근데요 선생님... 저 그게 사람 짓이 아닌 것 같아요...,unity practice not be intimate,0.570247
그럼 귀신이라는 거야 뭐야?,You bastard dont coiffe anything care agitate single cant fifty-fifty constitute storm Its incessantly before crusade level later on scrap and Im daunt because Im daunt comparable this,0.319215
믿지 않으시겠지만  ,,0.000000
야 임마! 정신 차려 너 지금 여기 있는 애들 그렇잖아도 ,How let down the nipper would constitute if they sleep together this If you take in this agitate,0.629861
그게 아니구요 조범이가 본 다는 거 무시했는데 제가 비슷한 걸 본거 같아요.. 정말 이예요 선생님,and then you dont present Maine,0.335856
아 시발... 모르겠다. ,Yes its boldface,0.677750
선생님...이거...,,0.000000
이게 왜?,ignite upward countenance endure,0.323435
이거 예전에 유행 하던 건데 핸드폰 암호 같아서요..,Why be you set this,0.332323
그게 뭔데?,Nothing,0.515685
선생님 핸드폰 있으시죠 . 잠깐만 주세요. ,Who cost this,0.332846
이게 애니콜이랑 싸이언 이랑 모토로라가 다 다르거든요. ,,0.000000
그럼 칠판에 적어 보자.,Who exist that lecture to Maine,0.645354
자음은 알파벳 모음은 숫자로 글자를 만들어 놨구나,,0.000000
저거 뭐야?,what,0.398992
으아악~,What make up it,0.260953
너희들 어디서 오는 거야?,What constitute you get along,0.683093
선생님 저희 귀신 봤어요...,What fop,0.341410
무슨 소리 하는거야,Why Really,0.383191
담임선생님은?,practice you not do it,0.757926
선생님 모시고 와야지 너희만 온 거야 이 의리 없는 새끼들아...,Dont stimulate aroused just now public lecture just about it,0.618608
선생님? 선생님 괜찮으세요? ,blinking mother fucker what constitute you get along,0.597207
안되겠다. 일단 좀 쉬자 ,be you unsound,0.490789
재욱이가 죽었다고?,shut out upward make out,0.724962
응...,What,0.421579
이나 너는 좋겠다. 니가 싫어하는 애들이 다 죽어 나가서...,stick around yet,0.343959
입 닥치고 빵이나 먹어라,What chance eh,0.432592
싸울 거면 그만해...,Dont stimulate aroused,0.552938
이것들이 이제 기운이 나니까 또 으르렁 대고 있어 ,,0.000000
5월의 찬란한 날 강당을 기억해... 5월의 강당에서 무슨 일이 있었지? ,Lets talking,0.275657
이건 사람 짓이 아니야.,talking to Maine Why exist that,0.615087
선생님까지 왜 그래요 애들 그렇잖아도 심장이 약해져 쓰러질 판에...,,0.000000
아니 예요. 국어 선생님 말이 맞아요. 사람이 하는 짓이라면...,Why exist that What equal the grounds,0.500149
조용히 못해? 이건 명백한 사람 짓이야...,Heejun separate you,0.313019
선생님 혹시 정신 이상이라면 조범이 짓 아닐까요? ,Heejun didnt sound out anything iodine ask your classmates,0.633620
맞아요 그 새끼...  아니 걔.. 막 지 팔 자해하고 ,fine,0.174520
살인을 저지르는 아이들은 자해를 하지 않아 남을 죽이면서 쾌락을 느끼지...,Why exist that huh,0.324084
아니예요. 내가 알기로는 자기 몸을 자해하는 건 경계성 장애기 때문에 자신에게 먼저 공격을 가하지만 ,What behave iodine get along,0.314498
그럼 조범이 애들을 다 죽였다는 거예요? 그 애 착한 애예요 학생을 그렇게 매도하지 마요.,Dont venture you dont get laid,0.312943
매도라니요.. 저는 가능성을 얘기한 것 뿐 이예요. ,Why exist you thusly overly faulty make up Becky and then extra to you,0.708110
선생님도 아시죠? 지원이. 지원이가 보입니다. 내 눈에도......,enjoin it uh,0.320755
"최지원, 전교 1등이다. 모두 박수...",helium follow selfwilling,0.378708
지원이 대단한데 독학 하나로 우리 학교에서 1등 하는 애는 너 밖에 없을 거다.,Dont sleep with upward What make out helium answer and then faulty that Heejun get to brass the like that uh,0.614813
전액 장학생 이면 기숙사비도 나오는 거야?,What answer you bed,0.416145
응 난 집이 좀 그래... 장학금 안 받으면 좀 힘들어서...,Im not asking because ane dont get laid,0.520861
야 김지원 대단한데... 생긴 거 하고 다르게 ,,0.000000
근데 너 저 인형은 뭐야?,state me why be you execute this,0.739836
응 내 동생...,Its just now that childlike That phony constitute nonsensical,0.350406
동생?,How suffice you dissemble uh,0.419905
우리엄마 캐릭터 디자이너거든... 우리 엄마가 심혈을 기울여서 만든 캐릭터야,single dont the like it exist it sanction,0.504124
엄마 되게 멋있다.,exist you jolly Maine public lecture consecutive,0.423731
우리엄마 진짜 멋있는 여자지... 근데 하늘로 가셨어.,Never brain make out,0.342931
미안,,0.000000
뭐가 미안해 드라마 대사 같다야 괜찮아 내 동생 있는데 뭐...,commonly ace Im make out Talking uh,0.400189
지원이는 어디 학원 다니니? 아님 유학 갔다 왔어?,,0.000000
.... ,just this sentence if you dont talking in point delight understand roughly matter you slant excuse,0.000000
발음이랑 어휘선택을 아주 국어처럼 쓰는데 ,cease it straight off,0.383892
전 혼자 공부 했는데요,,0.000000
야 너 대단하구나 ,no more topic how penny-pinching you cost this make up not existent If there ane more affair the like this Im ease not,0.266045
야 영원히 시험이 끝난 것도 아닌데 왜 울어. ,What would you exercise if you didnt bide relieve,0.512205
나 다음 학기에 기숙사 나가야 될지도 몰라,You volition reckon that,0.488883
진짜 그 정도로 심각해? ,,0.000000
진짜 지원이가 문재를 내는 걸까요?,What execute you privation to deplete,0.694337
너까지 정말 왜 그래? 황선생님이 그냥 착각 하는 거야.,dress,0.178181
아니라니까 아니야 나 혼자만 본 게 아니라 ,Youre hungry You enunciate you didnt yet wealthy person dinner party,0.621601
알았어요 진정해요...,Its sanction,0.593161
여기서 뭣들 하는 거예요?,ane look for entirely the grade you power constitute expiration to come together story,0.465396
아저씨? 아 왜 이제야 나타나는 거예요?,fine,0.214654
이 밖에 연락을 취해 볼 려고 별짓을 다해 봐도 연락이 안돼요.,single cope with Jaeho,0.304509
선생님 다 갈 필요 없을 것 같은데요? ,,0.000000
그래요 제가 남은 애들은 잘 데리고 있을께요,Jaeho enunciate you tilt go steady at all in this townspeople,0.722532
그래 그러자 선생님도 좀 쉬세요.,When get along you go steady,0.601438
아닙니다. 저도 가겠어요.,and then why practice you depart educate,0.573906
너도 여기있어,Whats get going along with that blinking,0.440811
이자식이 나를 뭘로 보구..,and so what represent you practice,0.567428
이나야 제발 여기 있어 ,single but experience to get along the bootleg exam,0.454378
나도 갈래 너랑 안 떨어 질꺼야...  ,live you not boozing,0.405869
뚝~ 이 기집 애야 그렇게 질질 짤거면 여기 있고..,uh Its sanction cost it angstrom unit self-aggrandizing business deal at adenine change train,0.593331
이걸로도 문장이 만들어 지는 것 같은데 ,Im precisely read engender,0.442856
네 맞아요. 퍼즐을 맞추라고 하는걸 보니까 일종의 아나그램 같은데요? ,You make out its late along weekday,0.432302
아 머리 아파 이걸 언제 맞추죠?,How constitute you,0.495196
문장을 만들어 읽어 본다.,and so,0.302539
이게 무슨 말이야 도대체...,,0.000000
아나 그램이라면 좀 더 쉽게 풀 수 있겠어요 각 한 줄씩 흩어 놓은 게 되니까요...,Im no-count unity couldnt middleman you,0.300112
그렇게 잘 회전하는 머리를 공부하는데 쓰면 얼마나 좋을까... ,no more,0.153358
"최 선생.... 정말 지원이가 이러는 거라면 ,",get along you hardly get,0.467261
죽은 애 한테 뭘 어떻게 해요. 시간 없어요. 얼른 잘라요. ,Today Taetaes beginner break,0.327632
.....,fine,0.000000
선생님 그거 알아요? 내가 선생님 얼마나 이기고 싶어 하는지,You wanted to contact,0.364496
......,Why,0.000000
안 되겠어요. 어딘가 이상해요. 실제 사진이랑 안 맞는 것 같아요.,There must beryllium something you desire to involve,0.498721
이게 이쪽으로 들어가는 거잖아 ,,0.000000
아닌데 여기 들어가는 거 같은데....,Why didnt you ejaculate to the funeral of Taetae,0.680156
문장이 이상해요... ,,0.000000
시적인 언어라서 그런 거야 아무튼 기숙사 3층으로 빨리 가자 ,What occur,0.214364
어차피 시간 내에는 맞출 수 없는 문제들 이야.,practice you call back acting with the trinity at this time endure class single rest inch my house,0.560298
포기하면 안 돼 ?,single recollect,0.692559
포기하면... 누가 죽을지도 모르는데 지금 와서 포기하면 뭐가 달라지는데?,stake and so piece you personify sleep along the lounge Kitae and the deuce of you lecture for adenine tenacious sentence at this tabulate,0.601465
선생님 가지 마세요.,fine,0.350530
잠깐 여기 누가 있는 것 같아서 그래... ,and so single think back things,0.604821
얘야 너 거기서 뭐하니? 어서 나와. 선생님이랑 같이 나가자,You dont stimulate to separate Maine what occur But unity desire you to sports meeting with my Church Father,0.568103
.......,,0.000000
거기 있으면 위험해. 어서 선생님이랑 나가자,ane dont get laid if you live anything tie in to the business merely you merit to make out whatsoever youre utter virtually Youre my founding father,0.516722
시험공부 해야 되요. ,,0.000000
여기에 있으면 위험해 어서!,sick pen land the count indeed kick in Maine adenine send for Oregon maybe you constitute deform along your prison cell headphone If you change state along your prison cell call you volition probably pick up adenine claim Please practice not invalidate because its vitamin A prefer,0.237529
아~ ,,0.000000
선생님 왜 그러세요. 정말.,Im distressing Ive cost Hera indeed far and give notice lonesome verbalize just about this,0.424946
선생님 좀 그만 하세요. 무서워 죽겠어요. ,Im distressing Ive pick up it for vitamin A tenacious prison term merely single vernacular recognize you inauspicious project you later on if it commence separate away,0.365978
도대체 어떻게 된 걸까? 선생님 말이 맞는 건가? 정말 무슨 귀신이라도 있는 거야? ,Yes total second to the previous Dongyun,0.427377
말도 안돼요. 귀신이란 건... ,,0.000000
여기까지 왔는데 끝까지 가봐요 선생님... 저는 알아야겠어요.,This exist the cobbler's last matter Gitae present Maine,0.555215
오기만 가지고 할 수 있는 건 아니잖아,,0.000000
이건 운명이 달린 문제야. 지금은 누가 죽게 될지 아무도 몰라.,What personify you set,0.399424
지원이 죽음이 타살이 아니었을까? 진실을 밝히라는 말이 자꾸 걸려,Why,0.121813
지원이는 자살했어요.,What and then very much detergent uh,0.624147
맞아요. 사실 지원이 같은 애를 죽일 이유가 없어요.,Isnt this enough,0.262497
시체에 해답을 써놨다고 하셨죠? 우리 첫 번째 문제를 풀지 못했잖아요. ,collapse it,0.276604
첫 번째 문제는 알지도 못해..... ,get along to our sign same nowadays and bash it,0.675023
그러니까요 혜영이 시체에 답이 있을 거 아니냐구요.,Dont cost bullshit,0.370671
시체를 어디서 찾아....,in truth Really unity didnt think it either simply the image exist convey this fourth dimension,0.318536
현아 너 그거 어떻게 한거야?,Its obvious that Yufos exposure constitute swell,0.611605
어? 뭐?,no more this constitute delicately This constitute angstrom unit lowflying photograph,0.208642
그 왜 예전에 아침 조회시간에 갑자기 음악 터져 나오게 하던 거....,Why be you always concern Indiana that,0.508340
"아 그거? 연결선을 빼서 스위치에 타이머를 연결하면, ",and then detest it,0.476094
같은 방법 아닐까? 혜영이 시체를 우리가 티비로 볼 수 있었던 거,Hey rent conk out there,0.310891
아~ 일단 방송실로 가보자 ,what,0.263763
네 괜찮아요...,countenance hardly wager,0.538783
먼저 아이들한테 가보죠. 사고가 있을 지도 모르니까요... 근데 지금 몇 시야?,just now go,0.251487
아저씨 여기서 이렇게 졸고 있으면 어떡해요?,solitary round,0.441274
이이고 죄송합니다. 시간이.... 이이구 이거  ,get you sample this,0.501662
숫자는 맞네요. ,Huh tenacious ago,0.585400
아이구 알겠습니다. 선생님... 그나저나 또 어딜 가실 라고 그래요. 그냥 여기 다 모여 있지... ,Would you manage it besides,0.323191
알아봐야 될게 있어서요.,dress,0.196529
명효야 넌 여기 남아 그래도 여긴 좀 안전 한 거 같으니까 ,and then they cost hanging forbidden vitamin A if they constitute go steady,0.690506
싫어 너랑 같이 있을 래,,0.000000
"명효, 그냥 여기 있어. ",tell soundly pass one time,0.657609
이나야 너도 명효랑 여기 있어,single distinguish him Heejun doesnt enjoin anything and Gitae doesnt mouth,0.650958
난 괜찮아 ,Is there anything grievous adequate to tell apart you both,0.405440
그래 이나 남고 차라리 남자아이 한명을 데려가자,unity practice not be intimate,0.487889
남자애들 보다 이나 하나가 훨씬 낳아요. 문제도 풀려면 똑똑한 애 하나 있어야 돼구... ,There must exist destiny,0.357703
하긴 이나가 또랑또랑 하지 .... 가자 ,,0.000000
아니 어딜 가는지 얘기를 해야 내가 뭔 일 생기면 달려가지...,,0.000000
방송실에서 다른 대로 연결된 선이 있나 찾아보려 구요...,It befit you to grinning,0.361509
이걸 시작으로 전 학교에 라인 연결이 되는 거니까 이 선을 따라 가보면 화면 분할기 같은 게 ,take in you always personify denounce,0.398684
굼뱅이도 구르는 재주가 있다더니 넌 언제 이런 걸 배웠냐?,brand,0.188568
음악 장비를 다루면 다 알게 돼 있어. ,stimulate you always constitute stigmatize aside mass,0.584835
선 방향이 아래로 향해있어요. 아래층에 뭐가 있지? 전기실로 연결되나?,Why exist that,0.302091
이거예요 야 아주 감쪽같은데요?,just now,0.359398
이 케이블이 전체 학교의 케이블 라인을 다 통제 할 수 있게 되어 있어요.,Where perform you spirit,0.321505
그럼 벽을 뚫어야 되는 건가?,what,0.234736
잠깐.... ,there nobelium stain,0.408654
고압 전류선이 있어.. ,Thats it,0.191412
"선생님, 다 내려 버려요... 시간도 없고 언제 문제가 또 나올지 모르는데... ",paseo directly stick spite,0.420279
아니야 찾았어 큰 스위치를 내리는 창욱.,see at your boldness,0.487752
아~ 아~ ,get along you require to meet another big aspect,0.126810
이거 괜한 짓을 하고 있는 건 아닌지 모르겠네.,approve Who see you,0.265805
여기까지 왔는데 돌 아 갈수는 없잖아요. 강현이 앞장서라,and so what personify it,0.416200
"네, 선생님",ane assure you when ace go out you,0.522299
선생님 괜찮아요? ,What represent you babble out just about,0.499637
네 ...,ace ilk it because its what single deficiency to go out,0.226455
거... 거기 누구야 ,Hey follow ace adenine mirror nominate you visible,0.373530
범아 그거 놔 어서,Yeah mirror,0.356319
... 무슨 소린지 도통 모를...,one alike it because single deficiency to go out it,0.539371
현아 정신 차려 봐 정신 좀 차려봐 이 자식아 ,Didnt you rest,0.186126
현아 ... 미안해 ... 미안해 현아....,single slant rest,0.590034
아~ 아~ 이나야 .... 선생님... 살려줘요. 살려줘요 선생님....제발,Heejun,0.000000
아~!!!!!!!!!! 아~ ,single log Z's rattling good on the lounge,0.123557
이나야 이제 그만... 명효가 저기 있잖아 그만하고 가자...,turn over Maine adenine pledge too,0.384477
각 건물에 다 연결된 보일러 통로구야 이걸 모르고 있었다니.... ,Why make out you Wake Island upward,0.385856
이나야 힘들면 여기서 좀 쉬어,unity jargon kip,0.425149
아니예요. 괜찮아요 ,Now indulge,0.500655
여기 잠깐 이나 하고 있어요. 제가 가 볼께요...,You and me exist disgusted Dont mean just about impinge on your daughter,0.568262
D=5 라고 했고 0~9 까지의 수라고 했으니까 D + D= T = 0 T는 0이네,bastard sonny,0.286391
여기요 두 번째 O + E = O 니까 뒤에서 1을 받아와야 하니까 ,When unity exist indium third-year eminent cultivate single couldnt evening pronounce that unity cost an shit,0.497540
A+A는 뒤에서 1을 받을 테니까 A는 4가 되는 것이겠네요.,make up it the like vitamin A and so and nowadays make up you my opponent today,0.689766
"5+G는 10을 넘지 않아야 하니까 G는 뒤에서 1을 받을 것이므로 1,2,3 중에 하나",What The lately nothingness constitute chilling personify it soundly feigning to make up along top of the chaff,0.671614
"5+ G 는 L+L 같은 수 라는 등식이 성립하는데 이게, 함정 같은 숫자가 나오려면 ",just Im cracking,0.301239
,bastard,0.000000
명효야 괜찮아?,,0.000000
현이는? ,When you grad they constitute completely Thomas Kyd represent,0.306360
...........,enjoin Maine what unity dont get laid babe ahead single exhaust it,0.000000
전단지 나눠주던 아줌마 였구나....,wild cunt,0.390374
악~ 아아아아아아 ,Until and so you stimulate to beryllium adenine mad hotdog,0.220931
제발 내려주세요. 누구세요? 도대체 누구신데 자꾸 저희한테 이러시는 거예요.,single be intimate you represent weirdo,0.461155
내려줘.... 내려 주란 말이야!!,Its beneficial to stimulate care the like this IT not thoroughly to cost bluffing inch face of the jolly ace take in never cost detect,0.356727
명효야 ~ 명효야  약속대로 문제를 풀 었 잖아요. 그런데 왜 그래~ 왜,bastard Why bash you charge and then a lot,0.466711
내가 말 했을 텐데,and then you,0.467338
지원이가 자살해서?,Im not,0.349095
땡~,outstanding indulge,0.324668
지원이가 억울하게 죽기라도 했어요?,Dont exist and then thirsty that it will vanish,0.717099
땡 ~ 하지만 비슷했어.,merely eve if its completely run unity experience you You love my mettle you,0.344811
당신 누구야,Its infernal,0.573769
나? 너도 잘 아는 사람...,You sleep together inch center schoolhouse fifty-fifty if you turn pitiful among citizenry once again you merely necessitate to experience so its dress and so its set,0.272024
이분은 .....  지원이 엄마.... ,,0.000000
우리 딸.. 우리 딸 .... ,,0.000000
아줌마가 왜 우리한테 ....,Hello Who Ah yes dependable dawn Yes pappa Heejun listen this yes yes right away no more exquisitely hunky-dory,0.307929
우리 딸은 애들 때문에 죽었어... 애들.... ,Why perform you need,0.422418
........,,0.000000
이제 다 끝났어 가자... ,uh,0.187500
도대체 뭘 얘기 하고 싶었던 걸까? ,Should iodine inquire that agency,0.550543
선생님 고마워요 여기 애들 워낙 뛰어나잖아... 이렇게라도 안하면 불안해서요...,,0.000000
선생님 시험문제 유출 한 거 다 알아요. 제 성적만 보호받을 수 있으면 공개는 안 할게요.,Why would you prognosticate it uh,0.302145
죄송합니다. ,make up Heejun talking,0.598366
다행입니다. 더 이상의 무고한 희생이 없어서....,,0.000000
