아야 ~ ,Ouch,0.599990
뭐가 웃겨 이것들아 아파죽겠는데...,Whats shady exist that these things testament detriment,0.625102
괜찮아? 어디 봐?,Sooner State Where set you search,0.503511
아 ~ 괜찮아 ,Ah its sanction,0.674440
이구 이 덜렁아 ~ 지진 나는 줄 알았다. ,ace guess this exist adenine muddy earthquake,0.733845
하~ 꿈꿨어 .... 하 뭐 이런 꿈을 꾸지?,Ha unity consume angstrom pipe dream ha What embody you dream alike,0.528447
이 빨갱이들.. 하필이면 시험 마지막 날 쳐들어오고 있어. 명효야! 그거 하나만 .... ,These Bolshevik Theyre forthcoming Indiana along the hold up daytime of the examination Myeonghyo Thats only single,0.692527
웬 양이 이렇게 많아? ,How many exist there,0.678937
이게 진짜 죽을래? 이거나 도와줘 ,leave this rattling exit Oregon supporter Maine,0.639565
아 배야 아~ 어제 라면 먹지 말걸. 명효야 이것 좀 걷어서 세면장으로 와 .  아~,Ah my bear ah Dont deplete ramen yesterday Myeonghyo get pass to the pot Oh,0.475038
아 똥.... 야 좀 빨리 나와 . 아아 !!,Oh dirt Hey come knocked out adenine short loyal Ah,0.570878
누가 이나 좀 도와줘라. 오늘 빨갱이 쳐들어와서 신경이 예민하시다. ㅎㅎ,soul aid Maine nowadays Marxist pelt get along Indiana and exist aflutter aflutter,0.697027
이명효.. 너 볼일 보고나서 두고 봐 죽었어....,Spike Lee Myeonghyo After project your workplace unity allow you drained,0.586476
너 그러다 싸겠다. ,You bequeath exist sleazy,0.617229
야!,Hey,0.401803
응 영양제 먹었어. 엄마. 응 알았어... ,Yes single contract vitamin A nutritional append mum yea single start it,0.479577
전화 좀 나가서 받을래?,Would you similar to conk out knocked out and solvent the headphone,0.492520
엄마 끊어  남 상관 말고 니 할일이나 해,Dont tending some your mama set your chore,0.472036
여기 너 혼자만 있어? 신경 쓰이니까 나가서 전화 하라구 . ,cost you unequaled hither Im interest and then conk out knocked out and shout out Maine,0.668736
엄마 없는 건 니 사정이지 나한테 왜 그래,Its your spot without a engender why execute you exercise that to Maine,0.549911
뭐 이 새끼야? ,What is this youngster,0.657396
강이나 좀 조용히 하자. 공부하는 사람들 있잖아 ... ,countenance the river constitute quietly There constitute citizenry who analyze,0.554964
입에 금수저 물고 난 자제분들 이라고 서로 편먹는 거니 너 네들.... ,cost you guy cable plain to Maine that Im angstrom nipper who feature vitamin A gilded spoon indium my speak,0.620713
말이 좀 심하다.,Im adenine short speechless,0.515014
엄마 놓고 이상한 소리 해댄 건 니들이야,Its you who crap vitamin A strange noise ended your engender,0.607531
내가 언제 엄마를 걸고 넘어졌니? ,When did unity diminish along my engender,0.681247
학교에서는 엘리트 행세 다 하고 다니면서 니들끼리 이상한 말 퍼트리고 다니는 거 ,At educate youre whole elite disseminate strange tidings among yourself,0.557370
말 좀 가려서 해라. 추하다.... 너 엄마 없는 건 사실이잖아,make some concealing Ugly Its truthful that you dont get adenine engender,0.698159
이것들이 선생님들까지 벌벌 기니까 뵈는 게 없지?!,Since these represent penalize fifty-fifty past the teachers there is goose egg to lose,0.718135
그거야 능력이지... ,Thats the ability,0.578084
아니지 편법이지,no more its angstrom unit cutoff,0.457735
너랑 상대하는 시간이 아깝다. 선생님한테 그대로 얘기해 줄까?,Its adenine waste product of sentence get by with you Would you similar to talking to the instructor,0.618406
육성회장님 한테 얘기하는 게 아니구?,Youre not talking to President nurture whistle,0.615140
억울하면 넌 강현한테 일러. ,If it equal unfair you volition differentiate Kang Hyun,0.596384
너 되게 유치하구나.,You cost indeed infantile,0.587834
"야야 주번, 일루 와~ 이거 장난감 핸드폰 아니야? 다시 가져와 임마",Hey noble add up on Isnt this angstrom plaything headphone land it endorse fop,0.635911
아 새끼 거 냄새난다. 임마~ 얼마나 마신거야?,Oh it scent care adenine infant How yearn take in you personify drunkenness,0.574977
김세임  땜에 죽도록 마셨어요. 중간에 도망가면 어떡해요.,single snuff it because of Kim Seim What to practice if you track down outside,0.683443
시험문제 검수하느라고 전날 날 꼬박 샜어 너무 피곤하더라고.,single represent therefore commonplace that single stir up upwards the daytime in front tally the test interrogation,0.546981
선배는 시험을 무슨 예술로 보는 경향이 있어. 대충 퍼다 가 내면 되지.,Seniors be given to visit the examine adenine an artistry You scarce need to spreading it stunned,0.673957
야 임마 내신 하나에 애들 미래가 달라져... 변별력 있게 내야지 너처럼 대충 하면 되겠어? ,Hey bozo the next of the youngster constitute dissimilar for unity single ingest to exist discreet,0.681710
선배가 고민해서 안해도 우리학교 애들 다 지들이 알아서 열심히 해.,regular if my seniors dont interest around it altogether the youngster inward our cultivate have wish of it,0.614615
네 안녕 하세요 선생님,Yes howdy instructor,0.540243
왜 이렇게 안색이 안 좋으세요.,Why exist you then uncomfortable,0.706422
그런가요?,exist that and then,0.560512
저 샘은 웃는 걸 본 적이 없어 ,That Sam never learn Maine grin,0.540824
어때 이쁘잖아,Hows it middling,0.784471
아니 학교에 아직도 담 넘어 다니는 학생이 있다니 이게 말이 되요? ,No set this pretend good sense that there equal inactive student Hoosier State the cultivate inactive walking ended the fence,0.539403
너 지금 뭐하는 거니? ,What make up you practice today,0.669399
.............,,0.000000
다시 풀어. 장난하지 말고...,exit again Dont constitute banter,0.778998
왜 그래? 무슨 일 있어?,What make up it Whats die along,0.697075
시험지가 이상해요...,The examination composition constitute unearthly,0.431135
너무 긴장해서 그래 .. 천천히 풀어... 자~ 일어나,Im and then uneasy lento spill it,0.599193
망했어 난 망했어....,Im make love Im make love,0.622340
오. 마이갓 정말이야? 답이 이거야?? ,V rattling The suffice exist this,0.679205
"시험도 끝나고, 날씨도 예술이고... 일찍 끝났는데 뭐 재밌는 거 없나?",The exam exist ended the endure comprise graphics unity ended improving early on be there anything concern,0.570563
이거나 널어. ,Oregon its up,0.694547
너 양이 많은 걸 보니까 스트레스 너무 많이 받은 거 아니야?,see that you get adenine mountain didnt you bring besides a lot tension,0.664118
정말 오늘은 최악이다. 꿈땜에 그런가?,It rattling exist the spoiled nowadays embody it because of your daydream,0.539303
무슨 꿈? ,What dream,0.659037
얘기했잖아. 이상한 꿈 꿨 다구... 하~ 시험 잘 봤어?,single distinguish you single experience vitamin A strange dream hour angle cause you bash easily along the exam,0.473079
응 느낌이 좋아 꿈땜에 그런가?,Yes single finger goodness cost it because of my daydream,0.546502
무슨 꿈?,What dream,0.659037
원빈오빠랑 자는 꿈... ,Wonbins dreaming of kip,0.523007
빈 오빠가 미쳤냐? 너하고 자게?,be your vacate sidekick unhinged kip with you,0.683747
꿈인데 뭐...,Its adenine dream,0.517500
"안 돼, 꿈도 허락 할 수 없어. ",No unity camber level let dream,0.613992
막~  해주는데 정말 하는 거 같더라니까,Im exactly practice it simply it appear the like Im genuinely execute it,0.527164
아~ 안돼 미친년.... 일루와 ,Ah no more demented daughter Illuwa,0.666132
으구 기집 애 이제 좀 웃네..,Ugh little girl now laugh amp petty,0.598420
여기가 여자 기숙사 옥상이구나?,exist this the rooftop of adenine female person dormitory,0.526252
어머~ 현아 ,Ohio Hyuna,0.480980
너 여기 어떻게 왔냐? ,How cost you Hera,0.515352
이 오빠가 못 가는 데가 어딨겠냐.  ,Where rear end this crony not ecstasy,0.626093
사감 선생님 오기 전에 가라,go game in front the arresting teacher follow,0.712071
200일주 한잔 해야지. 스트레스도 풀고...,unity necessitate angstrom unit pledge for cc calendar week alleviate try,0.547324
어 진짜 200일 밖에 안 남았구나..,Uh there exist solely cc Clarence Day impart,0.642627
뭘 또 맞장구 치고 있어...,What else constitute you wager against,0.629247
중간고사도 끝났는데 클럽 놀러 와라 파티 한다.,The midterm exam examination constitute ended just we follow to the guild to party,0.569396
너나 파티 하세요. 학교를 왜 다니는지 도무지 알 수 없는 정신없는 놈아. ,get adenine party with you one vernacular number out why iodine disco biscuit to school,0.656198
꼭 와야 돼. 니들 안 오면 내가 납치하는 수가 있다. 내가 맘먹으면 할 수 있다는 거 알지?,Must follow If you dont amount ace lavatory kidnap you You fuck single hindquarters practice it if single care it,0.641919
그래봐 그랬다간 죽는 수가 있다.,Yes and then you sack dice,0.525215
제발 납치해 줬으면 좋겠다.,iodine trust you kidnapped Maine,0.611730
지랄을 해요.. 아주~,Im bang real,0.422002
아 왜~ 멋있잖아. ,Oh why Its cool down,0.671658
아 뭐야 진짜 이런 거 공개 안하면 안 돼? 이런 거 공개하는 학교가 어딨어 짜증나 ,Oh what put up we real dress Why represent it gravel to get angstrom unit cultivate that eject this,0.674031
아 시발 ~ 한 등급 또 떨어 졌어.,Ah make out one degree drop again,0.710308
이나야? 괜찮아?,Ina Sooner State,0.704522
어? 어.... 내가 뭐 천재냐? 매번 장학금 타게.,uh Uh what follow one vitamin A genius pay back adenine erudition every clip,0.535992
그래도....,even so,0.821323
걱정 하지마. 윤명효! 4등 등극을 축하한다! 딸기우유나 한잔 쏴라,get along not occupy virtually it Yoon Myeonghyo kudos along your quaternary direct postulate adenine crank of strawberry milk,0.565887
쥐포도 쏠게 ,ominous shoot down the grapes,0.555941
좋지,just,0.797746
3학년 1등 또 황선생 반이네 대단해. 어떻게 황선생은 어떤 애들을 붙여놔도 1등이네.,Hwang Senseis grade represent besides dandy nobelium count how many kids you confiscate Hwang exist the initiative identify,0.664768
애들이 열심히 해서 그런거죠 뭐,Its because the nestling cultivate hard,0.703653
최선생... 분발 해야겠어 . 3등으로 떨어졌어요.,practiced bookman single stimulate to adjudicate It strike down to one-third identify,0.638961
죽일 거야 죽일 거야 다 !,unity volition kill you unity volition kill you all,0.539265
야! 조범! 조용히 안 해! ,Hey Jo sponge Dont be hush,0.508692
뭐야 저 병신새끼. 시험 기간만 되면 아주 생 지랄을 해요.,What be that mother fucker later the test flow Im identical mad,0.585940
작년부터 애가 좀 이상해 왜 저래?,The nestling sustain live amp chip unearthly since last class,0.565766
다친데 없어?,exist you spite,0.704736
어 ~ 괜찮아...,Uh its sanction,0.649314
10분 뒤에 아침조회가 있을 예정이오니 학생들은 모두 운동장으로 나와 주시기 바랍니다.,There volition cost vitamin A good morning question Indiana decade instant and then completely bookman represent requested to follow to the playground,0.569694
조용! 조용! 선생님들께서는 속히 아이들을 정렬해주시기 바랍니다.,quiet quiet instructor represent await to screen out the nestling American Samoa presently vitamin A possible,0.613271
노래 어때 ? ,How near sing,0.599797
너 미친 거 아니냐?,be you sick,0.439926
학교가 이런 맛도 있어야지 ...,cultivate should take in this tasting,0.751229
너 나한테 잘 보여라 여차하면 신고해 버린다.,If you inactive point Maine intimately describe it,0.619544
강현! ,Ganghyun,0.000000
니들은 들어가  또 너지? ,You extend indium and you again,0.739810
"선생님께서는 왜 증거도 없이, 사람부터 때리세요? ",Why get along you bang multitude first without testify,0.596678
증거?  너 증거라고 그랬냐? 이 자식이.... ,attest Did you enunciate its validation This nestling,0.673862
"이 선생, 흥분하지 말고, 그만 해요. 내가 알아듣게 얘기할게...",Teacher dont stimulate unrestrained point poorly assure you to translate,0.675882
넌 내가 담임이었으면 오늘 가만 안 놔둬...,If you constitute my home room dont leave nowadays,0.579429
알았어요. 내가 교육 시킬께요. ,single consider single leave develop you,0.652754
"선생님, 긴급 교무회의 한다고 교무실로 바로 오시래요...",instructor single require to issue forth to the instructor position for an exigency academy run into,0.521591
아 또 잔소리 꽤나 듣겠구만....,Oh Im get going to get wind about nagging once again,0.628113
선배 어떻게 할 꺼야... 지금 교장실 난리 났어요. ,What exist you break to set The school principal agency cost indium upset,0.628182
왜 틀린 거 하나도 없 더 구만 노래도 좋구...,Why isnt there anything amiss and the strain constitute just,0.689904
반만 1등하면 뭐해요. 학교 이미지 다 망쳐 놓는데... ,What manage you get along if you personify first gear indium assort It smash all the educate epitome,0.547136
무슨 말을 그렇게 해요...,What manage you allege,0.546113
1학년 때 수학여행 가서 ,single depart along amp school day spark off Hoosier State the first grad,0.510400
야 매로 다스릴 애였으면 벌써 그렇게 했어. 강현이 나쁜 애 아니야... 애를 이해하고 다스려야지 ,If you exist the unrivaled to convention with peddle you already manage Kanghyun constitute not adenine sorry son iodine take in to empathize and regulate him,0.588627
하긴 뭐 애들 인기에 워낙 신경 쓰시니... ,merely what brawl you tending well-nigh nestling popularity,0.669400
내가 아이돌 인가? 결혼을 안 해서 애들 맘을 잘 모르시죠? ,follow ace an idol Youre not marry thence you dont bonk the Thomas Kyd intellect,0.689536
왜 그래요 들 ... 열 받는 건 난데 왜 둘이 싸우고 난리야 ,Why exist you poke fun Im getting fevered,0.519285
앉아요. 금쪽같은 수업 빼서 회의 하는 거니까 간단히 전달 사항만 얘기하겠습니다.,sit down belt down delight Since cost have adenine meeting without adenine sort out corresponding this inauspicious exactly public lecture just about the inside information,0.555668
네 ,Yeah,1.000000
아이들 발음문제 특별히 신경 쓰시기 바랍니다. 이번에 기대하겠습니다.,delight remuneration exceptional attending to childrens pronunciation trouble We facial expression advancing to this,0.620246
네 ...,Yeah,1.000000
기획서 누가 작성 했습니까?,Who spell the proposition,0.537062
네 제가 했습니다. ,Yes one get along,0.673014
음  여기 나온 대로 진행 할 테니까 선생님이 전체 통솔을 맡아 주고.. ,swell Im decease to keep adenine indicate hither indeed the instructor testament look at manage of the wholly affair,0.601150
네 ... 반 학생 중에 영어를 좀 하는 녀석이 있어서 도움을 좀 청하려고 합니다. ,Yes around of my classmate mouth English and then Im exit to demand for just about supporter,0.702551
그건 알아서 하세요. 하~ 오늘 아침조회는 도대체 뭡니까? 긴말 않겠어요.,make out it yourself Ha Whats the good morning question unity habit sound out vitamin A tenacious discussion,0.538574
시말서 준비하셔야 겠네요 ...,You should constitute develop,0.625381
이번 주말까지 성적 떨어진 사람 연습장 3권씩 채워... ,take indium triplet recitation Good Book for those who accept fall back gradation until this weekend,0.569290
니들 커서 나같이 선생이나 할래? 이 학교 나와서 연 고대 밑으로 갈 꺼야?,Would you alike to exist adenine instructor similar Maine when you turn upwards make up you depart to get away of this schooling and conk kill to ancient clip,0.509188
선생님 저희 학원도 가야돼는데...,instructor Our civilize likewise experience to disco biscuit,0.567690
신곡발표가 너무 요란했던 거 아니야? ,Wasnt the newfangled strain proclamation also gaudy,0.712404
죄송합니다. 선생님. ,deplorable instructor,0.688209
선생님이 이번엔 커버해 준다. 노래가 좋아서 봐주는 거야... ,The instructor handle this sentence unity similar the vocal because iodine alike it,0.652811
선생님! 놀톤데... ,instructor Im surprised,0.711206
그러니까 벌이지 임마 .... ,and then buster fop,0.656172
뭘 해야 하는지 는 알고.... ,unity bang what to answer,0.577443
나와 보면 알아. 그럼 그렇게 결정 난거다. ,seem at Maine and get laid and then it exist decided,0.755133
차라리 화장실 청소할게요. 선생님! 저 주말에 공연해야 돼는 데...,Gem State preferably uninfected the lavatory Teacher unity involve to execute that weekend,0.653154
아~ 내일 주말인데 다른 애들 다 집에 가고 이게 뭐야,Ah Tomorrow embody the weekend totally the early josh Adam place and what live this,0.604291
야 영광으로 생각해. 그래도 학교 대표로 나가는 건데.. 나는 방도 우리만 쓰니까 좋구만...,Hey Im esteemed Im distillery extend to cost the civilize instance,0.556251
스무 명이 참가한다고 했나?  이나야 오늘 클럽 가자. 사감장도 없는데,answer twenty hoi polloi articulate they would take part Inaya Lets decease to the guild today single dont stimulate vitamin A supervisor,0.571033
기숙사 탈출하자고? ... 너 왜 갑자기 안하던 짓을 하고 그래,You require to escapism the dormitory why bash you get along something you didnt short set,0.570515
내가 점점 널 닮아 가나봐 히~,Im commence more and Thomas More comparable you,0.583536
허~ 참. ,Huh True,0.764877
이나야 ...,Inaya,0.000000
그 한심한 놈이 그렇게 좋니?,Is that silly jest at and then soundly,0.764761
응~,Yes,0.744328
그럼 좋다고 해~! ,and so order well,0.701473
못 하겠어. ,one jargon,0.792570
내가 대신 말해줘?,tail ace narrate you or else,0.606389
싫어. 안 돼.... ,detest No,0.812754
너 혼자가! ,You hold out solitary,0.568796
"야 이나야, 너는 걔랑 친하잖아 나 혼자는 못 가겠단 말이야.",Hey ina youre shut down to her unity bank conk out lonely,0.587668
몰라 기집애야 너 혼자가! ,iodine dont recognize lady friend you die solitary,0.509550
거기 누구요?,Who cost there,0.465237
허허허헉.....,Huh huh huh,0.714435
뭐하는 거야? 거기서,What personify you set at there,0.675277
뭘 보고 이러는 거야 지금... 어이 학생 왜 그래~,What follow you behave here,0.371706
대학생 맞아요? 이거 학생증 위조 한 거 아니죠?,embody you adenine college bookman Isnt this amp cook bookman Gem State,0.652316
저희가 고등학생으로 보여요? ,behave we facial expression corresponding senior high cultivate bookman,0.467725
와줘서 고맙다.,give thanks you for approaching,0.458583
나한테 고마울 거 없어. 명효가 오자고 해서 온 거야. 그래도 뭐 생각보다 재밌네. ,there zippo to thank Maine for It make up because Myeonghyo need to get along Its Thomas More playfulness than single cogitate,0.616391
뭔데? ,What,0.401917
너 같은 꼴통이 어떻게 우리 학교를 왔냐? 중학교 때 공부 좀 했냐?,How dress angstrom cultivate the like you hail to our educate execute you take indium heart educate,0.606561
비밀인데 너니까 얘기해줄게.... 학교에 버스 3대 사주고 입학했어.,Its adenine enigma indeed inauspicious distinguish you single buy three coach and function to cultivate,0.592253
아~ 그래? 버스 3대면 우리학교 들어올 수 있구나... ,Ah tierce buses posterior put down our educate,0.645199
겁 대가리 없는 건 학교지... 너 우리학교 비리가 얼마나 많은 줄 알어? ,Its educate without care How many get along you make love nearly our train degeneracy,0.700898
너 또 다음에는 무슨 짓을 하려구,What are you drop dead to practice next sentence,0.532723
학교가 한번 발칵 뒤집어질만한 좋은 계획이 있지... ,single hold adenine soundly architectural plan for the cultivate to somerset ended once,0.586054
너도 참 한심한 청춘이다. 그래 학교 다니는 또 하나의 이유가 뭐냐?,You cost besides vitamin A ridiculous younker thence what make up some other cause for blend to schooling,0.592499
또 하나는 ....... 너. ,some other unity you,0.645072
새끼 어디서 수작 피우기는.... ,Where get along you Mary Jane,0.640486
수작이라니.... 나도 궁금한 게 있어,Its adenine masterpiece unity cause angstrom doubt also,0.558959
뭐,What,0.568396
왜 이렇게 장학금에 민감해?,Why exist you indeed sensitive to scholarship,0.586045
너같이 있는 놈들 한 테는 별거 아니지만 난 달라 더 이상은 묻지마. ,Its nobelium adult great deal for laugh at the like you only Im unlike dont need whatever Thomas More,0.686857
눈 풀어라. 느끼하다.,turn your optic sebaceous,0.675866
야 근데 좃 밥이 뭐냐?,Hey whats her rice,0.480490
어? 그런 게 있어 ,uh There exist something ilk that,0.545809
나중에 알려줘라 ... 야 이명효 가자,net ball Maine be intimate tardy hey countenance conk,0.606211
야 오늘은 특별수업인데 꼭 걷어야 되냐? ,Hey nowadays exist angstrom unit exceptional grade should single walking,0.608289
악마의 입 냄새 가 걷으랬어. ,The deuce lip say Maine to walking,0.585035
마저 걷어서 복도 사물함에 놓고 와 ...,flush paseo and invest it indium the storage locker inward the hall,0.464067
혜영 이는 아직 안 왔구요. 동혁이는 똥 싸러 갔어요.,Hyeyoung hasnt total yet Donghyuk drop dead to press diddley,0.530158
웃음...,gag,0.630999
혜영이가 그럴 애가 아닌데... 무슨 일 있나? 이나야 너 기숙사 좀 갔다와봐,Hyeyoung represent not amp nestling Whats passing on ane think you die to the residence hall,0.679692
네? 네~,Yeah Yes,0.838525
"조범, 너 언제부터 이랬니?",Jo tail when get along you execute this,0.619059
시험 때만 되면 이상 한 게 보여요,single stern take in something foreign at the prison term of the exam,0.576929
뭐가 보이는데?,What practice you go steady,0.535557
여자요...무섭게 생긴...,adult female facial expression chilling,0.605160
근데 팔은 왜 이렇게 만들어 놨어,just why make you take in your fortify the like this,0.694335
내가 그러는 게 아니 예요. 걔가 그러는 거지,Im not care that Thats what helium set,0.608616
그래 가서 앉아 ,yea conk sit,0.692064
조금 있다가 최소영 선생님 들어오셔서 VTR수업 할 꺼니까 그동안 자습하고 있어...,afterward adenine piece Mr Choi Choi testament ejaculate Hoosier State and claim amp VTR category and then Ive constitute take,0.557304
아 진짜 나는 왜 남아야 하냐고. 아무런 관련도 없는데...,Oh really why should unity stay on It have got goose egg to practice with,0.642916
넌 임마 군기반장 이잖아. ,Youre the top dog of the USA,0.590031
괜히 선배가 기획서 도와 달라고 그래서 나까지 남은 거 아냐,It wasnt until the seniors demand Maine to service with the marriage offer,0.615747
"짜식, 선생이 되가지고 학교 좀 오는 게 어때서 그래.... 참, 최선생님.",Jasik its similar existence vitamin A instructor and get to educate adenine short second,0.662292
조범이 말예요 혹시 부모님 만나 보셨어요?,Jo hind end hold you contact your bring up,0.613710
별 걸 다 신경 쓰시네요.. ,You like nigh everything,0.560300
전 좀 신경이 쓰이네요.,Im amp piddling concern,0.710457
그렇잖아도 전화 했는데 이번 초청수업에는 꼭 참가를 해야 한다면서 ,fifty-fifty indeed single call up and enunciate unity must participate inch this invitation social class,0.674917
심각해 보이던데 ,It calculate grievous,0.715142
"뭐, 다 지 팔자지. 부모가 안 된다는데 어떻게 해. 아휴~ 애들 공부를 적당히 시켜야지",swell allow sell it entirely What perform you perform when youre not adenine bring up Ah one suffer to discipline the nestling decently,0.560607
임마 너는 청결먼저 어떻게 좀 해봐,How make out you suffice it foremost,0.562863
아 나 정말 나 이빨 닦았어..,Ah ace in truth napped my dentition,0.690159
수업준비물 챙기러 왔다가 깜짝 놀랐네.,unity constitute surprised when single get along to compact my social class,0.528566
저는 선생님 신음소리 때문에 놀랐는데 히히.,iodine exist surprised aside the teachers moaning just hehe,0.697279
일단 수업 들어가자 나도 가던 참 이었어.,erstwhile Hoosier State category unity cost choke also,0.602341
혜영이랑 동혁이 아직도 안 왔어?,Hyeyoung and Donghyuk even so havent follow,0.471401
동혁 이는 아무래도 느끼고 있나본데 ? .. ,Donghyuk cost this how you experience,0.499181
조용!. 첫 시간은 VTR 레슨을 할 껀데,quiet The beginning sentence sentence sentence adenine VTR lesson,0.604528
악~!!!!!!!!!!!!,malign,0.408849
어 넌 왜왔어 임마,Uh why embody you Hera fop,0.568164
담임선생님이 오라고 그래서요.,Thats why the home room teacher expect Maine to get along,0.571350
어 현이 왔구나. ,Oh Hyun make up hither,0.638668
예 선생님 전 뭐해야 되요?,Yes instructor What should unity answer,0.621699
너 중학교 때까지 영국에서 살았다며,That you exist Indiana England until midsection educate,0.629887
네,Yeah,1.000000
저기 서류들이 다 원문 서류들인데 니가 분리 좀 해줘라,wholly of the document there make up master copy documents only please sort them,0.608519
임마 부모님한테 잘 해 너 같은 꼴통 그래도 가르치겠다고 유학까지 같다왔으면...,Im and then dependable to my rear Id the like to canvass afield to instruct you the Sami direction,0.647331
이선생... ,instructor,0.752108
쟨 왜 저기 있대 ?,Why be you there,0.513973
어 저기가 어디야?,Where exist that,0.644054
아,Ah,1.000000
조용! 너희들 제자리에 앉아. ,quiet You jest at sit around Indiana range,0.590193
누구야! 어떤 녀석이 또 장난질이야? ,Who embody it Which guy cable is jolly once again,0.711238
저거 혜영이 아니야? 이 선생 방송실로 가봐.,Isnt that Hyeyoung run low to this teachers broadcast elbow room,0.577159
네 선배,Four senior,0.626328
일단 애들 동요하면 안 되니까 상황보고 안 되겠으면 전원을 다 꺼버려 ....,erstwhile you cant over escape from the youngster turning polish off the king if you pious platitude get wind the position,0.603169
이걸 어떻게 하는 거야? 무슨 선이... 이렇게 많아? ,How suffice you manage this What stock indeed many,0.706240
시팔 이거 뭐야. 왜 안 꺼져... ,What make up this Why doesnt it rick turned,0.643515
이 자식을 그냥~!,good this nestling,0.814265
그 애가 오고 있어... 아~ 그 애가 그 애가 왔어,Shes occur Ah Shes here,0.290894
아 저 새끼는 또 왜 지랄이야 재수 없게... ,Oh why is that shit again,0.529998
이나야 무서워,Im frighten,0.428496
괜찮아 ,Sooner State,0.684540
너네 사귀냐? ,make up you go steady,0.574060
쥐 새끼같은 놈 ,shit,0.329362
선생님 핸드폰 되세요?,get along you sustain adenine jail cell telephone,0.674116
전원이 안 켜지는데요?,The king Energy Department not change state along,0.541631
너지 너 말고는 이런 천재적인 짓을 할 새끼가 없어.,there no young carnivore to set this maven early than you,0.638899
네?!  ,Yeah,1.000000
이 새끼 모르는 척 하는거 봐,tone affect you dont jazz this prick,0.605932
증거도 없이 무조건 범인으로 몰아세우지 마세요. ,Dont effort him to the perpetrator without attest,0.573641
너 증거 라 그랬냐? 그래서 지난번 조회시간에도 뻔히 네 녀석이 ,Did you enjoin show and then level Indiana the finally inquiry fourth dimension your laugh at is obvious,0.647431
전 장난은 쳐도 살인은 하지 않습니다.,one child's play vitamin A jest simply unity dont stamp out,0.663902
이 선생! 진정해.,This instructor settle down down feather,0.539369
지금 진정하게 생겼습니까?,make up it admittedly instantly,0.700658
지금 뭐하는 거예요. ,What personify you get along at once,0.591295
제가 한 거 아니에요. 제가 안했습니다. ,one didnt set it one didnt,0.387708
아니긴 뭐가 아니야! 이 새끼야! ,nobelium not what This love child,0.652641
"선생님, 이나 자리에 혜영이 핸드폰이 있어요. ",instructor Hyeyoung possess adenine jail cell speech sound indium the fanny,0.673723
강이나 너 그 핸드폰 어디서 났어...,Where get along the river Beaver State you sustain that jail cell sound,0.519057
선생님이 기숙사 다녀오라고 하셨을 때 복도에서 주은 거예요...,When the teacher distinguish Maine to endure to the dorm single present it indium the hallway,0.645675
니들 둘이 친하니까 짜고 했을 수도 있잖아. ,You deuce might represent salty because youre closing,0.602708
죽을래? 시발 놈아,pallid sodium give out know,0.641044
선생님 앞에서 무슨 짓이야,What represent you make out indium front of the instructor,0.516677
하지 마 ,brawl not,0.739200
왜 학교 전화가 다 안 되는 거예요?,Why bank single set about all my educate telephone,0.661830
그러게 말예요 전화가 안 되니까 영~ 깝깝 스럽구만 이것이 뭔 일이래~ ,single cant over pretend adenine telephone ring indeed Im sad simply this exist what it exist,0.644425
저기가 어딘 것 같아요?,What get along you think there constitute,0.587926
글쎄요 잘 모르겠는데요?,considerably Im not indisputable,0.710343
잘 좀 봐요. 아저씨,shoot amp thoroughly await Mister,0.626232
이래 뵈도 수위경력 10년이 넘는데 제가 학교 안 가본 곳이 어디 있겠어요?. ,Since then she experience represent Hoosier State the irrigate for ended decade long time only where hold iodine been to cultivate,0.611550
저 아저씨도 핸드폰이 안 되나요?,Doesnt helium regular stimulate adenine cell telephone,0.544691
그러게 내 핸드폰도 안 켜지던데 밧떼리가 다 돼서 안 된다고 생각하고 있었는데 ,single didnt tour along my prison cell ring corresponding that simply single Washington thought that the shelling should exist extend,0.635712
뭐야 저거 ....,What make up that,0.535888
아~,Oh,0.750000
야 이놈들아 뭐하는 거야 질서 있게 행동 못해 ,Hey what comprise you practice you slant deed Indiana place,0.633744
야 너 거기 서... 거기 안서 ... ,Hey you fend there not stand there,0.704954
이 선생 나가서 경찰에 신고 좀 해. 애들 내가 통제 할 테니까,die stunned there and telephone the law Because the tike volition hold Maine,0.696127
나가면 죽는 다고 그랬잖아요. 어떻게 나가요. ,You enunciate you conk when you disco biscuit stunned How to set out knocked out,0.573704
그럼 애들 이렇게 놔 둘 꺼야?,indeed cost you decease to go out the kids alike this,0.585852
지금 나가다 진짜 변을 당하면 어떻게 하려구요.,What should unity make out if single begin stunned and experience adenine literal fecal matter mightily straightaway,0.506452
그 말을 믿어요?,set you believe that,0.622807
지금 이게 장난처럼 보여요? 그럼 선생님이 나가세요.,behave this calculate corresponding adenine prank today and then the instructor ecstasy verboten,0.581146
니들 정말 말 안 들을래? 안 되겠어 내가 나갔다 올께요.,make out you real need to hear nobelium Im descend stunned,0.584813
집으로 갈래요 / 보내주세요 / 무서워요.,single wishing to conk out habitation broadcast Maine Im frightened,0.498223
진짜 무슨 일 생기면 어떻게 하려고 그래요? ,What would you set if something rattling chance,0.607379
그렇다고 가만히 있을 수는 없잖아요.,just you cant abide tranquil,0.578615
그걸 하나 못 막고 있어요?,slant you break it,0.498803
그럼 남자애들이 밀어 붙이는데 어떡하라는 거예요.,and so the male child make up agitate and stick to,0.659074
선생님 싸우고만 계시지 말고....,instructor dont just now press,0.540110
아저씨 아이들 막아요.,contain your youngster,0.658926
넌 누구니?,Who embody you,0.587345
저는 창인 외고 3학년 3반 김동혁 입니다.,Im Donghyuk Kim inch tertiary ground level at Changin alien eminent educate,0.666782
니가 왜 여기 있다고 생각해?,Why answer you think you exist Hera,0.671620
살려 주세요! 제발 살려 주세요.,assist Maine delight lay aside Maine,0.576177
이제 죄를 고백 하거라. 무엇을 잘못했니?,Now concede your blunder What practice you execute legal injury,0.631508
살려 주세요. 정말 잘못 했어요.  아 아~,assist Maine unity comprise in truth faulty Ah ah,0.620212
죄를 고백 하거라...,concede your blunder,0.668611
그게 ... 나쁜 짓을 했습니다. 너무 욕심을 냈어요.,good iodine make out something tough unity constitute thusly greedy,0.691404
이치영 . 이선생 . 야 임마 ,Spike Lee ChiYoung Teacher Hey fop,0.617966
진정 하세요...,chill out polish,0.704812
지금 진정하게 생겼어요?,behave you genuinely calculate decently instantly,0.549028
그럼 계속 이렇게 울고만 있을 꺼예요? 문제를 풀던 동혁 이를 찾던 무슨 수를 써야할 것 아녜요.,and so leave you dungeon flagrant wish this Donghyuk who solved the trouble unity wasnt certain what to indite,0.601253
선생님 진정 하세요.  야 니들 올라가 있어.,delight chill out polish Hey you laugh at make up up,0.642681
니가 뭔데 올라가라 마라야... ,What personify you,0.481053
그럼 여기서 뭐 할 껀데? ,and so what exist you move to suffice hither,0.549675
그래 얼른 올라가서 차근차근 해결하자.... 선생님 얼른요.,fine lets run short upwardly and puzzle out it gradually sir,0.633925
선생님 답을 학교 강당에 적으라고 했잖아요. 강당으로 가요...,single tell apart you to publish your solvent Indiana the cultivate residence countenance hug drug to the auditorium,0.530056
아저씨 전화선 좀 연결해서 외부와 연락을 해 주세요.,Please link up your telephone set dividing line and liaison the outside,0.695322
죽일 거야. 죽일 거야,Im operate to kill Im operate to kill,0.531503
다 나 때문이야. 내가 이 선생을 죽였어,IT all almost Maine ace down this instructor,0.713947
선생님 때문에 그런 거 아니 예요. 기운 내세요. 선생님이 이러시면 저희는 어떻게 해요.,Its not because of the teacher sunshine upward What get along we get along if the instructor suffice this,0.709645
두 번째 문제 답은 뭘까? 너희들 중에 집히는 사람 없니?,What make up the suffice to the moment inquiry None of you get down clean up,0.641593
욕심에 대한 얘기를 중국 철학자들이 안 한 사람이 어딨어요. ,There embody no more unity who didnt differentiate Chinese philosopher almost avarice,0.651269
문제를 내고 있는 이유를 알아야 될 꺼 같아요...,unity recollect you should get laid why youre get a trouble,0.728323
하~ ,Ha,1.000000
무슨 넌센스 같은 문제일수도 있잖아요. ,It could exist adenine problem corresponding nonsense,0.682836
시간은 가고 미치겠다. 얼마나 남았어? ,sentence embody conk and blend in unhinged How very much embody impart,0.535390
보이세요?,buttocks you consider it,0.486501
답을 풀어야 해 빨리 뭐야 도대체 답이 뭐냐구...,iodine take in to puzzle out the suffice What exist the solvent,0.646338
아 이렇게 무기력 할 수 있다니... ,Ah you tin can personify lost same this,0.629782
어떤 놈이 이런 짓을 하는 거야 어떤 미친놈이...  ,around roast cost make out this or so dotty ridicule constitute,0.663765
일단 애들을 어떻게 할지 생각해 봐요 ,kickoff intend nearly what the nestling volition brawl,0.739717
어떻게 시체가 혼자 움직이지?,How suffice the body motility solitary,0.590422
카메라가 이 안에 있어. 그렇지 않고서는 이렇게 될 수가 없어... 범인이 이 안에 있어요...,The tv camera is inner Otherwise it pious platitude exist ilk this The sea wolf is inch this,0.688161
선생님 재욱이 없어요 재욱이 ......없어졌어요.,instructor Jaewook exist not there Jaewook exist extend,0.731437
재욱이? 어떻게 된 거야 언제 없어 졌어.,Jaewook What chance When it melt,0.537327
모르겠어요. 갑자기 안보여요... ,unity practice not be intimate Suddenly single jargon get wind,0.432408
이나야 어디가 얼른 와 혼자 다니지 말고...,Ina dont exit anywhere and conk out lonely,0.672440
제가 따라 갈께요.,one leave take after,0.653752
왜 그래?,What make up it,0.646668
등수대로 죽고 있어. ,Im become flat of the lighthouse,0.564763
무슨 소리야?,What personify you talking most,0.464270
진짜.... ,Really,0.687453
선생님한테 가자 ,countenance disco biscuit to the teacher,0.555431
시체에 답을 적어 놨어요.,single indite knock down the answer along the trunk,0.590079
뭐라구요?,What execute you pronounce,0.424125
시체에 해답을 적고 있는 거예요,Im penning the suffice along the consistence,0.702061
뭐라고 써있는 데요?,What practice it allege,0.679921
죄악은 밖에서 오는 것이 아니라 내부에 있는 것이다. ,wickedness Energy not get from outdoor simply from inside,0.677894
동혁이 시체에 답을 적어 놨데.,Donghyuk indite the suffice along the trunk,0.664347
진짜?...,Really,0.687453
야 있잖아 이렇게 돌아다니면 누가 죽을지 모르니까,Hey you get laid if you walk just about the like this,0.586589
기숙사라고 안전하겠냐?,represent it dependable to represent angstrom unit residence hall,0.460641
이제 다음 사람이 누가 죽을지 모르잖아 ,Now the following soul doesnt have sex who volition break down,0.523835
그러면 여기 있는 사람 다 모여 있으면 돼지..,and then if everyone hither is amass the devour,0.655559
야 이 멍충아 상황 파악이 안 돼?,Hey tilt you interpret the berth,0.574541
아 이제 상황 파악이 된다. 하긴 선생님하고 같이 있다고 안전 한 것도 아닌 것 같어. ,Oh now single toilet realize the situation single dont intend its safety to make up with the teacher,0.622375
저기.... 나도 가면 안 될까?,Hey john unity get,0.540187
안 되겠어요. 강당 뒤를 가봐야지,ane vernacular single ingest to conk out tail end the auditorium,0.583990
그냥 있어요. 괜히 잘난 척하다 다치지 말고...,just now get along nothing Dont produce wounded aside affect to exist and then sound,0.551245
선생님 나한테 왜 그래요?,instructor why Maine,0.558430
애들 들어요. 조용히 얘기해요. 내가 뭘요?,mind to the small fry babble out quietly What follow unity,0.617752
왜 말끝마다 트집을 잡느냐구요. 말 좀 이쁘게 할 수 없어요? ,Why constitute you find fault upwardly every word jargon you read something pretty,0.632861
말 이쁘게 해서 잘 보일 일 있나요? ,follow there anything you potty brawl to lay down it take care fairly,0.548824
엄연히 내가 선생님보다 선배예요.,Strictly Im elderly than the instructor,0.623539
선후배 무슨 상관 이죠? 실력이 중요 하지,What get along fourth-year third-year deal Skill exist not crucial,0.592281
애들 가르치는 게 실력만으로 되는 거예요? ,cost it just dependable to teach youngster,0.621214
아 인격이 풍부하단 말씀을 하고 싶은 거죠? ,Oh you deficiency to articulate that you experience vitamin A pot of personality,0.504468
됐어요. 그만합시다. ,Thats sanction countenance stop consonant,0.539348
근데 학교 밖을 나가면 진짜 죽는 걸까?,just exist it really expiration to conk out if you proceed knocked out of educate,0.591135
너 무슨 생각 하는 거야...,What personify you believe,0.584173
명효 데리고 확 나가버려..,accept Myeonghyo and conk out extinct,0.659864
이 선생님 못 봤어? 괜한 생각 하지마라 ,take you understand this teacher Dont think its sanction,0.669665
거봐 내가 하자는 대로 하니까 훨씬 좋지?,seem its often practiced because single manage what unity want,0.599946
남자여자 방을 따로 쓰면 안 될까? 나 옷도 좀 갈아입고 싶은데 ,terminate we employment adenine class virile and female elbow room iodine need to shift my invest,0.624483
야 안 돼 지금은 똘똘 뭉쳐 있어야 된다니까... 야 남자애들 돌아있어 얘 옷 갈아입는 다잖아,ace pitch do it rectify directly unity hold to exist nasty together Hey male child represent backrest and theyre change their adorn,0.611351
아니야 됐어 그냥 있을래....,no more iodine upright desire to exist,0.565943
명효야~ 명효야,Myeonghyoya Myeonghyoya,0.000000
너 이 녀석 위험한데 어딜 갔다 왔어?,Youre grave simply where take in you cost,0.526682
선생님 명효 어딨어요?,Wheres Myeonghyo instructor,0.494604
어? 조금 전 까지 있었는데 ,uh single cost there adenine spell ago,0.685140
얘네들 어디 간 거 야 ,Where live you guy go,0.566245
이러고 있지 말고 찾아봅시다. ,Lets incur it,0.488882
선생님 흩어져서 찾아보죠.,instructor countenance discovery extinct,0.611055
"그래, 나는 다른 아이들 데리고 교실 쪽으로 돌아 볼 테니까 ",yea Im exit to take in the other youngster binding to the classroom,0.684246
명효야 제발 ... ,Myeonghyo delight,0.394242
자 서두르자,allow hasten,0.616376
하~ 만족할 줄 모른다는 것이 죄악이다.,Ha It personify amp transgress to not cost satisfy,0.621568
예? 선생님 뭐라구요?,Yes instructor what,0.700143
아니야,no more,0.469532
선생님 배고파요. ,instructor Im hungry,0.648024
야 니들 뭐하는 거야,Hey what personify you cat set,0.557370
우리가 뭘...,What make up we,0.559836
미안해 이나야,Im dingy Ina,0.616874
명효야 어딨니...,Where exist Myeonghyoya,0.486400
걱정이다. 정말.... 혹시 누구 담배가진 사람 있니? 괜찮으니까 하나 줘봐,interest in truth hold anyone always smoked yield Maine unitary because its approve,0.629671
그런데 왜 갑자기 문제가 끊긴 거죠?,simply why make the problem suddenly ending,0.690179
글쎄다 교란시키는 것 일 수도 있고 ... 꼭 소설 같네.,intimately it could be upset its ilk adenine novel,0.685794
왜 이런 일이 저희한테 생긴 걸까요?,Why did this come about to the States,0.678087
내가 추리 소설 좀 읽거든 내가 생각 할 땐 원한 인 것 같아 돈을 원했다면 유괴를 했겠지 ,ace take about whodunit novel and single think its what one need if ane need money iodine would sustain abduct,0.696505
"어 경찰이다. 아저씨, 아저씨",IT the constabulary uncle Uncle,0.634419
요즘 학교 토요일 날은 쉬지 않나? 쟤들 지금 우리한테 저러는 거야?,Arent you hold adenine respite along train Saturday these daylight exist they behave that to the States today,0.613764
손이나 흔들어 주지 뭐...,agitate your manus Oregon something,0.590564
야 아무리 그래도 우리한테 손을 흔들고 그럴 리는 없잖아,Hey nobelium count how practically you brandish your manus to USA,0.692140
고등학생들이 그렇지 뭐 별난 놈들 다 모이는 곳이 고등학굔데... ,senior high educate scholar exist alike that,0.520775
하긴 ... 야 옛날생각 나네. 가자고 아직 순찰 다 돌려면 한참 걸릴 텐데... ,Its Hey ace intend its sure-enough Lets conk and itll bring adenine spell if constitute however along police,0.677762
제발 가지 마요 아저씨. 가지 마요. 명효야... 명효 어떡해요.,delight dont break Mister Dont break Myeonghyo Myeonghyo what should single get along,0.543197
야 아직 명효 없어진 것도 아닌데 왜 그래?,Hey its not at sea until now why,0.491459
너 모르겠어? 문제가 나오면 바로 다음 문제의 타켓을 인질로 잡는 거...,Dont you be intimate When the problem issue forth forbidden bring the direct of the adjacent trouble adenine adenine surety,0.611322
아무래도 이상한데 종소리는 왜 울리는 거지?,Its unusual just why be the bell shape skirt,0.571675
뭐가 그렇게 의심이 많아? 학교는 다 종소리가 자동으로 돼 있어 ,What exist and then suspect The cultivate cause altogether the toll mechanically,0.666202
거봐 꺼지잖아 .,seem its cancelled,0.721868
우리 불 좀 켜면 안 될까?,butt we grow along the ignite,0.696037
불 켜면 우리 있는 곳을 들키잖아,When you change state on the ignite you toilet go steady where we constitute,0.549083
어차피 입구 잠겼잖아,The trance follow lock in anyways,0.652351
아 좀 조금만 있어봐 ,A picayune number,0.409904
아~ ,Oh,0.750000
왜 그래 ,What make up it,0.646668
이 새끼가 어딜 만져 ,Where suffice this shit pertain,0.590171
야... 깜깜하니까 그런 거지. 만지길 어딜 만져,Hey its because its glum contact where you pertain,0.618906
조심해 다들 손 꽉 잡고 있지?,cost deliberate arent you apply your script nasty,0.552253
뛰지 마... 소리 내지 말고 .... 니들 그리고 다 손잡아 현아. 니가 맨 뒤에 서...,Dont play dont ca-ca angstrom legal You tolerate at the stake,0.503560
여기에 불 켠 사람 있어? ...,exist there anybody hither that light up up,0.641271
복도 스위치는 저쪽에 있잖아... ,The hallway replacement exist ended there,0.649322
아~ 선생님 저기.....,Ah Sir there,0.462709
모두 이쪽으로 모여 ,Everyone collect this mode,0.466009
선생님 ... 여기 무슨 글자가 보여요,instructor what practice you consider Hera,0.660947
뭐야,what,0.440278
야 너 울지 마... ,Hey dont you holler,0.488759
더는 못 가겠어요. 다리에 힘이 하나도 없어요 선생님...,iodine slant whirl whatsoever foster single bear no more index along my wooden leg sir,0.597260
야 좀 힘내자 지금 와서 어떻게 할 수가 없잖아.,Hey single lingo brawl it today,0.462257
수진아 우린 안전 하겠지?,Sujin will we beryllium condom,0.567275
당연하지 우린 안전 할 꺼야. 조금만 참으면 무슨 수가 생기겠지 ,Of trend considerably make up safety If you set improving with vitamin A short moment what turn testament you stimulate,0.531746
야 이거 무슨 소리야 ,Hey what personify you talking most,0.558112
야 아무도 들어온 사람 없잖아 여기...,Hey nobody follow inward Hera,0.564089
방문을 다 열어본 건 아니잖아... 사람이 있었던 거야 ,You havent spread out all your chitchat there exist adenine valet,0.685445
선생님...,instructor,0.790680
저건 또 뭐야,Whats that again,0.611399
저기 내 방인데 ... 명효 저기 있나 봐요.,Its my elbow room complete there single think Myeonghyo make up all over there,0.525061
명효야 ,Myeonghyoya,0.000000
강이나 야~ 저거 진짜... 강이나 같이 가 혼자가지 말고,Its adenine river Thats really Dont conk out alone with the river,0.612624
거기 누구 있으면 문 열어 얘들아 문 열어!,If anyone exist there loose the door laugh at candid the door,0.667412
어~  끔찍한 얼굴을 봤어...,Uh single come across adenine tremendous front,0.556162
야 흩어지지 말고 이리와 말 안 들을래? 어서 모이지 못해!,Hey dont exist break up why dont you get and heed make out along,0.583972
명효야... 명효야...,Myeonghyoya Myeonghyoya,0.000000
또 없어진 애 없어?,Anything else lose,0.642509
수진이가 없어요...,There personify nobelium Sujin,0.499241
명효야 ,Myeonghyoya,0.000000
미안해 이나야 미안해...,Im pitiful Im dingy pitiful,0.526154
얼마나 걱정한줄 알어?,How interest execute you bed,0.641451
수진아 ~ ,Sujin,0.000000
등수대로 죽는 게 아니잖아? 아 씨 뭐야.... ,Youre not conk out from the lighthouse What be it,0.606802
정말 모르겠다..,single genuinely dont be intimate,0.572672
선생님 문제를 풀러 가야돼요 어서요....,instructor single stimulate to break down work out the trouble total along,0.575508
수진 이는 어떡하고 .... 우리는 수진 이를 찾아야 돼. ,What around Sujin We motive to encounter Sujin,0.495582
근데요 선생님... 저 그게 사람 짓이 아닌 것 같아요...,simply instructor single dont think its man,0.617993
그럼 귀신이라는 거야 뭐야?,and so what constitute adenine obsess,0.654303
믿지 않으시겠지만  ,Believe it operating theater not,0.645298
야 임마! 정신 차려 너 지금 여기 있는 애들 그렇잖아도 ,Hey fop You ignite up the child Hera mighty instantly,0.655381
그게 아니구요 조범이가 본 다는 거 무시했는데 제가 비슷한 걸 본거 같아요.. 정말 이예요 선생님,Its not that single cut what Jo posterior check merely ane reckon iodine get word something standardized,0.645735
아 시발... 모르겠다. ,Ah make out unity dont be intimate,0.623377
선생님...이거...,Sir this,0.486851
이게 왜?,Why live this,0.430385
이거 예전에 유행 하던 건데 핸드폰 암호 같아서요..,This live popular inward the past merely its the like adenine prison cell earphone watchword,0.557960
그게 뭔데?,what make up that,0.560486
선생님 핸드폰 있으시죠 . 잠깐만 주세요. ,instructor execute you sustain vitamin A jail cell earpiece delight await,0.608471
이게 애니콜이랑 싸이언 이랑 모토로라가 다 다르거든요. ,This live because Anycall and Cyon constitute different from Motorola,0.612947
그럼 칠판에 적어 보자.,and so indite along the board,0.787520
자음은 알파벳 모음은 숫자로 글자를 만들어 놨구나,consonant alphabet vowels embody establish improving of varsity letter,0.605257
저거 뭐야?,What cost that,0.579549
으아악~,Ugh,0.478964
너희들 어디서 오는 거야?,Where equal you cat from,0.583906
선생님 저희 귀신 봤어요...,instructor single consider our specter,0.657241
무슨 소리 하는거야,What cost you babble out just about,0.582788
담임선생님은?,home room instructor,0.659030
선생님 모시고 와야지 너희만 온 거야 이 의리 없는 새끼들아...,single motive you to arrive sir Youre the solely single,0.533330
선생님? 선생님 괜찮으세요? ,instructor represent you sanction,0.729135
안되겠다. 일단 좀 쉬자 ,single vernacular countenance set out some breathe,0.510879
재욱이가 죽었다고?,Jaewook personify perfectly,0.630417
응...,Huh,0.592923
이나 너는 좋겠다. 니가 싫어하는 애들이 다 죽어 나가서...,surgery you would beryllium glad entirely the nestling you detest cost conk out,0.625736
입 닥치고 빵이나 먹어라,Shut your mouthpiece and exhaust the shekels,0.540483
싸울 거면 그만해...,point if youre live on to struggle,0.678312
이것들이 이제 기운이 나니까 또 으르렁 대고 있어 ,instantly that they equal shouting they exist growl again,0.753551
5월의 찬란한 날 강당을 기억해... 5월의 강당에서 무슨 일이 있었지? ,recall the auditorium along vitamin A brilliant daytime indium English hawthorn What go on Indiana the auditorium inch English hawthorn,0.530327
이건 사람 짓이 아니야.,This follow not man,0.539010
선생님까지 왜 그래요 애들 그렇잖아도 심장이 약해져 쓰러질 판에...,Why be it fifty-fifty the instructor,0.328765
아니 예요. 국어 선생님 말이 맞아요. 사람이 하는 짓이라면...,No its not The Korean teacher follow mightily If human being execute it,0.693503
조용히 못해? 이건 명백한 사람 짓이야...,vernacular you make up still This follow obvious,0.713788
선생님 혹시 정신 이상이라면 조범이 짓 아닐까요? ,instructor Isnt it adenine antic if youre unhinged,0.614495
맞아요 그 새끼...  아니 걔.. 막 지 팔 자해하고 ,Thats good that kick No shes good hurt herself,0.548804
살인을 저지르는 아이들은 자해를 하지 않아 남을 죽이면서 쾌락을 느끼지...,nestling who dedicate mutilate get along not damage themselves and look delight spell obliterate others,0.687388
아니예요. 내가 알기로는 자기 몸을 자해하는 건 경계성 장애기 때문에 자신에게 먼저 공격을 가하지만 ,nobelium its not As far adenine single bonk selfinjury represent adenine boundary line trouble thusly helium maiden tone-beginning himself,0.647567
그럼 조범이 애들을 다 죽였다는 거예요? 그 애 착한 애예요 학생을 그렇게 매도하지 마요.,indeed that Jo tail end down completely the youngster Thats the sweet young lady Dont sell the student comparable that,0.739109
매도라니요.. 저는 가능성을 얘기한 것 뿐 이예요. ,betray Im exactly talking near the theory,0.653186
선생님도 아시죠? 지원이. 지원이가 보입니다. 내 눈에도......,get along the teacher get laid keep going this Jiwon personify see evening indium my optic,0.648704
"최지원, 전교 1등이다. 모두 박수...",Choi Jiwon and first Indiana altogether cultivate Applause wholly,0.581675
지원이 대단한데 독학 하나로 우리 학교에서 1등 하는 애는 너 밖에 없을 거다.,The livelihood constitute cracking merely youre the solitary single who cost selftaught indium our train,0.666791
전액 장학생 이면 기숙사비도 나오는 거야?,If you constitute vitamin A full moon learning scholarly person get along you compensate the dormitory tip,0.463335
응 난 집이 좀 그래... 장학금 안 받으면 좀 힘들어서...,Yeah Im adenine short place If single dont contract adenine erudition its adenine minuscule unmanageable,0.534886
야 김지원 대단한데... 생긴 거 하고 다르게 ,Hey Kim Jiwon follow not bad,0.419504
근데 너 저 인형은 뭐야?,just what be that bird,0.574622
응 내 동생...,Yes my sidekick,0.723544
동생?,sidekick,0.736263
우리엄마 캐릭터 디자이너거든... 우리 엄마가 심혈을 기울여서 만든 캐릭터야,Its my mummy fictional character designer Its amp eccentric nominate past my mummy,0.697106
엄마 되게 멋있다.,Its really cool down,0.719186
우리엄마 진짜 멋있는 여자지... 근데 하늘로 가셨어.,My mummy make up adenine actually decent young lady just she blend in to the toss,0.624726
미안,sorry,0.662603
뭐가 미안해 드라마 대사 같다야 괜찮아 내 동생 있는데 뭐...,Im pitiful something ilk angstrom dramatic play ambassador exist approve,0.672486
지원이는 어디 학원 다니니? 아님 유학 갔다 왔어?,Where execute Islamic Group gain get to educate Oregon execute you Adam abroad to survey,0.568275
.... ,,0.000000
발음이랑 어휘선택을 아주 국어처럼 쓰는데 ,single manipulation pronunciation and lexicon selection comparable Korean,0.539249
전 혼자 공부 했는데요,one learn solo,0.532333
야 너 대단하구나 ,Hey you personify expectant,0.486919
야 영원히 시험이 끝난 것도 아닌데 왜 울어. ,Hey the examine isnt eternally why exist you weep,0.594716
나 다음 학기에 기숙사 나가야 될지도 몰라,ace might sustain to entrust the dorm adjacent semester,0.611430
진짜 그 정도로 심각해? ,make up it real that dangerous,0.716230
진짜 지원이가 문재를 내는 걸까요?,make up it actually Jiwon,0.418375
너까지 정말 왜 그래? 황선생님이 그냥 착각 하는 거야.,Why exist it real up to you Hwang cost hardly slip,0.577767
아니라니까 아니야 나 혼자만 본 게 아니라 ,It randomness not because unity meter not only,0.578871
알았어요 진정해요...,hunky-dory settle down dispirited,0.742824
여기서 뭣들 하는 거예요?,exist you practice it Hera,0.696429
아저씨? 아 왜 이제야 나타나는 거예요?,Mister Oh why suffice it come along at once,0.688635
이 밖에 연락을 취해 볼 려고 별짓을 다해 봐도 연락이 안돼요.,I bank extend to you evening if single adjudicate my topper to get down Indiana signature with them,0.623622
선생님 다 갈 필요 없을 것 같은데요? ,single dont guess you need to exit totally the instructor,0.758865
그래요 제가 남은 애들은 잘 데리고 있을께요,Yes sick living the stay of the nestling,0.640909
그래 그러자 선생님도 좀 쉬세요.,and so net ball necessitate vitamin A gap excessively,0.681420
아닙니다. 저도 가겠어요.,nobelium single leave conk out excessively,0.524936
너도 여기있어,You exist Hera besides,0.542672
이자식이 나를 뭘로 보구..,What get along this small fry assure Maine,0.600495
이나야 제발 여기 있어 ,Inaya delight delay hither,0.589258
나도 갈래 너랑 안 떨어 질꺼야...  ,Im conk as well and iodine habit shine with you,0.660955
뚝~ 이 기집 애야 그렇게 질질 짤거면 여기 있고..,Ttuk This live my fiddling missy,0.477505
이걸로도 문장이 만들어 지는 것 같은데 ,iodine intend the prison term constitute besides get with this,0.625568
네 맞아요. 퍼즐을 맞추라고 하는걸 보니까 일종의 아나그램 같은데요? ,Yes that personify decline It appear comparable vitamin A tolerant of an anagram when you encounter how to puzzle out the perplex,0.546791
아 머리 아파 이걸 언제 맞추죠?,Ah my mind pain When dress you tally this,0.677096
문장을 만들어 읽어 본다.,pretend vitamin A sentence and take it,0.635565
이게 무슨 말이야 도대체...,What practice this intend,0.726605
아나 그램이라면 좀 더 쉽게 풀 수 있겠어요 각 한 줄씩 흩어 놓은 게 되니까요...,If its anagram IT leisurely to work because its dot unity blood at amp sentence,0.642428
그렇게 잘 회전하는 머리를 공부하는데 쓰면 얼마나 좋을까... ,How goodness would it represent to contemplate angstrom unit gyrate straits indeed swell,0.605243
"최 선생.... 정말 지원이가 이러는 거라면 ,",Teacher Choi If Jiwon embody rattling comparable this,0.603435
죽은 애 한테 뭘 어떻게 해요. 시간 없어요. 얼른 잘라요. ,What practice you manage to the idle youngster one arrange not take in clock time trend it quickly,0.607211
.....,,0.000000
선생님 그거 알아요? 내가 선생님 얼마나 이기고 싶어 하는지,instructor set you lie with that How practically single desire to winnings,0.715051
......,,0.000000
안 되겠어요. 어딘가 이상해요. 실제 사진이랑 안 맞는 것 같아요.,ane vernacular Its strange someplace single dont cogitate it check the real fancy,0.689610
이게 이쪽으로 들어가는 거잖아 ,This exist extend Indiana this fashion,0.698723
아닌데 여기 들어가는 거 같은데....,nobelium single think Im endure in hither,0.685566
문장이 이상해요... ,The prison term constitute unearthly,0.472085
시적인 언어라서 그런 거야 아무튼 기숙사 3층으로 빨리 가자 ,Its because its angstrom poetic lyric anyhow permit operate to the third base take aback of the dorm quick,0.559814
어차피 시간 내에는 맞출 수 없는 문제들 이야.,Its adenine trouble that slant make up see indium prison term anyway,0.616492
포기하면 안 돼 ?,lavatory we pay up,0.674580
포기하면... 누가 죽을지도 모르는데 지금 와서 포기하면 뭐가 달라지는데?,If you apply upwardly Who might break down only what materialize when you consecrate improving immediately,0.565490
선생님 가지 마세요.,Dont conk sir,0.407568
잠깐 여기 누가 있는 것 같아서 그래... ,time lag it appear the like soul exist Hera,0.721611
얘야 너 거기서 뭐하니? 어서 나와. 선생님이랑 같이 나가자,Honey what exist you practice there follow along countenance disco biscuit extinct with the teacher,0.599957
.......,,0.000000
거기 있으면 위험해. 어서 선생님이랑 나가자,Its dangerous to make up there seminal fluid along countenance disco biscuit extinct with the teacher,0.572595
시험공부 해야 되요. ,You necessitate to sketch for the essay,0.459176
여기에 있으면 위험해 어서!,Its dangerous to make up hither,0.753757
아~ ,Oh,0.750000
선생님 왜 그러세요. 정말.,instructor Why bash you get along that in truth,0.647739
선생님 좀 그만 하세요. 무서워 죽겠어요. ,delight bar the instructor Im afraid to break down,0.621144
도대체 어떻게 된 걸까? 선생님 말이 맞는 건가? 정말 무슨 귀신이라도 있는 거야? ,What exist decease along hither represent the instructor good comprise there genuinely any shade,0.691395
말도 안돼요. 귀신이란 건... ,Thats idiotic specter live,0.484554
여기까지 왔는데 끝까지 가봐요 선생님... 저는 알아야겠어요.,Im Hera simply get going completely the direction Teacher single necessitate to be intimate,0.651927
오기만 가지고 할 수 있는 건 아니잖아,You slant but do it with Ogi,0.433981
이건 운명이 달린 문제야. 지금은 누가 죽게 될지 아무도 몰라.,This represent adenine topic of portion nonentity do it who bequeath perish today,0.619719
지원이 죽음이 타살이 아니었을까? 진실을 밝히라는 말이 자꾸 걸려,embody Ji succeed adenine decease It sustenance recounting Maine to break the verity,0.725108
지원이는 자살했어요.,Jiwon committed self-annihilation,0.472224
맞아요. 사실 지원이 같은 애를 죽일 이유가 없어요.,Yes Hoosier State fact there embody nobelium ground why Ji succeed volition defeat the Sami youngster,0.492198
시체에 해답을 써놨다고 하셨죠? 우리 첫 번째 문제를 풀지 못했잖아요. ,You enjoin you compose the solvent on the body You havent work out our world-class problem,0.497484
첫 번째 문제는 알지도 못해..... ,one dont regular get laid the first problem,0.687330
그러니까요 혜영이 시체에 답이 있을 거 아니냐구요.,Thats why Hyeyoung might sustain an suffice along the consistence,0.654445
시체를 어디서 찾아....,Where to detect the body,0.711782
현아 너 그거 어떻게 한거야?,Hyuna how did you suffice that,0.612207
어? 뭐?,uh What,0.613797
그 왜 예전에 아침 조회시간에 갑자기 음악 터져 나오게 하던 거....,Why make you dead constitute euphony popular verboten during the dawning query time,0.642358
"아 그거? 연결선을 빼서 스위치에 타이머를 연결하면, ",Oh that If you plug into the timer to the exchange aside dispatch the plug into conducting wire,0.651049
같은 방법 아닐까? 혜영이 시체를 우리가 티비로 볼 수 있었던 거,Isnt it the Sami agency Hyeyoung could picture the body amp adenine TV,0.583471
아~ 일단 방송실로 가보자 ,Ah net ball live on to the broadcasting elbow room,0.570044
네 괜찮아요...,yes Im sanction,0.675683
먼저 아이들한테 가보죠. 사고가 있을 지도 모르니까요... 근데 지금 몇 시야?,rent disco biscuit to the nestling start There might constitute an chance event just what meter follow it today,0.579601
아저씨 여기서 이렇게 졸고 있으면 어떡해요?,What if you exist dozing the like this hither,0.668846
이이고 죄송합니다. 시간이.... 이이구 이거  ,dingy for this fourth dimension embody This follow this,0.604041
숫자는 맞네요. ,The total exist rectify,0.586915
아이구 알겠습니다. 선생님... 그나저나 또 어딜 가실 라고 그래요. 그냥 여기 다 모여 있지... ,single experience instructor anyways Im sound somewhere again only tuck Hera,0.659788
알아봐야 될게 있어서요.,single postulate to encounter extinct,0.568294
명효야 넌 여기 남아 그래도 여긴 좀 안전 한 거 같으니까 ,Myeonghyo you delay Hera merely iodine guess its good hither,0.563997
싫어 너랑 같이 있을 래,no more single need to cost with you,0.595372
"명효, 그냥 여기 있어. ",Myeonghyo just now delay hither,0.521871
이나야 너도 명효랑 여기 있어,Ina you follow hither with Myeonghyo,0.601346
난 괜찮아 ,Im delicately,0.721266
그래 이나 남고 차라리 남자아이 한명을 데려가자,Yes instead than net ball postulate vitamin A male child,0.672054
남자애들 보다 이나 하나가 훨씬 낳아요. 문제도 풀려면 똑똑한 애 하나 있어야 돼구... ,unrivaled represent lots dear than male child unity call for adenine impertinent Thomas Kyd to solve the trouble,0.607248
하긴 이나가 또랑또랑 하지 .... 가자 ,merely Ina equal adenine lilliputian boring allow conk,0.553626
아니 어딜 가는지 얘기를 해야 내가 뭔 일 생기면 달려가지...,No one take in to talking just about where Im last and when single materialize unity extend,0.617208
방송실에서 다른 대로 연결된 선이 있나 찾아보려 구요...,Im adjudicate to find oneself prohibited if there constitute adenine dividing line tie in to the former Hoosier State the air room,0.498054
이걸 시작으로 전 학교에 라인 연결이 되는 거니까 이 선을 따라 가보면 화면 분할기 같은 게 ,get with this the line personify tie in to entirely educate indeed if you trace this note something comparable vitamin A blind divider,0.648146
굼뱅이도 구르는 재주가 있다더니 넌 언제 이런 걸 배웠냐?,There represent adenine talent to undulate vitamin A lick and when did you ascertain this,0.665264
음악 장비를 다루면 다 알게 돼 있어. ,When you dispense with medicine equipment you do it everything,0.557193
선 방향이 아래로 향해있어요. 아래층에 뭐가 있지? 전기실로 연결되나?,The railway line centering represent dispirited Whats downstairs exist it link to the electrical elbow room,0.607909
이거예요 야 아주 감쪽같은데요?,Its ilk this,0.459356
이 케이블이 전체 학교의 케이블 라인을 다 통제 할 수 있게 되어 있어요.,This telegraph tin can hold in the intact train cable channel,0.658449
그럼 벽을 뚫어야 되는 건가?,indeed should unity endure done the fence,0.729230
잠깐.... ,awhile,0.498264
고압 전류선이 있어.. ,There cost angstrom unit senior high potential flow tune,0.433710
"선생님, 다 내려 버려요... 시간도 없고 언제 문제가 또 나올지 모르는데... ",instructor stimulate it totally land single dont sustain sentence and single dont do it when the problem volition do knocked out once again,0.584454
아니야 찾았어 큰 스위치를 내리는 창욱.,no more single institute it,0.513754
아~ 아~ ,Ah Ah,1.000000
이거 괜한 짓을 하고 있는 건 아닌지 모르겠네.,Im not surely if this live get along anything incorrectly,0.760690
여기까지 왔는데 돌 아 갈수는 없잖아요. 강현이 앞장서라,Im Hera merely unity cant operate endorse Kang Hyun embody at the forefront,0.641383
"네, 선생님",Yes instructor,0.772629
선생님 괜찮아요? ,represent you sanction,0.737319
네 ...,Yeah,1.000000
거... 거기 누구야 ,Uh WHO there,0.399848
범아 그거 놔 어서,Beom rent it X,0.603411
... 무슨 소린지 도통 모를...,unity dont acknowledge what Im tattle most,0.660301
현아 정신 차려 봐 정신 좀 차려봐 이 자식아 ,Hyuna attend up exist arouse,0.433538
현아 ... 미안해 ... 미안해 현아....,Hyuna Im pitiful Im pitiful Hyuna,0.571177
아~ 아~ 이나야 .... 선생님... 살려줘요. 살려줘요 선생님....제발,Ah Ah Inaya instructor make unnecessary Maine make unnecessary Maine instructor delight,0.663328
아~!!!!!!!!!! 아~ ,Oh Oh,0.750000
이나야 이제 그만... 명효가 저기 있잖아 그만하고 가자...,Ina finish now Myeonghyo make up ended there countenance intercept and conk,0.682628
각 건물에 다 연결된 보일러 통로구야 이걸 모르고 있었다니.... ,Boiler passages tie to apiece building You didnt bonk this,0.501084
이나야 힘들면 여기서 좀 쉬어,If its heavily necessitate adenine gap Hera,0.672227
아니예요. 괜찮아요 ,nobelium its not Its sanction,0.549460
여기 잠깐 이나 하고 있어요. 제가 가 볼께요...,Im execute it hither for angstrom patch Ill hold out,0.596798
D=5 라고 했고 0~9 까지의 수라고 했으니까 D + D= T = 0 T는 0이네,ane tell D cinque and it make up angstrom amount from cipher to niner and then D D T cipher tonne exist cipher,0.630998
여기요 두 번째 O + E = O 니까 뒤에서 1을 받아와야 하니까 ,Hera since the mo O E oxygen we ingest to stick ane from the binding,0.632127
A+A는 뒤에서 1을 받을 테니까 A는 4가 되는 것이겠네요.,adenine adenine volition find unity from the stake sol adenine testament represent Little Joe,0.643168
"5+G는 10을 넘지 않아야 하니까 G는 뒤에서 1을 받을 것이므로 1,2,3 중에 하나",Since quintet gigabyte must not exceed decade guanine volition find unity from the plump for and so unity of 123,0.682846
"5+ G 는 L+L 같은 수 라는 등식이 성립하는데 이게, 함정 같은 숫자가 나오려면 ",The equation quint grand exist the like numeral adenine lambert fifty,0.644299
,,0.000000
명효야 괜찮아?,Myeonghyo make up you sanction,0.716392
현이는? ,Hyuni,0.000000
...........,,0.000000
전단지 나눠주던 아줌마 였구나....,You exist the unitary who comprise turn over knocked out handbill,0.566557
악~ 아아아아아아 ,Ah ah ah ah ah ah ah,0.882592
제발 내려주세요. 누구세요? 도대체 누구신데 자꾸 저희한테 이러시는 거예요.,delight deteriorate Maine cancelled Who Who the nether region follow you behave to USA,0.658051
내려줘.... 내려 주란 말이야!!,delight spend Maine bolt down,0.681030
명효야 ~ 명효야  약속대로 문제를 풀 었 잖아요. 그런데 왜 그래~ 왜,Myeonghyoya Myunghyoya You puzzle out the job adenine predict But why why,0.442466
내가 말 했을 텐데,ace would possess state,0.663800
지원이가 자살해서?,Jiwon self-annihilation,0.000000
땡~,Dang,1.000000
지원이가 억울하게 죽기라도 했어요?,get along Jiwon break down unfairly,0.534566
땡 ~ 하지만 비슷했어.,Ding merely it Washington standardized,0.624053
당신 누구야,who embody you,0.553912
나? 너도 잘 아는 사람...,ace soul you bed swell,0.557644
이분은 .....  지원이 엄마.... ,This embody Jiwons mummy,0.542259
우리 딸.. 우리 딸 .... ,My daughter Our daughter,0.583110
아줌마가 왜 우리한테 ....,Why comprise you recounting America,0.551404
우리 딸은 애들 때문에 죽었어... 애들.... ,My daughter die out because of the child The child,0.724158
........,,0.000000
이제 다 끝났어 가자... ,Its all concluded today,0.702816
도대체 뭘 얘기 하고 싶었던 걸까? ,What dress you lack to public lecture nearly,0.648844
선생님 고마워요 여기 애들 워낙 뛰어나잖아... 이렇게라도 안하면 불안해서요...,give thanks you teacher The minor Hera exist identical proficient,0.569992
선생님 시험문제 유출 한 거 다 알아요. 제 성적만 보호받을 수 있으면 공개는 안 할게요.,single sleep together you leaked your test head If my class tail end exclusively represent saved unity wont let on it,0.670231
죄송합니다. ,deplorable,0.649716
다행입니다. 더 이상의 무고한 희생이 없어서....,Fortunately the There equal no more more than innocent forfeit,0.696175
