아야 ~ ,Ouch,0.571548
뭐가 웃겨 이것들아 아파죽겠는데...,Whats funny is that these things will detriment,0.655442
괜찮아? 어디 봐?,Sooner State Where set you search,0.456889
아 ~ 괜찮아 ,Ah its sanction,0.644212
이구 이 덜렁아 ~ 지진 나는 줄 알았다. ,I think this is adenine sloppy earthquake,0.648211
하~ 꿈꿨어 .... 하 뭐 이런 꿈을 꾸지?,Ha I had a dream ha What are you dreaming like,0.626120
이 빨갱이들.. 하필이면 시험 마지막 날 쳐들어오고 있어. 명효야! 그거 하나만 .... ,These Bolshevik Theyre forthcoming Indiana on the last daytime of the exam Myeonghyo Thats only one,0.596328
웬 양이 이렇게 많아? ,How many exist there,0.640930
이게 진짜 죽을래? 이거나 도와줘 ,Will this really die Oregon supporter me,0.624422
아 배야 아~ 어제 라면 먹지 말걸. 명효야 이것 좀 걷어서 세면장으로 와 .  아~,Ah my bear ah Dont deplete ramen yesterday Myeonghyo get pass to the pot Oh,0.543087
아 똥.... 야 좀 빨리 나와 . 아아 !!,Oh dirt Hey come knocked out adenine short loyal Ah,0.538611
누가 이나 좀 도와줘라. 오늘 빨갱이 쳐들어와서 신경이 예민하시다. ㅎㅎ,soul help Maine nowadays Marxist pepper comes Indiana and exist nervous hehe,0.678354
이명효.. 너 볼일 보고나서 두고 봐 죽었어....,Spike Lee Myeonghyo After project your work I allow you drained,0.535316
너 그러다 싸겠다. ,You will exist sleazy,0.684522
야!,Hey,0.323217
응 영양제 먹었어. 엄마. 응 알았어... ,Yes single engage vitamin A nutritional append mum yea single start it,0.488142
전화 좀 나가서 받을래?,Would you like to conk out knocked out and solvent the headphone,0.428060
엄마 끊어  남 상관 말고 니 할일이나 해,Dont tending some your mama set your chore,0.602913
여기 너 혼자만 있어? 신경 쓰이니까 나가서 전화 하라구 . ,cost you unequaled here Im worried and then go knocked out and call me,0.662675
엄마 없는 건 니 사정이지 나한테 왜 그래,Its your situation without a mother why do you do that to me,0.613381
뭐 이 새끼야? ,What is this kid,0.688380
강이나 좀 조용히 하자. 공부하는 사람들 있잖아 ... ,Let the river constitute quiet There are people who study,0.630696
입에 금수저 물고 난 자제분들 이라고 서로 편먹는 거니 너 네들.... ,Are you guys plain to Maine that Im angstrom child who has vitamin A gilded spoon in my speak,0.606142
말이 좀 심하다.,Im adenine short speechless,0.469904
엄마 놓고 이상한 소리 해댄 건 니들이야,Its you who draw vitamin A strange noise ended your engender,0.537346
내가 언제 엄마를 걸고 넘어졌니? ,When did unity diminish on my engender,0.691064
학교에서는 엘리트 행세 다 하고 다니면서 니들끼리 이상한 말 퍼트리고 다니는 거 ,At educate youre whole elite disseminate strange tidings among yourself,0.527540
말 좀 가려서 해라. 추하다.... 너 엄마 없는 건 사실이잖아,make some hiding Ugly Its true that you dont have adenine mother,0.626573
이것들이 선생님들까지 벌벌 기니까 뵈는 게 없지?!,Since these are punished even by the teachers there is nothing to lose,0.652214
그거야 능력이지... ,Thats the ability,0.644769
아니지 편법이지,no more its a shortcut,0.635378
너랑 상대하는 시간이 아깝다. 선생님한테 그대로 얘기해 줄까?,Its adenine waste of time dealing with you Would you like to talk to the instructor,0.607539
육성회장님 한테 얘기하는 게 아니구?,Youre not talking to President nurture whistle,0.620789
억울하면 넌 강현한테 일러. ,If it is unfair you will tell Kang Hyun,0.601444
너 되게 유치하구나.,You equal indeed infantile,0.515925
"야야 주번, 일루 와~ 이거 장난감 핸드폰 아니야? 다시 가져와 임마",Hey Almighty add up on Isnt this angstrom plaything headphone land it endorse fop,0.598031
아 새끼 거 냄새난다. 임마~ 얼마나 마신거야?,Oh it scent care adenine infant How yearn take in you personify drunkenness,0.541205
김세임  땜에 죽도록 마셨어요. 중간에 도망가면 어떡해요.,single snuff it because of Kim Seim What to do if you track down outside,0.617758
시험문제 검수하느라고 전날 날 꼬박 샜어 너무 피곤하더라고.,single was so tired that I stir up up the day before checking the test questions,0.618303
선배는 시험을 무슨 예술로 보는 경향이 있어. 대충 퍼다 가 내면 되지.,Seniors tend to visit the test adenine an art You just need to spread it out,0.649537
야 임마 내신 하나에 애들 미래가 달라져... 변별력 있게 내야지 너처럼 대충 하면 되겠어? ,Hey guys the future of the kids constitute different for one single ingest to be discerning,0.613677
선배가 고민해서 안해도 우리학교 애들 다 지들이 알아서 열심히 해.,Even if my seniors dont worry about it all the kids in our school take care of it,0.638776
네 안녕 하세요 선생님,Yes howdy instructor,0.501644
왜 이렇게 안색이 안 좋으세요.,Why exist you so uncomfortable,0.657124
그런가요?,is that so,0.688983
저 샘은 웃는 걸 본 적이 없어 ,That Sam never learn Maine grin,0.496653
어때 이쁘잖아,Hows it pretty,0.639844
아니 학교에 아직도 담 넘어 다니는 학생이 있다니 이게 말이 되요? ,No set this pretend good sense that there equal inactive student Hoosier State the cultivate inactive walking ended the fence,0.507356
너 지금 뭐하는 거니? ,What make up you practice now,0.656180
.............,,0.000000
다시 풀어. 장난하지 말고...,Release again Dont constitute kidding,0.546797
왜 그래? 무슨 일 있어?,What is it Whats going on,0.751733
시험지가 이상해요...,The examination composition constitute unearthly,0.399905
너무 긴장해서 그래 .. 천천히 풀어... 자~ 일어나,Im and then uneasy lento spill it,0.572105
망했어 난 망했어....,Im make love Im make love,0.576649
오. 마이갓 정말이야? 답이 이거야?? ,V rattling The suffice exist this,0.639716
"시험도 끝나고, 날씨도 예술이고... 일찍 끝났는데 뭐 재밌는 거 없나?",The exam is over the weather is art I ended up early is there anything interesting,0.609990
이거나 널어. ,Oregon its up,0.666961
너 양이 많은 걸 보니까 스트레스 너무 많이 받은 거 아니야?,Seeing that you have adenine lot didnt you get besides much stress,0.660312
정말 오늘은 최악이다. 꿈땜에 그런가?,It rattling exist the spoiled nowadays embody it because of your daydream,0.504477
무슨 꿈? ,What dream,0.622729
얘기했잖아. 이상한 꿈 꿨 다구... 하~ 시험 잘 봤어?,single distinguish you single accept vitamin A strange ambition hour angle cause you bash easily along the exam,0.442911
응 느낌이 좋아 꿈땜에 그런가?,Yes single feel good cost it because of my dream,0.616916
무슨 꿈?,What dream,0.622729
원빈오빠랑 자는 꿈... ,Wonbins dream of sleeping,0.731790
빈 오빠가 미쳤냐? 너하고 자게?,be your vacate sidekick unhinged kip with you,0.653261
꿈인데 뭐...,Its adenine dream,0.470264
"안 돼, 꿈도 허락 할 수 없어. ",No unity camber still let dream,0.562204
막~  해주는데 정말 하는 거 같더라니까,Im just doing it but it seems like Im really doing it,0.664215
아~ 안돼 미친년.... 일루와 ,Ah no more demented daughter Illuwa,0.593332
으구 기집 애 이제 좀 웃네..,Ugh little girl now laugh a little,0.638426
여기가 여자 기숙사 옥상이구나?,exist this the rooftop of adenine female person dormitory,0.492477
어머~ 현아 ,Oh Hyuna,0.680863
너 여기 어떻게 왔냐? ,How cost you Hera,0.472680
이 오빠가 못 가는 데가 어딨겠냐.  ,Where rear end this crony not ecstasy,0.579340
사감 선생님 오기 전에 가라,Go before the sensational teacher comes,0.675352
200일주 한잔 해야지. 스트레스도 풀고...,I need a drink for cc weeks Relieve stress,0.652024
어 진짜 200일 밖에 안 남았구나..,Uh there exist only cc days impart,0.624303
뭘 또 맞장구 치고 있어...,What else are you playing against,0.672022
중간고사도 끝났는데 클럽 놀러 와라 파티 한다.,The midterm exam constitute ended but we follow to the club to party,0.612351
너나 파티 하세요. 학교를 왜 다니는지 도무지 알 수 없는 정신없는 놈아. ,get adenine party with you one vernacular number out why iodine disco biscuit to school,0.613101
꼭 와야 돼. 니들 안 오면 내가 납치하는 수가 있다. 내가 맘먹으면 할 수 있다는 거 알지?,Must follow If you dont amount ace lavatory kidnap you You fuck single terminate practice it if single like it,0.610582
그래봐 그랬다간 죽는 수가 있다.,Yes and then you sack dice,0.496929
제발 납치해 줬으면 좋겠다.,iodine trust you kidnapped Maine,0.575646
지랄을 해요.. 아주~,Im bang very,0.479217
아 왜~ 멋있잖아. ,Oh why Its cool,0.601831
아 뭐야 진짜 이런 거 공개 안하면 안 돼? 이런 거 공개하는 학교가 어딨어 짜증나 ,Oh what can we really do Why represent it annoying to have angstrom unit school that releases this,0.608374
아 시발 ~ 한 등급 또 떨어 졌어.,Ah fuck one grade drop again,0.582508
이나야? 괜찮아?,Ina Sooner State,0.676232
어? 어.... 내가 뭐 천재냐? 매번 장학금 타게.,uh Uh what am I a genius Get a scholarship every time,0.614925
그래도....,still,0.734847
걱정 하지마. 윤명효! 4등 등극을 축하한다! 딸기우유나 한잔 쏴라,Do not worry about it Yoon Myeonghyo Congratulations on your fourth place Take a glass of strawberry milk,0.560712
쥐포도 쏠게 ,ominous shoot down the grapes,0.524573
좋지,just,0.771175
3학년 1등 또 황선생 반이네 대단해. 어떻게 황선생은 어떤 애들을 붙여놔도 1등이네.,Hwang Senseis grade represent besides great nobelium matter how many kids you impound Hwang exist the initiative place,0.627982
애들이 열심히 해서 그런거죠 뭐,Its because the kids cultivate hard,0.674512
최선생... 분발 해야겠어 . 3등으로 떨어졌어요.,Best student single have to try It fell to third place,0.628050
죽일 거야 죽일 거야 다 !,I will kill you I will kill you all,0.749672
야! 조범! 조용히 안 해! ,Hey Jo Bum Dont be quiet,0.657302
뭐야 저 병신새끼. 시험 기간만 되면 아주 생 지랄을 해요.,What is that mother fucker subsequently the trial flow Im identical sick,0.651346
작년부터 애가 좀 이상해 왜 저래?,The kid has been a bit weird since last year,0.674673
다친데 없어?,exist you hurt,0.746348
어 ~ 괜찮아...,Uh its sanction,0.615785
10분 뒤에 아침조회가 있을 예정이오니 학생들은 모두 운동장으로 나와 주시기 바랍니다.,There volition cost vitamin A good morning interrogation Indiana decade instant and then completely bookman represent requested to follow to the playground,0.540543
조용! 조용! 선생님들께서는 속히 아이들을 정렬해주시기 바랍니다.,quiet quiet Teachers are expected to sort the children as soon as possible,0.634389
노래 어때 ? ,How near sing,0.555707
너 미친 거 아니냐?,live you crazy,0.530265
학교가 이런 맛도 있어야지 ...,cultivate should have this taste,0.626362
너 나한테 잘 보여라 여차하면 신고해 버린다.,If you inactive point Maine intimately describe it,0.579309
강현! ,Ganghyun,0.850210
니들은 들어가  또 너지? ,You go in and you again,0.620846
"선생님께서는 왜 증거도 없이, 사람부터 때리세요? ",Why get along you bang multitude first without testify,0.555662
증거?  너 증거라고 그랬냐? 이 자식이.... ,evidence Did you say its validation This child,0.677438
"이 선생, 흥분하지 말고, 그만 해요. 내가 알아듣게 얘기할게...",Teacher dont become unrestrained point poorly assure you to translate,0.589076
넌 내가 담임이었으면 오늘 가만 안 놔둬...,If you constitute my home room dont leave today,0.561028
알았어요. 내가 교육 시킬께요. ,single see single will educate you,0.662589
"선생님, 긴급 교무회의 한다고 교무실로 바로 오시래요...",Teacher single want to come to the teachers office for an emergency academy meeting,0.603019
아 또 잔소리 꽤나 듣겠구만....,Oh Im going to hear some nagging again,0.644816
선배 어떻게 할 꺼야... 지금 교장실 난리 났어요. ,What exist you going to do The principals office is in trouble,0.625351
왜 틀린 거 하나도 없 더 구만 노래도 좋구...,Why isnt there anything wrong and the song is good,0.616007
반만 1등하면 뭐해요. 학교 이미지 다 망쳐 놓는데... ,What manage you do if you are first in class It ruined all the school images,0.610685
무슨 말을 그렇게 해요...,What manage you allege,0.507944
1학년 때 수학여행 가서 ,single depart along amp school day spark off Hoosier State the first grad,0.484559
야 매로 다스릴 애였으면 벌써 그렇게 했어. 강현이 나쁜 애 아니야... 애를 이해하고 다스려야지 ,If you were the one to rule with hawks you already did Kanghyun is not a bad boy I have to understand and govern him,0.603229
하긴 뭐 애들 인기에 워낙 신경 쓰시니... ,But what brawl you care around kids popularity,0.618565
내가 아이돌 인가? 결혼을 안 해서 애들 맘을 잘 모르시죠? ,follow ace an idol Youre not married thence you dont bonk the Thomas Kyd mind,0.616691
왜 그래요 들 ... 열 받는 건 난데 왜 둘이 싸우고 난리야 ,Why exist you poke fun Im getting fevered,0.485010
앉아요. 금쪽같은 수업 빼서 회의 하는 거니까 간단히 전달 사항만 얘기하겠습니다.,sit down please Since cost having a meeting without a class like this Ill just talk about the details,0.619711
네 ,Yeah,1.000000
아이들 발음문제 특별히 신경 쓰시기 바랍니다. 이번에 기대하겠습니다.,Please pay special attention to childrens pronunciation problems We look forward to this,0.620098
네 ...,Yeah,1.000000
기획서 누가 작성 했습니까?,Who spell the proposition,0.500352
네 제가 했습니다. ,Yes one manage,0.645943
음  여기 나온 대로 진행 할 테니까 선생님이 전체 통솔을 맡아 주고.. ,swell Im going to proceed as shown here so the teacher will take care of the whole thing,0.651127
네 ... 반 학생 중에 영어를 좀 하는 녀석이 있어서 도움을 좀 청하려고 합니다. ,Yes Some of my classmates speak English and then Im going to ask for some help,0.602006
그건 알아서 하세요. 하~ 오늘 아침조회는 도대체 뭡니까? 긴말 않겠어요.,Do it yourself Ha Whats the morning inquiry unity wont say vitamin A long discussion,0.626290
시말서 준비하셔야 겠네요 ...,You should constitute develop,0.589473
이번 주말까지 성적 떨어진 사람 연습장 3권씩 채워... ,Fill in 3 practice books for those who have lost grades until this weekend,0.608524
니들 커서 나같이 선생이나 할래? 이 학교 나와서 연 고대 밑으로 갈 꺼야?,Would you like to exist adenine instructor like Maine when you turn upwards make up you depart to get away of this schooling and conk kill to ancient clip,0.477905
선생님 저희 학원도 가야돼는데...,Teacher Our civilize also experience to go,0.602196
신곡발표가 너무 요란했던 거 아니야? ,Wasnt the newfangled strain announcement also gaudy,0.623424
죄송합니다. 선생님. ,deplorable instructor,0.653661
선생님이 이번엔 커버해 준다. 노래가 좋아서 봐주는 거야... ,The teacher covers this time unity like the song because single like it,0.649394
선생님! 놀톤데... ,instructor Im surprised,0.676969
그러니까 벌이지 임마 .... ,and then dude dude,0.617078
뭘 해야 하는지 는 알고.... ,unity bang what to answer,0.534472
나와 보면 알아. 그럼 그렇게 결정 난거다. ,Look at me and get laid Then it was decided,0.635172
차라리 화장실 청소할게요. 선생님! 저 주말에 공연해야 돼는 데...,Gem State rather clean the bathroom Teacher unity involve to perform that weekend,0.640328
아~ 내일 주말인데 다른 애들 다 집에 가고 이게 뭐야,Ah Tomorrow is the weekend all the other kids go home and what is this,0.621771
야 영광으로 생각해. 그래도 학교 대표로 나가는 건데.. 나는 방도 우리만 쓰니까 좋구만...,Hey Im esteemed Im even extend to cost the civilize instance,0.519048
스무 명이 참가한다고 했나?  이나야 오늘 클럽 가자. 사감장도 없는데,Did twenty people say they would participate Inaya Lets go to the club today I dont have a supervisor,0.632116
기숙사 탈출하자고? ... 너 왜 갑자기 안하던 짓을 하고 그래,You require to escapism the dormitory why bash you get along something you didnt short set,0.499732
내가 점점 널 닮아 가나봐 히~,Im commence more and more corresponding you,0.599017
허~ 참. ,Huh True,0.733989
이나야 ...,Inaya,0.760372
그 한심한 놈이 그렇게 좋니?,Is that pathetic guy indeed good,0.645665
응~,Yes,0.734847
그럼 좋다고 해~! ,Then order good,0.656452
못 하겠어. ,one jargon,0.765319
내가 대신 말해줘?,Can I tell you instead,0.600071
싫어. 안 돼.... ,Hate No,0.636526
너 혼자가! ,You go alone,0.656926
"야 이나야, 너는 걔랑 친하잖아 나 혼자는 못 가겠단 말이야.",Hey ina youre shut down to her unity bank conk out lonely,0.498979
몰라 기집애야 너 혼자가! ,one dont recognize girl you go alone,0.683978
거기 누구요?,Who cost there,0.401727
허허허헉.....,Huh huh huh,0.701027
뭐하는 거야? 거기서,What personify you set at there,0.642363
뭘 보고 이러는 거야 지금... 어이 학생 왜 그래~,What follow you behave here,0.331489
대학생 맞아요? 이거 학생증 위조 한 거 아니죠?,embody you a college student Isnt this a fake student ID,0.670733
저희가 고등학생으로 보여요? ,behave we facial expression corresponding senior high cultivate bookman,0.437158
와줘서 고맙다.,give thanks you for approaching,0.408915
나한테 고마울 거 없어. 명효가 오자고 해서 온 거야. 그래도 뭐 생각보다 재밌네. ,Theres nothing to thank me for It was because Myeonghyo asked to come Its more fun than I thought,0.613120
뭔데? ,What,0.361824
너 같은 꼴통이 어떻게 우리 학교를 왔냐? 중학교 때 공부 좀 했냐?,How did angstrom cultivate like you come to our school get along you study inch heart school,0.603848
비밀인데 너니까 얘기해줄게.... 학교에 버스 3대 사주고 입학했어.,Its a secret so Ill tell you single bought three buses and went to school,0.634837
아~ 그래? 버스 3대면 우리학교 들어올 수 있구나... ,Ah Three buses posterior enter our school,0.541739
겁 대가리 없는 건 학교지... 너 우리학교 비리가 얼마나 많은 줄 알어? ,Its school without fear How many get along you make love about our school corruption,0.612017
너 또 다음에는 무슨 짓을 하려구,What are you going to do next sentence,0.610946
학교가 한번 발칵 뒤집어질만한 좋은 계획이 있지... ,single have adenine good architectural plan for the school to flip over once,0.607042
너도 참 한심한 청춘이다. 그래 학교 다니는 또 하나의 이유가 뭐냐?,You are also angstrom pathetic youth So what make up another cause for going to school,0.603138
또 하나는 ....... 너. ,some other one you,0.610660
새끼 어디서 수작 피우기는.... ,Where get along you Mary Jane,0.602541
수작이라니.... 나도 궁금한 게 있어,Its adenine masterpiece unity cause angstrom doubt also,0.522477
뭐,What,0.511696
왜 이렇게 장학금에 민감해?,Why are you so sensitive to scholarships,0.625428
너같이 있는 놈들 한 테는 별거 아니지만 난 달라 더 이상은 묻지마. ,Its nobelium big great deal for guys like you but Im different dont ask any Thomas More,0.656430
눈 풀어라. 느끼하다.,turn your eyes greasy,0.636013
야 근데 좃 밥이 뭐냐?,Hey whats her rice,0.446185
어? 그런 게 있어 ,uh There is something like that,0.603257
나중에 알려줘라 ... 야 이명효 가자,Let me be intimate later hey lets go,0.627453
야 오늘은 특별수업인데 꼭 걷어야 되냐? ,Hey today is angstrom unit special class should I walk,0.673866
악마의 입 냄새 가 걷으랬어. ,The deuce lip say Maine to walking,0.536634
마저 걷어서 복도 사물함에 놓고 와 ...,flush paseo and invest it indium the storage locker inward the hall,0.421174
혜영 이는 아직 안 왔구요. 동혁이는 똥 싸러 갔어요.,Hyeyoung hasnt come yet Donghyuk went to fight shit,0.604769
웃음...,gag,0.600124
혜영이가 그럴 애가 아닌데... 무슨 일 있나? 이나야 너 기숙사 좀 갔다와봐,Hyeyoung represent not a kid Whats going on I think you went to the residence hall,0.613526
네? 네~,Yeah Yes,0.831182
"조범, 너 언제부터 이랬니?",Jo Bum when did you do this,0.732504
시험 때만 되면 이상 한 게 보여요,I can see something strange at the time of the exam,0.663198
뭐가 보이는데?,What practice you go steady,0.497248
여자요...무섭게 생긴...,adult female looks scary,0.730091
근데 팔은 왜 이렇게 만들어 놨어,But why did you make your arm like this,0.629635
내가 그러는 게 아니 예요. 걔가 그러는 거지,Im not care that Thats what helium set,0.613742
그래 가서 앉아 ,yea conk sit,0.669211
조금 있다가 최소영 선생님 들어오셔서 VTR수업 할 꺼니까 그동안 자습하고 있어...,After a while Mr Choi Choi will come Hoosier State and take a VTR class and then Ive been studying,0.620141
아 진짜 나는 왜 남아야 하냐고. 아무런 관련도 없는데...,Oh really why should unity stay on It has nothing to practice with,0.620148
넌 임마 군기반장 이잖아. ,Youre the top dog of the USA,0.578966
괜히 선배가 기획서 도와 달라고 그래서 나까지 남은 거 아냐,It wasnt until the seniors demand Maine to service with the marriage offer,0.603683
"짜식, 선생이 되가지고 학교 좀 오는 게 어때서 그래.... 참, 최선생님.",Jasik its like being a teacher and coming to school a little bit,0.645992
조범이 말예요 혹시 부모님 만나 보셨어요?,Jo hind end hold you play your bring up,0.494010
별 걸 다 신경 쓰시네요.. ,You care nigh everything,0.509978
전 좀 신경이 쓰이네요.,Im amp little concern,0.600348
그렇잖아도 전화 했는데 이번 초청수업에는 꼭 참가를 해야 한다면서 ,Even indeed single called and said I must participate in this invitation class,0.603978
심각해 보이던데 ,It looked serious,0.657215
"뭐, 다 지 팔자지. 부모가 안 된다는데 어떻게 해. 아휴~ 애들 공부를 적당히 시켜야지",Well lets sell it entirely What do you do when youre not adenine parent Ah one have to study the kids properly,0.589510
임마 너는 청결먼저 어떻게 좀 해봐,How get along you get along it foremost,0.559368
아 나 정말 나 이빨 닦았어..,Ah I really napped my dentition,0.655387
수업준비물 챙기러 왔다가 깜짝 놀랐네.,unity was surprised when I get along to pack my class,0.608039
저는 선생님 신음소리 때문에 놀랐는데 히히.,iodine exist surprised aside the teachers moaning just hehe,0.703943
일단 수업 들어가자 나도 가던 참 이었어.,erstwhile Hoosier State category unity cost choke also,0.560628
혜영이랑 동혁이 아직도 안 왔어?,Hyeyoung and Donghyuk still havent come,0.668511
동혁 이는 아무래도 느끼고 있나본데 ? .. ,Donghyuk cost this how you experience,0.539129
조용!. 첫 시간은 VTR 레슨을 할 껀데,quiet The first time is for a VTR lesson,0.639164
악~!!!!!!!!!!!!,malign,0.379473
어 넌 왜왔어 임마,Uh why embody you Hera fop,0.526946
담임선생님이 오라고 그래서요.,Thats why the home room teacher expect Maine to get along,0.503246
어 현이 왔구나. ,Oh Hyun is here,0.600982
예 선생님 전 뭐해야 되요?,Yes teacher What should I do,0.603102
너 중학교 때까지 영국에서 살았다며,That you lived in England until middle school,0.628854
네,Yeah,1.000000
저기 서류들이 다 원문 서류들인데 니가 분리 좀 해줘라,All of the documents there are original documents but please separate them,0.635138
임마 부모님한테 잘 해 너 같은 꼴통 그래도 가르치겠다고 유학까지 같다왔으면...,Im and then dependable to my parents Id like to study abroad to teach you the like direction,0.613645
이선생... ,instructor,0.735055
쟨 왜 저기 있대 ?,Why be you there,0.476163
어 저기가 어디야?,Where exist that,0.597293
아,Ah,1.000000
조용! 너희들 제자리에 앉아. ,quiet You guys sit in place,0.634259
누구야! 어떤 녀석이 또 장난질이야? ,Who embody it Which guy is kidding again,0.662836
저거 혜영이 아니야? 이 선생 방송실로 가봐.,Isnt that Hyeyoung Go to this teachers broadcast room,0.609399
네 선배,Four senior,0.585723
일단 애들 동요하면 안 되니까 상황보고 안 되겠으면 전원을 다 꺼버려 ....,Once you cant shake the kids turn polish off the power if you cant see the situation,0.613760
이걸 어떻게 하는 거야? 무슨 선이... 이렇게 많아? ,How get along you do this What line indeed many,0.638977
시팔 이거 뭐야. 왜 안 꺼져... ,What make up this Why doesnt it rick turned,0.494312
이 자식을 그냥~!,Just this child,0.630162
그 애가 오고 있어... 아~ 그 애가 그 애가 왔어,Shes occur Ah Shes here,0.496038
아 저 새끼는 또 왜 지랄이야 재수 없게... ,Oh why is that shit again,0.506731
이나야 무서워,Im frighten,0.372755
괜찮아 ,Sooner State,0.643098
너네 사귀냐? ,make up you dating,0.661372
쥐 새끼같은 놈 ,shit,0.313880
선생님 핸드폰 되세요?,get along you have a cell phone,0.710709
전원이 안 켜지는데요?,The power does not turn on,0.609345
너지 너 말고는 이런 천재적인 짓을 할 새끼가 없어.,there no young carnivore to do this genius other than you,0.613658
네?!  ,Yeah,1.000000
이 새끼 모르는 척 하는거 봐,Look pretend you dont jazz this bastard,0.595120
증거도 없이 무조건 범인으로 몰아세우지 마세요. ,Dont effort him to the perpetrator without attest,0.558737
너 증거 라 그랬냐? 그래서 지난번 조회시간에도 뻔히 네 녀석이 ,Did you say evidence So even in the last inquiry time your guy is obvious,0.656310
전 장난은 쳐도 살인은 하지 않습니다.,one child's play vitamin A joke but unity dont kill,0.671940
이 선생! 진정해.,This teacher settle down down,0.673842
지금 진정하게 생겼습니까?,Is it admittedly instantly,0.648689
지금 뭐하는 거예요. ,What personify you get along at once,0.556672
제가 한 거 아니에요. 제가 안했습니다. ,one didnt set it one didnt,0.569227
아니긴 뭐가 아니야! 이 새끼야! ,nobelium not what This bastard,0.603016
"선생님, 이나 자리에 혜영이 핸드폰이 있어요. ",Teacher Hyeyoung has adenine cell speech sound in the seat,0.700137
강이나 너 그 핸드폰 어디서 났어...,Where did the river or you get that cell phone,0.614129
선생님이 기숙사 다녀오라고 하셨을 때 복도에서 주은 거예요...,When the teacher told me to go to the dorm I gave it in the hallway,0.618894
니들 둘이 친하니까 짜고 했을 수도 있잖아. ,You deuce might represent salty because youre closing,0.556988
죽을래? 시발 놈아,pallid sodium die Fuck,0.661037
선생님 앞에서 무슨 짓이야,What are you doing in front of the teacher,0.677987
하지 마 ,brawl not,0.714683
왜 학교 전화가 다 안 되는 거예요?,Why bank single get all my school calls,0.629816
그러게 말예요 전화가 안 되니까 영~ 깝깝 스럽구만 이것이 뭔 일이래~ ,single cant make adenine phone call indeed Im sorry simply this is what it is,0.630511
저기가 어딘 것 같아요?,What get along you think there is,0.643105
글쎄요 잘 모르겠는데요?,considerably Im not indisputable,0.684151
잘 좀 봐요. 아저씨,shoot amp thoroughly await Mister,0.590999
이래 뵈도 수위경력 10년이 넘는데 제가 학교 안 가본 곳이 어디 있겠어요?. ,Since then she has represent Hoosier State the water for over decade years but where has I been to school,0.621087
저 아저씨도 핸드폰이 안 되나요?,Doesnt he even have adenine cell phone,0.663187
그러게 내 핸드폰도 안 켜지던데 밧떼리가 다 돼서 안 된다고 생각하고 있었는데 ,I didnt turn on my cell phone like that but I was thinking that the battery should be gone,0.644385
뭐야 저거 ....,What is that,0.613264
아~,Oh,0.717157
야 이놈들아 뭐하는 거야 질서 있게 행동 못해 ,Hey what comprise you practice you slant deed Indiana place,0.587202
야 너 거기 서... 거기 안서 ... ,Hey you fend there not standing there,0.649839
이 선생 나가서 경찰에 신고 좀 해. 애들 내가 통제 할 테니까,Go out there and call the police Because the kids volition control Maine,0.614168
나가면 죽는 다고 그랬잖아요. 어떻게 나가요. ,You said you die when you endure stunned How to get out,0.616979
그럼 애들 이렇게 놔 둘 꺼야?,indeed cost you decease to go out the kid like this,0.570573
지금 나가다 진짜 변을 당하면 어떻게 하려구요.,What should unity make out if single begin stunned and experience adenine literal potty mightily straightaway,0.491282
그 말을 믿어요?,set you believe that,0.573255
지금 이게 장난처럼 보여요? 그럼 선생님이 나가세요.,Does this look like adenine joke now Then the teacher goes out,0.613035
니들 정말 말 안 들을래? 안 되겠어 내가 나갔다 올께요.,get along you really need to listen No Im coming out,0.626820
집으로 갈래요 / 보내주세요 / 무서워요.,single wishing to conk out habitation broadcast Maine Im frightened,0.458101
진짜 무슨 일 생기면 어떻게 하려고 그래요? ,What would you set if something rattling happened,0.608792
그렇다고 가만히 있을 수는 없잖아요.,just you cant abide tranquil,0.545701
그걸 하나 못 막고 있어요?,Cant you stop it,0.612471
그럼 남자애들이 밀어 붙이는데 어떡하라는 거예요.,Then the male child make up agitate and sticking,0.607309
선생님 싸우고만 계시지 말고....,instructor dont just now press,0.623441
아저씨 아이들 막아요.,contain your youngster,0.618291
넌 누구니?,Who embody you,0.539876
저는 창인 외고 3학년 3반 김동혁 입니다.,Im Donghyuk Kim inch tertiary ground level at Changin alien eminent train,0.583086
니가 왜 여기 있다고 생각해?,Why do you think you exist here,0.601804
살려 주세요! 제발 살려 주세요.,assist Maine delight lay aside Maine,0.537448
이제 죄를 고백 하거라. 무엇을 잘못했니?,Now confess your sins What did you execute wrong,0.651679
살려 주세요. 정말 잘못 했어요.  아 아~,assist Maine unity comprise in truth wrong Ah ah,0.619649
죄를 고백 하거라...,Confess your blunder,0.618638
그게 ... 나쁜 짓을 했습니다. 너무 욕심을 냈어요.,Well iodine did something bad I constitute thusly greedy,0.641863
이치영 . 이선생 . 야 임마 ,Spike Lee ChiYoung Teacher Hey fop,0.659895
진정 하세요...,chill out down,0.626160
지금 진정하게 생겼어요?,behave you really look right instantly,0.661186
그럼 계속 이렇게 울고만 있을 꺼예요? 문제를 풀던 동혁 이를 찾던 무슨 수를 써야할 것 아녜요.,and so leave you dungeon flagrant wish this Donghyuk who solved the trouble unity wasnt certain what to indite,0.631136
선생님 진정 하세요.  야 니들 올라가 있어.,delight chill out polish Hey you laugh at make up up,0.606863
니가 뭔데 올라가라 마라야... ,What personify you,0.447563
그럼 여기서 뭐 할 껀데? ,Then what exist you going to do here,0.639023
그래 얼른 올라가서 차근차근 해결하자.... 선생님 얼른요.,fine lets run short upwardly and puzzle out it gradually sir,0.598874
선생님 답을 학교 강당에 적으라고 했잖아요. 강당으로 가요...,single told you to write your answer in the school hall Lets go to the auditorium,0.622139
아저씨 전화선 좀 연결해서 외부와 연락을 해 주세요.,Please connect your telephone set line and contact the outside,0.615550
죽일 거야. 죽일 거야,Im operate to kill Im operate to kill,0.487556
다 나 때문이야. 내가 이 선생을 죽였어,Its all about me I killed this teacher,0.604426
선생님 때문에 그런 거 아니 예요. 기운 내세요. 선생님이 이러시면 저희는 어떻게 해요.,Its not because of the teacher sunshine upward What get along we get along if the teacher does this,0.647092
두 번째 문제 답은 뭘까? 너희들 중에 집히는 사람 없니?,What make up the suffice to the second question None of you get picked up,0.631849
욕심에 대한 얘기를 중국 철학자들이 안 한 사람이 어딨어요. ,There embody no more unity who didnt differentiate Chinese philosopher about greed,0.576282
문제를 내고 있는 이유를 알아야 될 꺼 같아요...,unity think you should know why youre having a problem,0.589118
하~ ,Ha,1.000000
무슨 넌센스 같은 문제일수도 있잖아요. ,It could exist a problem corresponding nonsense,0.658536
시간은 가고 미치겠다. 얼마나 남았어? ,Time is going and going crazy How much is left,0.624827
보이세요?,buttocks you consider it,0.466114
답을 풀어야 해 빨리 뭐야 도대체 답이 뭐냐구...,iodine take in to puzzle out the suffice What exist the solvent,0.604435
아 이렇게 무기력 할 수 있다니... ,Ah you can be helpless like this,0.629855
어떤 놈이 이런 짓을 하는 거야 어떤 미친놈이...  ,Some roast cost doing this Some crazy ridicule is,0.616091
일단 애들을 어떻게 할지 생각해 봐요 ,First think about what the kids volition do,0.633170
어떻게 시체가 혼자 움직이지?,How does the body move solitary,0.660305
카메라가 이 안에 있어. 그렇지 않고서는 이렇게 될 수가 없어... 범인이 이 안에 있어요...,The camera is inside Otherwise it cant be like this The killer is in this,0.613489
선생님 재욱이 없어요 재욱이 ......없어졌어요.,Teacher Jaewook exist not there Jaewook is extend,0.673112
재욱이? 어떻게 된 거야 언제 없어 졌어.,Jaewook What happened When it disappeared,0.688628
모르겠어요. 갑자기 안보여요... ,unity practice not be intimate Suddenly single jargon get wind,0.397236
이나야 어디가 얼른 와 혼자 다니지 말고...,Ina dont endure anywhere and conk out lonely,0.744407
제가 따라 갈께요.,one will follow,0.606215
왜 그래?,What is it,0.807672
등수대로 죽고 있어. ,Im dying of the lighthouse,0.610969
무슨 소리야?,What personify you talking most,0.432368
진짜.... ,Really,0.660263
선생님한테 가자 ,Lets go to the teacher,0.603401
시체에 답을 적어 놨어요.,single wrote down the answer along the body,0.643207
뭐라구요?,What execute you pronounce,0.391716
시체에 해답을 적고 있는 거예요,Im writing the answer along the consistence,0.662978
뭐라고 써있는 데요?,What practice it allege,0.645385
죄악은 밖에서 오는 것이 아니라 내부에 있는 것이다. ,Sin does not come from outside simply from inside,0.636102
동혁이 시체에 답을 적어 놨데.,Donghyuk indite the suffice on the trunk,0.631808
진짜?...,Really,0.660263
야 있잖아 이렇게 돌아다니면 누가 죽을지 모르니까,Hey you get laid if you walk just about the like this,0.549879
기숙사라고 안전하겠냐?,represent it dependable to represent angstrom unit residence hall,0.434375
이제 다음 사람이 누가 죽을지 모르잖아 ,Now the following soul doesnt have sex who volition break down,0.504771
그러면 여기 있는 사람 다 모여 있으면 돼지..,and then if everyone hither is meet the devour,0.622677
야 이 멍충아 상황 파악이 안 돼?,Hey cant you understand the situation,0.610693
아 이제 상황 파악이 된다. 하긴 선생님하고 같이 있다고 안전 한 것도 아닌 것 같어. ,Oh now single can understand the situation single dont think its safe to be with the teacher,0.612923
저기.... 나도 가면 안 될까?,Hey can unity get,0.535942
안 되겠어요. 강당 뒤를 가봐야지,ane vernacular single ingest to conk out tail end the auditorium,0.555134
그냥 있어요. 괜히 잘난 척하다 다치지 말고...,just doing nothing Dont get hurt by pretending to be so good,0.667475
선생님 나한테 왜 그래요?,instructor why Maine,0.531456
애들 들어요. 조용히 얘기해요. 내가 뭘요?,Listen to the kids Talk quietly What am unity,0.613119
왜 말끝마다 트집을 잡느냐구요. 말 좀 이쁘게 할 수 없어요? ,Why constitute you picking upwardly every word Cant you say something pretty,0.608767
말 이쁘게 해서 잘 보일 일 있나요? ,follow there anything you potty brawl to lay down it take care fairly,0.516824
엄연히 내가 선생님보다 선배예요.,Strictly Im elderly than the instructor,0.580197
선후배 무슨 상관 이죠? 실력이 중요 하지,What get along senior junior deal Skill exist not significant,0.605683
애들 가르치는 게 실력만으로 되는 거예요? ,Is it just dependable to teach kids,0.642926
아 인격이 풍부하단 말씀을 하고 싶은 거죠? ,Oh you deficiency to articulate that you experience vitamin A pot of personality,0.465221
됐어요. 그만합시다. ,Thats hunky-dory countenance stop consonant,0.440926
근데 학교 밖을 나가면 진짜 죽는 걸까?,But is it really going to conk out if you go knocked out of school,0.656872
너 무슨 생각 하는 거야...,What personify you believe,0.542087
명효 데리고 확 나가버려..,accept Myeonghyo and conk out extinct,0.662410
이 선생님 못 봤어? 괜한 생각 하지마라 ,take you seen this teacher Dont think its sanction,0.645240
거봐 내가 하자는 대로 하니까 훨씬 좋지?,seem its often practiced because single manage what unity want,0.562201
남자여자 방을 따로 쓰면 안 될까? 나 옷도 좀 갈아입고 싶은데 ,terminate we use adenine separate male and female elbow room I want to change my clothes,0.631971
야 안 돼 지금은 똘똘 뭉쳐 있어야 된다니까... 야 남자애들 돌아있어 얘 옷 갈아입는 다잖아,I cant do it right now I have to exist tight together Hey boys represent back and theyre changing their clothes,0.631950
아니야 됐어 그냥 있을래....,no more iodine just want to be,0.609551
명효야~ 명효야,Myeonghyoya Myeonghyoya,0.578416
너 이 녀석 위험한데 어딜 갔다 왔어?,Youre grave simply where take in you cost,0.688427
선생님 명효 어딨어요?,Wheres Myeonghyo instructor,0.568667
어? 조금 전 까지 있었는데 ,uh single cost there adenine spell ago,0.656563
얘네들 어디 간 거 야 ,Where live you guy go,0.530260
이러고 있지 말고 찾아봅시다. ,Lets incur it,0.470020
선생님 흩어져서 찾아보죠.,Teacher Lets find extinct,0.644201
"그래, 나는 다른 아이들 데리고 교실 쪽으로 돌아 볼 테니까 ",yea Im going to take in the other jolly binding to the classroom,0.609992
명효야 제발 ... ,Myeonghyo delight,0.612312
자 서두르자,allow hasten,0.579848
하~ 만족할 줄 모른다는 것이 죄악이다.,Ha It personify a sin to not be satisfied,0.602456
예? 선생님 뭐라구요?,Yes instructor what,0.678351
아니야,no more,0.399844
선생님 배고파요. ,instructor Im hungry,0.601784
야 니들 뭐하는 거야,Hey what personify you cat set,0.505634
우리가 뭘...,What make up we,0.508752
미안해 이나야,Im dingy Ina,0.572657
명효야 어딨니...,Where exist Myeonghyoya,0.553227
걱정이다. 정말.... 혹시 누구 담배가진 사람 있니? 괜찮으니까 하나 줘봐,interest Really Has anyone always smoked Give Maine unitary because its approve,0.602977
그런데 왜 갑자기 문제가 끊긴 거죠?,But why did the problem suddenly end,0.635963
글쎄다 교란시키는 것 일 수도 있고 ... 꼭 소설 같네.,intimately it could be upset its like adenine novel,0.645789
왜 이런 일이 저희한테 생긴 걸까요?,Why did this happen to the States,0.609987
내가 추리 소설 좀 읽거든 내가 생각 할 땐 원한 인 것 같아 돈을 원했다면 유괴를 했겠지 ,ace read some mystery novels and single think its what I wanted if I wanted money I would sustain kidnapped,0.608006
"어 경찰이다. 아저씨, 아저씨",Its the police uncle Uncle,0.704109
요즘 학교 토요일 날은 쉬지 않나? 쟤들 지금 우리한테 저러는 거야?,Arent you having a rest along school Saturday these days Are they doing that to us now,0.626145
손이나 흔들어 주지 뭐...,Shake your hand or something,0.671893
야 아무리 그래도 우리한테 손을 흔들고 그럴 리는 없잖아,Hey nobelium matter how practically you wave your hand to USA,0.634454
고등학생들이 그렇지 뭐 별난 놈들 다 모이는 곳이 고등학굔데... ,senior high educate scholar exist alike that,0.497037
하긴 ... 야 옛날생각 나네. 가자고 아직 순찰 다 돌려면 한참 걸릴 텐데... ,Its Hey I think its old Lets go and itll take adenine while if constitute still on patrol,0.593685
제발 가지 마요 아저씨. 가지 마요. 명효야... 명효 어떡해요.,delight dont break Mister Dont break Myeonghyo Myeonghyo what should single get along,0.629442
야 아직 명효 없어진 것도 아닌데 왜 그래?,Hey its not at sea until now why,0.457052
너 모르겠어? 문제가 나오면 바로 다음 문제의 타켓을 인질로 잡는 거...,Dont you know When the problem comes out take the target of the next problem as a hostage,0.559018
아무래도 이상한데 종소리는 왜 울리는 거지?,Its unusual just why be the bell shape skirt,0.527778
뭐가 그렇게 의심이 많아? 학교는 다 종소리가 자동으로 돼 있어 ,What is indeed suspicious The school cause altogether the bells automatically,0.623145
거봐 꺼지잖아 .,Look its cancelled,0.657200
우리 불 좀 켜면 안 될까?,butt we go along the ignite,0.623902
불 켜면 우리 있는 곳을 들키잖아,When you turn on the light you can see where we are,0.610344
어차피 입구 잠겼잖아,The entrance is lock in anyways,0.612794
아 좀 조금만 있어봐 ,A picayune number,0.352110
아~ ,Oh,0.717157
왜 그래 ,What is it,0.807672
이 새끼가 어딜 만져 ,Where suffice this shit pertain,0.547148
야... 깜깜하니까 그런 거지. 만지길 어딜 만져,Hey its because its glum contact where you pertain,0.579095
조심해 다들 손 꽉 잡고 있지?,cost deliberate arent you apply your script nasty,0.510521
뛰지 마... 소리 내지 말고 .... 니들 그리고 다 손잡아 현아. 니가 맨 뒤에 서...,Dont play dont ca-ca angstrom legal You tolerate at the stake,0.571947
여기에 불 켠 사람 있어? ...,Is there anybody hither that lights up,0.600629
복도 스위치는 저쪽에 있잖아... ,The hallway replacement is ended there,0.644445
아~ 선생님 저기.....,Ah Sir there,0.437493
모두 이쪽으로 모여 ,Everyone collect this mode,0.410503
선생님 ... 여기 무슨 글자가 보여요,instructor what practice you see hither,0.605477
뭐야,what,0.396358
야 너 울지 마... ,Hey dont you holler,0.531759
더는 못 가겠어요. 다리에 힘이 하나도 없어요 선생님...,iodine cant go any further I have no index on my legs sir,0.662996
야 좀 힘내자 지금 와서 어떻게 할 수가 없잖아.,Hey single cant brawl it right away,0.424662
수진아 우린 안전 하겠지?,Sujin will we constitute condom,0.629661
당연하지 우린 안전 할 꺼야. 조금만 참으면 무슨 수가 생기겠지 ,Of trend considerably make up safety If you set improving with angstrom short moment what turn testament you stimulate,0.507309
야 이거 무슨 소리야 ,Hey what personify you talking most,0.524168
야 아무도 들어온 사람 없잖아 여기...,Hey nobody follow inward Hera,0.524423
방문을 다 열어본 건 아니잖아... 사람이 있었던 거야 ,You havent spread out all your visits there exist adenine man,0.647505
선생님...,instructor,0.763181
저건 또 뭐야,Whats that again,0.565941
저기 내 방인데 ... 명효 저기 있나 봐요.,Its my elbow room terminated there single think Myeonghyo make up all over there,0.447614
명효야 ,Myeonghyoya,0.578416
강이나 야~ 저거 진짜... 강이나 같이 가 혼자가지 말고,Its adenine river Thats really Dont conk out alone with the river,0.615835
거기 누구 있으면 문 열어 얘들아 문 열어!,If anyone is there open the door laugh at open the door,0.669522
어~  끔찍한 얼굴을 봤어...,Uh single saw a terrible face,0.670207
야 흩어지지 말고 이리와 말 안 들을래? 어서 모이지 못해!,Hey dont be scattered why dont you come and listen Come on,0.607595
명효야... 명효야...,Myeonghyoya Myeonghyoya,0.578416
또 없어진 애 없어?,Anything else missing,0.714988
수진이가 없어요...,There is no Sujin,0.607044
명효야 ,Myeonghyoya,0.578416
미안해 이나야 미안해...,Im pitiful Im dingy pitiful,0.482333
얼마나 걱정한줄 알어?,How interest get along you bed,0.622132
수진아 ~ ,Sujin,0.861231
등수대로 죽는 게 아니잖아? 아 씨 뭐야.... ,Youre not conk out from the lighthouse What be it,0.623583
정말 모르겠다..,single really dont know,0.690992
선생님 문제를 풀러 가야돼요 어서요....,Teacher single have to go solve the problem Come on,0.602908
수진 이는 어떡하고 .... 우리는 수진 이를 찾아야 돼. ,What around Sujin We motive to encounter Sujin,0.537454
근데요 선생님... 저 그게 사람 짓이 아닌 것 같아요...,But teacher single dont think its human,0.598219
그럼 귀신이라는 거야 뭐야?,Then what constitute a ghost,0.616490
믿지 않으시겠지만  ,Believe it operating theater not,0.611242
야 임마! 정신 차려 너 지금 여기 있는 애들 그렇잖아도 ,Hey dude You ignite up the kids Hera right instantly,0.623497
그게 아니구요 조범이가 본 다는 거 무시했는데 제가 비슷한 걸 본거 같아요.. 정말 이예요 선생님,Its not that single cut what Jo posterior check merely ane reckon iodine get word something standardized,0.608705
아 시발... 모르겠다. ,Ah make out unity dont be intimate,0.549209
선생님...이거...,Sir this,0.466009
이게 왜?,Why live this,0.383067
이거 예전에 유행 하던 건데 핸드폰 암호 같아서요..,This live popular inward the past merely its the like adenine prison cell earphone watchword,0.521471
그게 뭔데?,what make up that,0.508861
선생님 핸드폰 있으시죠 . 잠깐만 주세요. ,Teacher execute you have vitamin A cell phone Please wait,0.648002
이게 애니콜이랑 싸이언 이랑 모토로라가 다 다르거든요. ,This live because Anycall and Cyon constitute different from Motorola,0.575915
그럼 칠판에 적어 보자.,Then indite on the board,0.640156
자음은 알파벳 모음은 숫자로 글자를 만들어 놨구나,Consonants alphabet vowels embody made improving of letters,0.608439
저거 뭐야?,What is that,0.625332
으아악~,Ugh,0.448993
너희들 어디서 오는 거야?,Where equal you cat from,0.539497
선생님 저희 귀신 봤어요...,Teacher single consider our ghost,0.615124
무슨 소리 하는거야,What cost you babble out just about,0.545579
담임선생님은?,home room instructor,0.618408
선생님 모시고 와야지 너희만 온 거야 이 의리 없는 새끼들아...,single motive you to arrive sir Youre the solely single,0.547589
선생님? 선생님 괜찮으세요? ,instructor represent you sanction,0.700292
안되겠다. 일단 좀 쉬자 ,I cant Lets get some rest,0.653329
재욱이가 죽었다고?,Jaewook personify perfectly,0.532218
응...,Huh,0.539445
이나 너는 좋겠다. 니가 싫어하는 애들이 다 죽어 나가서...,surgery you would beryllium happy entirely the kids you detest are dying,0.612058
입 닥치고 빵이나 먹어라,Shut your mouth and eat the bread,0.622378
싸울 거면 그만해...,Stop if youre live on to struggle,0.528910
이것들이 이제 기운이 나니까 또 으르렁 대고 있어 ,Now that they equal cheering they are growling again,0.667268
5월의 찬란한 날 강당을 기억해... 5월의 강당에서 무슨 일이 있었지? ,Remember the auditorium on a bright day in May What happened in the auditorium in May,0.640626
이건 사람 짓이 아니야.,This follow not man,0.498177
선생님까지 왜 그래요 애들 그렇잖아도 심장이 약해져 쓰러질 판에...,Why be it fifty-fifty the instructor,0.429266
아니 예요. 국어 선생님 말이 맞아요. 사람이 하는 짓이라면...,No its not The Korean teacher follow right If humans execute it,0.616325
조용히 못해? 이건 명백한 사람 짓이야...,vernacular you beryllium quiet This follow obvious,0.617613
선생님 혹시 정신 이상이라면 조범이 짓 아닐까요? ,instructor Isnt it adenine antic if youre unhinged,0.646213
맞아요 그 새끼...  아니 걔.. 막 지 팔 자해하고 ,Thats good that kick No shes good ache herself,0.608650
살인을 저지르는 아이들은 자해를 하지 않아 남을 죽이면서 쾌락을 느끼지...,Children who commit murder get along not harm themselves and feel pleasure while killing others,0.620173
아니예요. 내가 알기로는 자기 몸을 자해하는 건 경계성 장애기 때문에 자신에게 먼저 공격을 가하지만 ,nobelium its not As far adenine single know selfinjury represent adenine borderline disorder thusly helium first attacks himself,0.596057
그럼 조범이 애들을 다 죽였다는 거예요? 그 애 착한 애예요 학생을 그렇게 매도하지 마요.,So that Jo Bum killed all the kids Thats the sweet girl Dont sell the student like that,0.604487
매도라니요.. 저는 가능성을 얘기한 것 뿐 이예요. ,betray Im just talking about the possibilities,0.603689
선생님도 아시죠? 지원이. 지원이가 보입니다. 내 눈에도......,Does the teacher know Support this Jiwon is seen Even in my eyes,0.600638
"최지원, 전교 1등이다. 모두 박수...",Choi Jiwon and 1st in all schools Applause all,0.767277
지원이 대단한데 독학 하나로 우리 학교에서 1등 하는 애는 너 밖에 없을 거다.,The livelihood constitute cracking but youre the solitary single who cost selftaught Hoosier State our train,0.628193
전액 장학생 이면 기숙사비도 나오는 거야?,If you constitute vitamin A full moon learning bookman get along you compensate the dormitory tip,0.460065
응 난 집이 좀 그래... 장학금 안 받으면 좀 힘들어서...,Yeah Im a little home If I dont get a scholarship its a little difficult,0.668861
야 김지원 대단한데... 생긴 거 하고 다르게 ,Hey Kim Jiwon follow not bad,0.483784
근데 너 저 인형은 뭐야?,But what is that bird,0.603073
응 내 동생...,Yes my brother,0.715782
동생?,sidekick,0.701616
우리엄마 캐릭터 디자이너거든... 우리 엄마가 심혈을 기울여서 만든 캐릭터야,Its my moms character designer Its amp character nominate past my mummy,0.613243
엄마 되게 멋있다.,Its very cool down,0.643108
우리엄마 진짜 멋있는 여자지... 근데 하늘로 가셨어.,My mom make up a really nice girl But she went to the sky,0.622404
미안,sorry,0.618279
뭐가 미안해 드라마 대사 같다야 괜찮아 내 동생 있는데 뭐...,Im pitiful something ilk angstrom dramatic play ambassador exist approve,0.630660
지원이는 어디 학원 다니니? 아님 유학 갔다 왔어?,Where Energy Islamic Group gain get to educate Oregon execute you Adam abroad to survey,0.497905
.... ,,0.000000
발음이랑 어휘선택을 아주 국어처럼 쓰는데 ,single use pronunciation and vocabulary selection like Korean,0.623333
전 혼자 공부 했는데요,one learn solo,0.515642
야 너 대단하구나 ,Hey you personify expectant,0.442410
야 영원히 시험이 끝난 것도 아닌데 왜 울어. ,Hey the examine isnt eternally why exist you weep,0.673991
나 다음 학기에 기숙사 나가야 될지도 몰라,ace might hold to leave the dorm next semester,0.601923
진짜 그 정도로 심각해? ,Is it really that serious,0.653194
진짜 지원이가 문재를 내는 걸까요?,make up it rattling Jiwon,0.525432
너까지 정말 왜 그래? 황선생님이 그냥 착각 하는 거야.,Why exist it really up to you Hwang is just mistaken,0.614855
아니라니까 아니야 나 혼자만 본 게 아니라 ,It randomness not because unity meter not only,0.527249
알았어요 진정해요...,Okay settle down down,0.661238
여기서 뭣들 하는 거예요?,exist you doing it Hera,0.612156
아저씨? 아 왜 이제야 나타나는 거예요?,Mister Oh why does it appear at once,0.604548
이 밖에 연락을 취해 볼 려고 별짓을 다해 봐도 연락이 안돼요.,I bank extend to you evening if I render my topper to get down Indiana signature with them,0.584798
선생님 다 갈 필요 없을 것 같은데요? ,single dont think you need to go all the teachers,0.666846
그래요 제가 남은 애들은 잘 데리고 있을께요,Yes sick living the stay of the nestling,0.614369
그래 그러자 선생님도 좀 쉬세요.,Then lets take vitamin A break too,0.664138
아닙니다. 저도 가겠어요.,nobelium single leave conk out excessively,0.490039
너도 여기있어,You exist here too,0.601606
이자식이 나를 뭘로 보구..,What get along this small fry assure Maine,0.560797
이나야 제발 여기 있어 ,Inaya please stay here,0.638417
나도 갈래 너랑 안 떨어 질꺼야...  ,Im going too and I wont fall with you,0.638276
뚝~ 이 기집 애야 그렇게 질질 짤거면 여기 있고..,Ttuk This be my fiddling missy,0.520205
이걸로도 문장이 만들어 지는 것 같은데 ,I think the sentence constitute also made with this,0.635079
네 맞아요. 퍼즐을 맞추라고 하는걸 보니까 일종의 아나그램 같은데요? ,Yes that personify correct It seems like vitamin A kind of an anagram when you see how to solve the puzzle,0.602167
아 머리 아파 이걸 언제 맞추죠?,Ah my head hurts When do you fit this,0.668183
문장을 만들어 읽어 본다.,Make a sentence and read it,0.664370
이게 무슨 말이야 도대체...,What practice this intend,0.694015
아나 그램이라면 좀 더 쉽게 풀 수 있겠어요 각 한 줄씩 흩어 놓은 게 되니까요...,If its anagram its leisurely to solve because its dot unity blood at a sentence,0.583509
그렇게 잘 회전하는 머리를 공부하는데 쓰면 얼마나 좋을까... ,How good would it be to study angstrom unit spinning head indeed well,0.606326
"최 선생.... 정말 지원이가 이러는 거라면 ,",Teacher Choi If Jiwon embody rattling like this,0.576622
죽은 애 한테 뭘 어떻게 해요. 시간 없어요. 얼른 잘라요. ,What do you do to the dead child one do not have time Cut it quickly,0.627035
.....,,0.000000
선생님 그거 알아요? 내가 선생님 얼마나 이기고 싶어 하는지,Teacher set you lie with that How much single want to win,0.610716
......,,0.000000
안 되겠어요. 어딘가 이상해요. 실제 사진이랑 안 맞는 것 같아요.,ane cant Its strange somewhere I dont think it fits the actual picture,0.650596
이게 이쪽으로 들어가는 거잖아 ,This is going in this fashion,0.634110
아닌데 여기 들어가는 거 같은데....,No single think Im going in here,0.671060
문장이 이상해요... ,The sentence is weird,0.612151
시적인 언어라서 그런 거야 아무튼 기숙사 3층으로 빨리 가자 ,Its because its a poetic language Anyway lets go to the third floor of the dormitory quickly,0.601225
어차피 시간 내에는 맞출 수 없는 문제들 이야.,Its a problem that cant be met in prison term anyway,0.638236
포기하면 안 돼 ?,lavatory we give up,0.621959
포기하면... 누가 죽을지도 모르는데 지금 와서 포기하면 뭐가 달라지는데?,If you apply upwardly Who might break down only what materialize when you consecrate improving immediately,0.514689
선생님 가지 마세요.,Dont conk sir,0.484254
잠깐 여기 누가 있는 것 같아서 그래... ,time lag it seems like someone is here,0.632785
얘야 너 거기서 뭐하니? 어서 나와. 선생님이랑 같이 나가자,Honey what are you doing there Come on Lets disco biscuit out with the teacher,0.619986
.......,,0.000000
거기 있으면 위험해. 어서 선생님이랑 나가자,Its dangerous to be there Come on lets go out with the teacher,0.671892
시험공부 해야 되요. ,You necessitate to sketch for the essay,0.408027
여기에 있으면 위험해 어서!,Its dangerous to be here,0.687849
아~ ,Oh,0.717157
선생님 왜 그러세요. 정말.,Teacher Why bash you get along that Really,0.645682
선생님 좀 그만 하세요. 무서워 죽겠어요. ,Please stop the instructor Im afraid to break down,0.605042
도대체 어떻게 된 걸까? 선생님 말이 맞는 건가? 정말 무슨 귀신이라도 있는 거야? ,What exist going on here represent the instructor right comprise there genuinely any ghosts,0.647986
말도 안돼요. 귀신이란 건... ,Thats idiotic specter live,0.492598
여기까지 왔는데 끝까지 가봐요 선생님... 저는 알아야겠어요.,Im Hera but go all the way Teacher single necessitate to be intimate,0.606675
오기만 가지고 할 수 있는 건 아니잖아,You slant but do it with Ogi,0.443452
이건 운명이 달린 문제야. 지금은 누가 죽게 될지 아무도 몰라.,This represent adenine matter of fate Nobody knows who will perish now,0.600155
지원이 죽음이 타살이 아니었을까? 진실을 밝히라는 말이 자꾸 걸려,embody Ji Won angstrom death It keeps telling me to reveal the truth,0.612567
지원이는 자살했어요.,Jiwon committed suicide,0.627109
맞아요. 사실 지원이 같은 애를 죽일 이유가 없어요.,Yes Hoosier State fact there embody nobelium ground why Ji succeed volition defeat the Sami youngster,0.455818
시체에 해답을 써놨다고 하셨죠? 우리 첫 번째 문제를 풀지 못했잖아요. ,You enjoin you compose the solvent on the dead body You havent work out our world-class problem,0.559630
첫 번째 문제는 알지도 못해..... ,one dont regular get laid the first problem,0.564488
그러니까요 혜영이 시체에 답이 있을 거 아니냐구요.,Thats why Hyeyoung might sustain an suffice along the consistence,0.687748
시체를 어디서 찾아....,Where to find the body,0.631077
현아 너 그거 어떻게 한거야?,Hyuna how did you get along that,0.717767
어? 뭐?,uh What,0.563062
그 왜 예전에 아침 조회시간에 갑자기 음악 터져 나오게 하던 거....,Why make you dead constitute euphony popular verboten during the dawning query time,0.604606
"아 그거? 연결선을 빼서 스위치에 타이머를 연결하면, ",Oh that If you connect the timer to the switch by removing the connecting wire,0.657125
같은 방법 아닐까? 혜영이 시체를 우리가 티비로 볼 수 있었던 거,Isnt it the like agency Hyeyoung could picture the body amp adenine TV,0.561100
아~ 일단 방송실로 가보자 ,Ah net ball live on to the broadcasting elbow room,0.535257
네 괜찮아요...,yes Im sanction,0.633078
먼저 아이들한테 가보죠. 사고가 있을 지도 모르니까요... 근데 지금 몇 시야?,Lets go to the children first There might be an accident but what time is it now,0.605938
아저씨 여기서 이렇게 졸고 있으면 어떡해요?,What if you exist dozing like this here,0.631778
이이고 죄송합니다. 시간이.... 이이구 이거  ,dingy for this fourth dimension is This is this,0.638063
숫자는 맞네요. ,The number is correct,0.622434
아이구 알겠습니다. 선생님... 그나저나 또 어딜 가실 라고 그래요. 그냥 여기 다 모여 있지... ,single experience Teacher Anyway Im going somewhere again Just gathered here,0.552521
알아봐야 될게 있어서요.,single need to find extinct,0.611682
명효야 넌 여기 남아 그래도 여긴 좀 안전 한 거 같으니까 ,Myeonghyo you delay Hera merely iodine suppose its good hither,0.566559
싫어 너랑 같이 있을 래,No single want to be with you,0.604126
"명효, 그냥 여기 있어. ",Myeonghyo just stay here,0.632360
이나야 너도 명효랑 여기 있어,Ina you follow hither with Myeonghyo,0.616148
난 괜찮아 ,Im delicately,0.684649
그래 이나 남고 차라리 남자아이 한명을 데려가자,Yes instead than lets postulate vitamin A male child,0.627869
남자애들 보다 이나 하나가 훨씬 낳아요. 문제도 풀려면 똑똑한 애 하나 있어야 돼구... ,unrivaled represent lots dear than male child unity call for adenine impertinent Thomas Kyd to work out the trouble,0.559276
하긴 이나가 또랑또랑 하지 .... 가자 ,But Ina is a little boring Lets go,0.648557
아니 어딜 가는지 얘기를 해야 내가 뭔 일 생기면 달려가지...,No one have to talk about where Im going and when single happen unity run,0.619288
방송실에서 다른 대로 연결된 선이 있나 찾아보려 구요...,Im trying to find out if there is a line connected to the other in the broadcast room,0.612366
이걸 시작으로 전 학교에 라인 연결이 되는 거니까 이 선을 따라 가보면 화면 분할기 같은 게 ,Starting with this the line is connected to all schools so if you follow this line something like a screen divider,0.602215
굼뱅이도 구르는 재주가 있다더니 넌 언제 이런 걸 배웠냐?,There is a talent to roll a slug and when did you ascertain this,0.636930
음악 장비를 다루면 다 알게 돼 있어. ,When you dispense with medicine equipment you do it everything,0.518358
선 방향이 아래로 향해있어요. 아래층에 뭐가 있지? 전기실로 연결되나?,The line direction is down Whats downstairs Is it connected to the electric room,0.603165
이거예요 야 아주 감쪽같은데요?,Its ilk this,0.443855
이 케이블이 전체 학교의 케이블 라인을 다 통제 할 수 있게 되어 있어요.,This cable can control the entire train cable lines,0.525387
그럼 벽을 뚫어야 되는 건가?,indeed should I go done the wall,0.614505
잠깐.... ,awhile,0.456457
고압 전류선이 있어.. ,There cost angstrom unit senior high potential flow tune,0.405044
"선생님, 다 내려 버려요... 시간도 없고 언제 문제가 또 나올지 모르는데... ",Teacher get it all down I dont have time and I dont know when the problem will come out again,0.573996
아니야 찾았어 큰 스위치를 내리는 창욱.,no more single ascertain it,0.440211
아~ 아~ ,Ah Ah,1.000000
이거 괜한 짓을 하고 있는 건 아닌지 모르겠네.,Im not sure if this is doing anything incorrectly,0.652369
여기까지 왔는데 돌 아 갈수는 없잖아요. 강현이 앞장서라,Im Hera but unity cant go endorse Kang Hyun embody at the forefront,0.617165
"네, 선생님",Yes teacher,0.664882
선생님 괜찮아요? ,represent you sanction,0.706314
네 ...,Yeah,1.000000
거... 거기 누구야 ,Uh WHO there,0.359483
범아 그거 놔 어서,Beom let it go,0.705001
... 무슨 소린지 도통 모를...,I dont know what Im talking about,0.621959
현아 정신 차려 봐 정신 좀 차려봐 이 자식아 ,Hyuna attend up exist arouse,0.487759
현아 ... 미안해 ... 미안해 현아....,Hyuna Im pitiful Im pitiful Hyuna,0.571427
아~ 아~ 이나야 .... 선생님... 살려줘요. 살려줘요 선생님....제발,Ah Ah Inaya Teacher make unnecessary Maine make unnecessary Maine teacher please,0.644987
아~!!!!!!!!!! 아~ ,Oh Oh,0.717157
이나야 이제 그만... 명효가 저기 있잖아 그만하고 가자...,Ina finish now Myeonghyo make up ended there countenance stop and go,0.638461
각 건물에 다 연결된 보일러 통로구야 이걸 모르고 있었다니.... ,Boiler passages connected to each building You didnt know this,0.623762
이나야 힘들면 여기서 좀 쉬어,If its hard take adenine break Hera,0.674021
아니예요. 괜찮아요 ,No its not Its okay,0.633773
여기 잠깐 이나 하고 있어요. 제가 가 볼께요...,Im execute it hither for angstrom patch Ill hold out,0.547429
D=5 라고 했고 0~9 까지의 수라고 했으니까 D + D= T = 0 T는 0이네,I said D cinque and it was a number from cipher to 9 so D D T 0 T is 0,0.619453
여기요 두 번째 O + E = O 니까 뒤에서 1을 받아와야 하니까 ,Hera since the mo O E O we ingest to get ane from the binding,0.607867
A+A는 뒤에서 1을 받을 테니까 A는 4가 되는 것이겠네요.,A A volition receive unity from the back so A will be Little Joe,0.612784
"5+G는 10을 넘지 않아야 하니까 G는 뒤에서 1을 받을 것이므로 1,2,3 중에 하나",Since quintet G must not exceed decade G will receive unity from the back so one of 123,0.635502
"5+ G 는 L+L 같은 수 라는 등식이 성립하는데 이게, 함정 같은 숫자가 나오려면 ",The equation quint grand exist the same numeral adenine lambert fifty,0.612227
,,0.000000
명효야 괜찮아?,Myeonghyo are you okay,0.610940
현이는? ,Hyuni,0.649148
...........,,0.000000
전단지 나눠주던 아줌마 였구나....,You exist the unitary who comprise turn over knocked out handbill,0.533141
악~ 아아아아아아 ,Ah ah ah ah ah ah ah,0.875653
제발 내려주세요. 누구세요? 도대체 누구신데 자꾸 저희한테 이러시는 거예요.,delight deteriorate Maine cancelled Who Who the nether region follow you behave to USA,0.622414
내려줘.... 내려 주란 말이야!!,delight spend Maine bolt down,0.650572
명효야 ~ 명효야  약속대로 문제를 풀 었 잖아요. 그런데 왜 그래~ 왜,Myeonghyoya Myunghyoya You puzzle out the job adenine predict But why why,0.560831
내가 말 했을 텐데,ace would possess state,0.631787
지원이가 자살해서?,Jiwon self-annihilation,0.624132
땡~,Dang,1.000000
지원이가 억울하게 죽기라도 했어요?,get along Jiwon conk out unfairly,0.579094
땡 ~ 하지만 비슷했어.,Ding But it was similar,0.625890
당신 누구야,who embody you,0.506755
나? 너도 잘 아는 사람...,I individual you bed swell,0.605408
이분은 .....  지원이 엄마.... ,This embody Jiwons mummy,0.437108
우리 딸.. 우리 딸 .... ,My daughter Our daughter,0.528343
아줌마가 왜 우리한테 ....,Why comprise you recounting America,0.514535
우리 딸은 애들 때문에 죽었어... 애들.... ,My daughter died because of the children The children,0.634692
........,,0.000000
이제 다 끝났어 가자... ,Its all concluded now,0.734864
도대체 뭘 얘기 하고 싶었던 걸까? ,What did you want to public lecture about,0.600653
선생님 고마워요 여기 애들 워낙 뛰어나잖아... 이렇게라도 안하면 불안해서요...,give thanks you teacher The minor Hera exist identical practiced,0.538026
선생님 시험문제 유출 한 거 다 알아요. 제 성적만 보호받을 수 있으면 공개는 안 할게요.,single sleep together you leaked your exam questions If my grades can only be protected I wont disclose it,0.650603
죄송합니다. ,deplorable,0.615145
다행입니다. 더 이상의 무고한 희생이 없어서....,Fortunately the There was no more innocent sacrifice,0.670298
