Original(Korean),Basic Translation(google trans),comp1 score,comp2 score,comp3 score
아야 ~ ,Ouch ~,0.571548,0.697850,0.619948
뭐가 웃겨 이것들아 아파죽겠는데...,What's funny is that these things will hurt ...,0.574470,0.650356,0.730696
괜찮아? 어디 봐?,OK? Where do you look?,0.480723,0.448948,0.770042
아 ~ 괜찮아 ,Ah ~ it's okay,0.538362,0.641591,0.764990
이구 이 덜렁아 ~ 지진 나는 줄 알았다. ,I think this is a sloppy ~ earthquake.,0.576193,0.677298,0.777013
하~ 꿈꿨어 .... 하 뭐 이런 꿈을 꾸지?,Ha ~ I had a dream .... ha What are you dreaming like?,0.626120,0.626070,0.776989
이 빨갱이들.. 하필이면 시험 마지막 날 쳐들어오고 있어. 명효야! 그거 하나만 .... ,These reds ... They're coming in on the last day of the exam. Myeonghyo! That's only one ....,0.592609,0.635877,0.788147
웬 양이 이렇게 많아? ,How many are there?,0.484442,0.603608,0.759847
이게 진짜 죽을래? 이거나 도와줘 ,Will this really die? Or help me,0.508621,0.595807,0.825781
아 배야 아~ 어제 라면 먹지 말걸. 명효야 이것 좀 걷어서 세면장으로 와 .  아~,"Ah, my stomach ah ~ Don't eat ramen yesterday. Myeong-hyo, come walk to the toilet. Oh~",0.555230,0.577498,0.792926
아 똥.... 야 좀 빨리 나와 . 아아 !!,"Oh shit ... Hey, come out a little faster. Ah !!",0.532896,0.622181,0.743914
누가 이나 좀 도와줘라. 오늘 빨갱이 쳐들어와서 신경이 예민하시다. ㅎㅎ,"Someone help me. Today, red pepper comes in and is nervous. hehe",0.492464,0.604099,0.799686
이명효.. 너 볼일 보고나서 두고 봐 죽었어....,"Lee Myeong-hyo .. After seeing your work, I left you dead ...",0.466631,0.512883,0.766368
너 그러다 싸겠다. ,You will be cheap.,0.514202,0.616224,0.781197
야!,Hey!,0.323217,0.323217,0.540353
응 영양제 먹었어. 엄마. 응 알았어... ,"Yes, I took a nutritional supplement. Mom. yea, I got it...",0.548649,0.685850,0.804569
전화 좀 나가서 받을래?,Would you like to go out and answer the phone?,0.545500,0.589374,0.727698
엄마 끊어  남 상관 말고 니 할일이나 해,"Don't care about your mom, do your job",0.456066,0.586407,0.807992
여기 너 혼자만 있어? 신경 쓰이니까 나가서 전화 하라구 . ,"Are you alone here? I'm worried, so go out and call me.",0.443854,0.559647,0.821952
엄마 없는 건 니 사정이지 나한테 왜 그래,"It's your situation without a mother, why do you do that to me",0.613381,0.580591,0.752352
뭐 이 새끼야? ,What is this kid?,0.688380,0.711644,0.791085
강이나 좀 조용히 하자. 공부하는 사람들 있잖아 ... ,Let the river be quiet. There are people who study ...,0.544783,0.581175,0.806552
입에 금수저 물고 난 자제분들 이라고 서로 편먹는 거니 너 네들.... ,Are you guys complaining to me that I'm a child who has a gold spoon in my mouth?,0.557311,0.606879,0.763696
말이 좀 심하다.,I'm a little speechless.,0.572503,0.556512,0.698043
엄마 놓고 이상한 소리 해댄 건 니들이야,It's you who made a strange noise over your mother.,0.521366,0.567179,0.756001
내가 언제 엄마를 걸고 넘어졌니? ,When did I fall on my mother?,0.446233,0.567141,0.833058
학교에서는 엘리트 행세 다 하고 다니면서 니들끼리 이상한 말 퍼트리고 다니는 거 ,"At school, you're all elite, spreading strange words among yourself.",0.487603,0.646794,0.834430
말 좀 가려서 해라. 추하다.... 너 엄마 없는 건 사실이잖아,Do some hiding. Ugly ... It's true that you don't have a mother.,0.532593,0.580137,0.769456
이것들이 선생님들까지 벌벌 기니까 뵈는 게 없지?!,"Since these are punished even by the teachers, there is nothing to lose!",0.652214,0.670287,0.756300
그거야 능력이지... ,That's the ability ...,0.644769,0.749357,0.696296
아니지 편법이지,"No, it's a shortcut",0.544886,0.649821,0.695939
너랑 상대하는 시간이 아깝다. 선생님한테 그대로 얘기해 줄까?,It's a waste of time dealing with you. Would you like to talk to the teacher?,0.545814,0.656489,0.807248
육성회장님 한테 얘기하는 게 아니구?,You're not talking to President Foster Sung?,0.594375,0.630860,0.772983
억울하면 넌 강현한테 일러. ,"If it is unfair, you will tell Kang Hyun.",0.601444,0.655631,0.740766
너 되게 유치하구나.,You are so childish.,0.464529,0.585282,0.803550
"야야 주번, 일루 와~ 이거 장난감 핸드폰 아니야? 다시 가져와 임마","Hey, lord, come on. Isn't this a toy phone? Bring it back dude",0.493972,0.642070,0.818173
아 새끼 거 냄새난다. 임마~ 얼마나 마신거야?,"Oh, it smells like a baby. How long have you been drinking?",0.585497,0.585497,0.724795
김세임  땜에 죽도록 마셨어요. 중간에 도망가면 어떡해요.,I died because of Kim Se-im. What to do if you run away.,0.478548,0.576551,0.828989
시험문제 검수하느라고 전날 날 꼬박 샜어 너무 피곤하더라고.,I was so tired that I woke up the day before checking the test questions.,0.558022,0.577653,0.778091
선배는 시험을 무슨 예술로 보는 경향이 있어. 대충 퍼다 가 내면 되지.,Seniors tend to see the test as an art. You just need to spread it out.,0.547068,0.670616,0.822759
야 임마 내신 하나에 애들 미래가 달라져... 변별력 있게 내야지 너처럼 대충 하면 되겠어? ,"Hey guys, the future of the kids is different for one ... I have to be discerning.",0.496285,0.628896,0.819105
선배가 고민해서 안해도 우리학교 애들 다 지들이 알아서 열심히 해.,"Even if my seniors don't worry about it, all the kids in our school take care of it.",0.638776,0.637793,0.771747
네 안녕 하세요 선생님,Yes hello teacher,0.398817,0.693652,0.871929
왜 이렇게 안색이 안 좋으세요.,Why are you so uncomfortable?,0.567580,0.624500,0.719341
그런가요?,is that so?,0.688983,0.724949,0.636149
저 샘은 웃는 걸 본 적이 없어 ,That Sam never saw me smile.,0.520535,0.644321,0.784964
어때 이쁘잖아,How's it pretty,0.639844,0.639844,0.740734
아니 학교에 아직도 담 넘어 다니는 학생이 있다니 이게 말이 되요? ,"No, does this make sense that there are still students in the school still walking over the walls?",0.588000,0.618747,0.738910
너 지금 뭐하는 거니? ,What are you doing now?,0.442784,0.580716,0.861276
.............,.............,1.000000,1.000000,1.000000
다시 풀어. 장난하지 말고...,Release again. Don't be kidding ...,0.543545,0.624978,0.795798
왜 그래? 무슨 일 있어?,What is it? What's going on?,0.751733,0.768414,0.753235
시험지가 이상해요...,The test paper is weird ...,0.540391,0.549511,0.716634
너무 긴장해서 그래 .. 천천히 풀어... 자~ 일어나,I'm so nervous .. Slowly release it.,0.506374,0.658700,0.814311
망했어 난 망했어....,I'm screwed I'm screwed ...,0.475962,0.576680,0.736718
오. 마이갓 정말이야? 답이 이거야?? ,Five. Really? The answer is this ??,0.468864,0.632493,0.764712
"시험도 끝나고, 날씨도 예술이고... 일찍 끝났는데 뭐 재밌는 거 없나?","The exam is over, the weather is art ... I ended up early, is there anything interesting?",0.609990,0.653543,0.758910
이거나 널어. ,Or it's up.,0.554084,0.592554,0.642905
너 양이 많은 걸 보니까 스트레스 너무 많이 받은 거 아니야?,"Seeing that you have a lot, didn't you get too much stress?",0.535414,0.691137,0.807410
정말 오늘은 최악이다. 꿈땜에 그런가?,It really is the worst today. Is it because of your dreams?,0.547697,0.605399,0.758375
무슨 꿈? ,What dream?,0.622729,0.674792,0.807001
얘기했잖아. 이상한 꿈 꿨 다구... 하~ 시험 잘 봤어?,I told you. I had a strange dream ... Ha ~ Did you do well on the exam?,0.571782,0.554601,0.773980
응 느낌이 좋아 꿈땜에 그런가?,"Yes, I feel good, is it because of my dream?",0.583225,0.668478,0.725015
무슨 꿈?,What dream?,0.622729,0.674792,0.807001
원빈오빠랑 자는 꿈... ,Won-bin's dream of sleeping ...,0.731790,0.668694,0.722548
빈 오빠가 미쳤냐? 너하고 자게?,Is your empty brother crazy? Sleep with you?,0.489258,0.548479,0.736076
꿈인데 뭐...,It's a dream ...,0.566626,0.541222,0.801676
"안 돼, 꿈도 허락 할 수 없어. ","No, I can't even allow dreams.",0.484370,0.599607,0.792511
막~  해주는데 정말 하는 거 같더라니까,I'm just doing it but it seems like I'm really doing it,0.664215,0.664215,0.748287
아~ 안돼 미친년.... 일루와 ,"Ah ~ No, crazy girl ... Illuwa",0.542335,0.664957,0.783312
으구 기집 애 이제 좀 웃네..,"Ugh, little girl, now laugh a little ...",0.638426,0.706598,0.748496
여기가 여자 기숙사 옥상이구나?,Is this the rooftop of a female dormitory?,0.557983,0.569356,0.703967
어머~ 현아 ,Oh ~ Hyuna,0.680863,0.499568,0.790957
너 여기 어떻게 왔냐? ,How are you here?,0.301912,0.531200,0.844363
이 오빠가 못 가는 데가 어딨겠냐.  ,Where can this brother not go?,0.401260,0.597023,0.776612
사감 선생님 오기 전에 가라,Go before the sensational teacher comes,0.675352,0.657505,0.710220
200일주 한잔 해야지. 스트레스도 풀고...,I need a drink for 200 weeks. Relieve stress ...,0.558074,0.629226,0.808619
어 진짜 200일 밖에 안 남았구나..,"Uh, there are only 200 days left ...",0.486912,0.581376,0.830236
뭘 또 맞장구 치고 있어...,What else are you playing against ...,0.672022,0.672022,0.780231
중간고사도 끝났는데 클럽 놀러 와라 파티 한다.,"The midterm exam is over, but we come to the club to party.",0.511385,0.549955,0.744771
너나 파티 하세요. 학교를 왜 다니는지 도무지 알 수 없는 정신없는 놈아. ,Have a party with you. I can't figure out why I go to school.,0.495052,0.610896,0.852980
꼭 와야 돼. 니들 안 오면 내가 납치하는 수가 있다. 내가 맘먹으면 할 수 있다는 거 알지?,"Must come. If you don't come, I can kidnap you. You know I can do it if I like it?",0.499771,0.617809,0.845889
그래봐 그랬다간 죽는 수가 있다.,"Yes, then you can die.",0.427518,0.709906,0.886356
제발 납치해 줬으면 좋겠다.,I hope you kidnapped me.,0.413231,0.564692,0.854027
지랄을 해요.. 아주~,I'm fucking ... very ~,0.496268,0.518954,0.734885
아 왜~ 멋있잖아. ,Oh why ~ It's cool.,0.601831,0.635312,0.787017
아 뭐야 진짜 이런 거 공개 안하면 안 돼? 이런 거 공개하는 학교가 어딨어 짜증나 ,"Oh, what can we really do? Why is it annoying to have a school that releases this?",0.495239,0.638270,0.823825
아 시발 ~ 한 등급 또 떨어 졌어.,Ah fuck ~ one grade fell again.,0.556069,0.707756,0.770907
이나야? 괜찮아?,Ina? OK?,0.451450,0.655414,0.891026
어? 어.... 내가 뭐 천재냐? 매번 장학금 타게.,uh? Uh ... what am I a genius? Get a scholarship every time.,0.614925,0.636479,0.760567
그래도....,still....,0.734847,0.779289,0.624989
걱정 하지마. 윤명효! 4등 등극을 축하한다! 딸기우유나 한잔 쏴라,Do not worry about it. Yoon Myeong-hyo! Congratulations on your fourth place! Take a glass of strawberry milk,0.560712,0.590480,0.761189
쥐포도 쏠게 ,I'll shoot the grapes.,0.575290,0.575290,0.731368
좋지,good,0.461880,0.666667,0.678179
3학년 1등 또 황선생 반이네 대단해. 어떻게 황선생은 어떤 애들을 붙여놔도 1등이네.,"Hwang Sensei's class is also great. No matter how many kids you attach, Hwang is the first place.",0.584425,0.643008,0.790560
애들이 열심히 해서 그런거죠 뭐,It's because the kids worked hard.,0.545061,0.651657,0.777514
최선생... 분발 해야겠어 . 3등으로 떨어졌어요.,Best student ... I have to try. It fell to third place.,0.561901,0.605881,0.784133
죽일 거야 죽일 거야 다 !,I will kill you I will kill you all!,0.749672,0.749672,0.781689
야! 조범! 조용히 안 해! ,Hey! Jo Bum! Don't be quiet!,0.657302,0.657302,0.745883
뭐야 저 병신새끼. 시험 기간만 되면 아주 생 지랄을 해요.,"What is that asshole? After the trial period, I'm very sick.",0.546458,0.656342,0.802507
작년부터 애가 좀 이상해 왜 저래?,The kid has been a bit weird since last year.,0.674673,0.687381,0.761964
다친데 없어?,Are you hurt?,0.318785,0.593022,0.770184
어 ~ 괜찮아...,Uh ~ it's okay ...,0.502727,0.618012,0.791930
10분 뒤에 아침조회가 있을 예정이오니 학생들은 모두 운동장으로 나와 주시기 바랍니다.,"There will be a morning inquiry in 10 minutes, so all students are requested to come to the playground.",0.531603,0.624327,0.784015
조용! 조용! 선생님들께서는 속히 아이들을 정렬해주시기 바랍니다.,quiet! quiet! Teachers are expected to sort the children as soon as possible.,0.634389,0.636985,0.770062
노래 어때 ? ,How about singing?,0.530419,0.638502,0.777935
너 미친 거 아니냐?,Are you crazy?,0.404750,0.599230,0.774495
학교가 이런 맛도 있어야지 ...,School should have this taste ...,0.505423,0.646463,0.739559
너 나한테 잘 보여라 여차하면 신고해 버린다.,"If you still show me well, report it.",0.442560,0.602709,0.864359
강현! ,Ganghyun!,0.850210,0.850210,0.862516
니들은 들어가  또 너지? ,You go in and you again?,0.620846,0.695456,0.769981
"선생님께서는 왜 증거도 없이, 사람부터 때리세요? ","Why do you hit people first, without evidence?",0.520874,0.612060,0.816676
증거?  너 증거라고 그랬냐? 이 자식이.... ,evidence? Did you say it's proof? This child ...,0.588089,0.675484,0.734195
"이 선생, 흥분하지 말고, 그만 해요. 내가 알아듣게 얘기할게...","Teacher, don't get excited, stop. I'll tell you to understand ...",0.538178,0.630660,0.818050
넌 내가 담임이었으면 오늘 가만 안 놔둬...,"If you were my homeroom, don't leave today ...",0.490503,0.516772,0.813010
알았어요. 내가 교육 시킬께요. ,I see. I will educate you.,0.441482,0.667266,0.839589
"선생님, 긴급 교무회의 한다고 교무실로 바로 오시래요...","Teacher, I want to come to the teacher's office for an emergency academy meeting ...",0.565310,0.602817,0.732777
아 또 잔소리 꽤나 듣겠구만....,"Oh, I'm going to hear some nagging again ...",0.644816,0.614522,0.759943
선배 어떻게 할 꺼야... 지금 교장실 난리 났어요. ,What are you going to do ... The principal's office is in trouble.,0.597197,0.607687,0.732223
왜 틀린 거 하나도 없 더 구만 노래도 좋구...,"Why isn't there anything wrong, and the song is good ...",0.616007,0.648654,0.739054
반만 1등하면 뭐해요. 학교 이미지 다 망쳐 놓는데... ,What do you do if you are first in class? It ruined all the school images ...,0.509921,0.584842,0.757168
무슨 말을 그렇게 해요...,What do you say ...,0.399054,0.655211,0.848784
1학년 때 수학여행 가서 ,I went on a school trip in the first grade,0.575179,0.635963,0.750466
야 매로 다스릴 애였으면 벌써 그렇게 했어. 강현이 나쁜 애 아니야... 애를 이해하고 다스려야지 ,"If you were the one to rule with hawks, you already did. Kanghyun is not a bad boy ... I have to understand and govern him.",0.603229,0.612464,0.738351
하긴 뭐 애들 인기에 워낙 신경 쓰시니... ,But what do you care about kids' popularity ...,0.565987,0.607118,0.768127
내가 아이돌 인가? 결혼을 안 해서 애들 맘을 잘 모르시죠? ,Am I an idol? You're not married so you don't know the kids' mind,0.528770,0.579017,0.793646
왜 그래요 들 ... 열 받는 건 난데 왜 둘이 싸우고 난리야 ,Why are you guys ... I'm getting fevered.,0.428968,0.582481,0.876508
앉아요. 금쪽같은 수업 빼서 회의 하는 거니까 간단히 전달 사항만 얘기하겠습니다.,"sit down please. Since we're having a meeting without a class like this, I'll just talk about the details.",0.573486,0.658157,0.776945
네 ,Yeah,1.000000,1.000000,0.843826
아이들 발음문제 특별히 신경 쓰시기 바랍니다. 이번에 기대하겠습니다.,Please pay special attention to children's pronunciation problems. We look forward to this.,0.620098,0.591524,0.731446
네 ...,Yeah ...,1.000000,1.000000,0.843826
기획서 누가 작성 했습니까?,Who wrote the proposal?,0.449944,0.501928,0.810246
네 제가 했습니다. ,Yes I did.,0.418930,0.716061,0.833347
음  여기 나온 대로 진행 할 테니까 선생님이 전체 통솔을 맡아 주고.. ,"Well, I'm going to proceed as shown here, so the teacher will take care of the whole thing ...",0.563369,0.606473,0.779987
네 ... 반 학생 중에 영어를 좀 하는 녀석이 있어서 도움을 좀 청하려고 합니다. ,"Yes ... Some of my classmates speak English, so I'm going to ask for some help.",0.559199,0.655635,0.791466
그건 알아서 하세요. 하~ 오늘 아침조회는 도대체 뭡니까? 긴말 않겠어요.,Do it yourself. Ha ~ What's the morning inquiry? I won't say a long word.,0.542947,0.610747,0.827476
시말서 준비하셔야 겠네요 ...,You should be prepared ...,0.510165,0.592820,0.821793
이번 주말까지 성적 떨어진 사람 연습장 3권씩 채워... ,Fill in 3 practice books for those who have lost grades until this weekend ...,0.608524,0.618893,0.744367
니들 커서 나같이 선생이나 할래? 이 학교 나와서 연 고대 밑으로 갈 꺼야?,Would you like to be a teacher like me when you grow up? Are you going to go out of this school and go down to ancient times?,0.530666,0.609685,0.765539
선생님 저희 학원도 가야돼는데...,Teacher Our school also has to go ...,0.490014,0.592306,0.816145
신곡발표가 너무 요란했던 거 아니야? ,Wasn't the new song announcement too loud?,0.554715,0.656404,0.815896
죄송합니다. 선생님. ,Sorry. Teacher.,0.329027,0.722579,0.884438
선생님이 이번엔 커버해 준다. 노래가 좋아서 봐주는 거야... ,The teacher covers this time. I like the song because I like it ...,0.567542,0.646626,0.802440
선생님! 놀톤데... ,Teacher! I'm surprised ...,0.526641,0.574844,0.753601
그러니까 벌이지 임마 .... ,"So, dude, dude ....",0.396001,0.614346,0.834649
뭘 해야 하는지 는 알고.... ,I know what to do ...,0.294200,0.521268,0.871783
나와 보면 알아. 그럼 그렇게 결정 난거다. ,Look at me and know. Then it was decided.,0.584837,0.644642,0.807446
차라리 화장실 청소할게요. 선생님! 저 주말에 공연해야 돼는 데...,I'd rather clean the bathroom. Teacher! I need to perform that weekend ...,0.416219,0.627361,0.822674
아~ 내일 주말인데 다른 애들 다 집에 가고 이게 뭐야,"Ah ~ Tomorrow is the weekend, all the other kids go home and what is this",0.621771,0.608353,0.747470
야 영광으로 생각해. 그래도 학교 대표로 나가는 건데.. 나는 방도 우리만 쓰니까 좋구만...,"Hey, I'm honored. I'm still going to be the school representative.",0.443417,0.627431,0.853469
스무 명이 참가한다고 했나?  이나야 오늘 클럽 가자. 사감장도 없는데,Did twenty people say they would participate? Inaya Let's go to the club today. I don't have a supervisor,0.632116,0.608739,0.752824
기숙사 탈출하자고? ... 너 왜 갑자기 안하던 짓을 하고 그래,You want to escape the dorm? ... why do you do something you didn't suddenly do,0.545569,0.545569,0.777013
내가 점점 널 닮아 가나봐 히~,I'm getting more and more like you,0.546814,0.557098,0.809690
허~ 참. ,Huh ~ True.,0.733989,0.733989,0.807523
이나야 ...,Inaya ...,0.760372,0.760372,0.893358
그 한심한 놈이 그렇게 좋니?,Is that pathetic guy so good?,0.550796,0.738474,0.779657
응~,Yes ~,0.734847,0.900000,0.715132
그럼 좋다고 해~! ,Then say good ~!,0.568349,0.662535,0.828202
못 하겠어. ,I can't.,0.285481,0.591345,0.867247
내가 대신 말해줘?,Can I tell you instead?,0.600071,0.684450,0.749057
싫어. 안 돼.... ,Hate. No....,0.636526,0.690234,0.799809
너 혼자가! ,You go alone!,0.656926,0.570704,0.735775
"야 이나야, 너는 걔랑 친하잖아 나 혼자는 못 가겠단 말이야.","Hey ina, you're close to her, I can't go alone.",0.415901,0.607281,0.860409
몰라 기집애야 너 혼자가! ,"I don't know, girl, you go alone!",0.463485,0.550685,0.758485
거기 누구요?,Who is there?,0.388129,0.552260,0.720768
허허허헉.....,Huh huh huh ...,0.701027,0.680142,0.711466
뭐하는 거야? 거기서,What are you doing? at there,0.565638,0.595266,0.737242
뭘 보고 이러는 거야 지금... 어이 학생 왜 그래~,What are you doing here?,0.292559,0.552828,0.900109
대학생 맞아요? 이거 학생증 위조 한 거 아니죠?,Are you a college student? Isn't this a fake student ID?,0.597848,0.630276,0.768299
저희가 고등학생으로 보여요? ,Do we look like high school students?,0.585920,0.682425,0.740702
와줘서 고맙다.,Thank you for coming.,0.585003,0.585003,0.732926
나한테 고마울 거 없어. 명효가 오자고 해서 온 거야. 그래도 뭐 생각보다 재밌네. ,There's nothing to thank me for. It was because Myeonghyo asked to come. It's more fun than I thought.,0.613120,0.620297,0.770819
뭔데? ,What?,0.361824,0.778105,0.692295
너 같은 꼴통이 어떻게 우리 학교를 왔냐? 중학교 때 공부 좀 했냐?,How did a school like you come to our school? Did you study in middle school?,0.569349,0.621941,0.811276
비밀인데 너니까 얘기해줄게.... 학교에 버스 3대 사주고 입학했어.,"It's a secret, so I'll tell you ... I bought three buses and went to school.",0.574544,0.654769,0.800437
아~ 그래? 버스 3대면 우리학교 들어올 수 있구나... ,Ah ~ Three buses can enter our school ...,0.520030,0.627487,0.855326
겁 대가리 없는 건 학교지... 너 우리학교 비리가 얼마나 많은 줄 알어? ,It's school without fear ... How many do you know about our school corruption?,0.529100,0.620878,0.803781
너 또 다음에는 무슨 짓을 하려구,What are you going to do next time,0.584584,0.586035,0.804696
학교가 한번 발칵 뒤집어질만한 좋은 계획이 있지... ,I have a good plan for the school to flip over once ...,0.443672,0.559128,0.803684
너도 참 한심한 청춘이다. 그래 학교 다니는 또 하나의 이유가 뭐냐?,You are also a pathetic youth. So what is another reason for going to school?,0.539106,0.565034,0.771174
또 하나는 ....... 너. ,Another one ....... you.,0.502466,0.535167,0.708220
새끼 어디서 수작 피우기는.... ,Where do you smoke?,0.359256,0.504398,0.830437
수작이라니.... 나도 궁금한 게 있어,It's a masterpiece ... I have a question too.,0.535406,0.555656,0.715804
뭐,What,0.511696,0.511696,0.800700
왜 이렇게 장학금에 민감해?,Why are you so sensitive to scholarships?,0.625428,0.609299,0.752533
너같이 있는 놈들 한 테는 별거 아니지만 난 달라 더 이상은 묻지마. ,"It's no big deal for guys like you, but I'm different, don't ask any more.",0.574256,0.666801,0.808018
눈 풀어라. 느끼하다.,Release your eyes. greasy.,0.527839,0.598383,0.721277
야 근데 좃 밥이 뭐냐?,"Hey, what's her rice?",0.446185,0.564912,0.844786
어? 그런 게 있어 ,uh? There is something like that,0.603257,0.752403,0.739895
나중에 알려줘라 ... 야 이명효 가자,"Let me know later ... hey, let's go",0.495331,0.577135,0.829950
야 오늘은 특별수업인데 꼭 걷어야 되냐? ,"Hey, today is a special class, should I walk?",0.568964,0.684493,0.780961
악마의 입 냄새 가 걷으랬어. ,The devil's mouth told me to walk.,0.589164,0.589164,0.719911
마저 걷어서 복도 사물함에 놓고 와 ...,Even walk and put it in the locker in the hallway ...,0.592907,0.566046,0.734928
혜영 이는 아직 안 왔구요. 동혁이는 똥 싸러 갔어요.,Hye-young hasn't come yet. Donghyuk went to fight shit.,0.604769,0.628630,0.829857
웃음...,laugh...,0.528759,0.618648,0.727059
혜영이가 그럴 애가 아닌데... 무슨 일 있나? 이나야 너 기숙사 좀 갔다와봐,Hye-young is not a kid ... What's going on? I think you went to the dorm,0.531443,0.626802,0.848854
네? 네~,Yeah? Yes ~,0.831182,0.943431,0.691202
"조범, 너 언제부터 이랬니?","Jo Bum, when did you do this?",0.732504,0.646037,0.800897
시험 때만 되면 이상 한 게 보여요,I can see something strange at the time of the exam.,0.663198,0.668802,0.732620
뭐가 보이는데?,What do you see?,0.489863,0.604282,0.789438
여자요...무섭게 생긴...,Woman ... looks scary ...,0.497813,0.614262,0.805809
근데 팔은 왜 이렇게 만들어 놨어,But why did you make your arm like this,0.629635,0.646870,0.757233
내가 그러는 게 아니 예요. 걔가 그러는 거지,I'm not like that. That's what he does.,0.570208,0.742478,0.794239
그래 가서 앉아 ,Yeah go sit,0.498563,0.713669,0.786499
조금 있다가 최소영 선생님 들어오셔서 VTR수업 할 꺼니까 그동안 자습하고 있어...,"After a while, Mr. Choi, Choi will come in and take a VTR class, so I've been studying ...",0.571389,0.624609,0.789457
아 진짜 나는 왜 남아야 하냐고. 아무런 관련도 없는데...,"Oh really, why should I stay? It has nothing to do with ...",0.536381,0.604404,0.822691
넌 임마 군기반장 이잖아. ,You're the chief of the army.,0.481398,0.587807,0.774826
괜히 선배가 기획서 도와 달라고 그래서 나까지 남은 거 아냐,It wasn't until the seniors asked me to help with the proposal.,0.557714,0.604044,0.773084
"짜식, 선생이 되가지고 학교 좀 오는 게 어때서 그래.... 참, 최선생님.","Ja-sik, it's like being a teacher and coming to school a little bit.",0.645992,0.693061,0.817495
조범이 말예요 혹시 부모님 만나 보셨어요?,"Jo Bum, have you met your parents?",0.459635,0.570294,0.817298
별 걸 다 신경 쓰시네요.. ,You care about everything.,0.481267,0.612502,0.784780
전 좀 신경이 쓰이네요.,I'm a little worried.,0.450285,0.631504,0.837235
그렇잖아도 전화 했는데 이번 초청수업에는 꼭 참가를 해야 한다면서 ,"Even so, I called and said I must participate in this invitation class",0.551984,0.636907,0.812660
심각해 보이던데 ,It looked serious,0.657215,0.694375,0.721101
"뭐, 다 지 팔자지. 부모가 안 된다는데 어떻게 해. 아휴~ 애들 공부를 적당히 시켜야지","Well, let's sell it all. What do you do when you're not a parent? Ah ~ I have to study the kids properly",0.557780,0.637517,0.779184
임마 너는 청결먼저 어떻게 좀 해봐,How do you do it first,0.358628,0.619448,0.880461
아 나 정말 나 이빨 닦았어..,Ah I really brushed my teeth ...,0.597582,0.577528,0.785433
수업준비물 챙기러 왔다가 깜짝 놀랐네.,I was surprised when I came to pack my class.,0.541348,0.616121,0.794892
저는 선생님 신음소리 때문에 놀랐는데 히히.,"I was surprised by the teacher's moaning, but hehe.",0.576762,0.603878,0.820172
일단 수업 들어가자 나도 가던 참 이었어.,"Once in class, I was going too.",0.435555,0.591150,0.817187
혜영이랑 동혁이 아직도 안 왔어?,Hye-young and Dong-hyuk still haven't come?,0.668511,0.709611,0.751932
동혁 이는 아무래도 느끼고 있나본데 ? .. ,"Donghyuk, is this how you feel? ..",0.509294,0.665207,0.824624
조용!. 첫 시간은 VTR 레슨을 할 껀데,quiet!. The first time is for a VTR lesson,0.639164,0.680684,0.699121
악~!!!!!!!!!!!!,Evil ~ !!!!!!!!!!!!,0.342079,0.611609,0.721889
어 넌 왜왔어 임마,Uh why are you here dude,0.584020,0.534041,0.799680
담임선생님이 오라고 그래서요.,That's why the homeroom teacher asked me to come.,0.543312,0.569742,0.726096
어 현이 왔구나. ,Oh Hyun is here.,0.600982,0.566825,0.736487
예 선생님 전 뭐해야 되요?,Yes teacher What should I do?,0.603102,0.630592,0.846738
너 중학교 때까지 영국에서 살았다며,That you lived in England until middle school,0.628854,0.653371,0.780285
네,Yeah,1.000000,1.000000,0.843826
저기 서류들이 다 원문 서류들인데 니가 분리 좀 해줘라,"All of the documents there are original documents, but please separate them.",0.635138,0.637202,0.729534
임마 부모님한테 잘 해 너 같은 꼴통 그래도 가르치겠다고 유학까지 같다왔으면...,"I'm so good to my parents, I'd like to study abroad to teach you the same way ...",0.495805,0.611448,0.843055
이선생... ,Teacher ...,0.471045,0.725878,0.756917
쟨 왜 저기 있대 ?,�� Why are you there?,0.392146,0.542999,0.779016
어 저기가 어디야?,Where is that?,0.472795,0.599156,0.709343
아,Ah,1.000000,1.000000,1.000000
조용! 너희들 제자리에 앉아. ,quiet! You guys sit in place.,0.634259,0.689724,0.792340
누구야! 어떤 녀석이 또 장난질이야? ,Who is it! Which guy is kidding again?,0.596275,0.681396,0.803772
저거 혜영이 아니야? 이 선생 방송실로 가봐.,Isn't that Hyeyoung? Go to this teacher's broadcast room.,0.609399,0.709109,0.757623
네 선배,Four seniors,0.552225,0.756727,0.712041
일단 애들 동요하면 안 되니까 상황보고 안 되겠으면 전원을 다 꺼버려 ....,"Once you can't shake the kids, turn off the power if you can't see the situation ....",0.546289,0.648157,0.798764
이걸 어떻게 하는 거야? 무슨 선이... 이렇게 많아? ,How do you do this? What line ... so many?,0.532625,0.591285,0.836508
시팔 이거 뭐야. 왜 안 꺼져... ,What is this? Why doesn't it turn off ...,0.592003,0.592599,0.722835
이 자식을 그냥~!,Just this child ~!,0.630162,0.759813,0.727732
그 애가 오고 있어... 아~ 그 애가 그 애가 왔어,She's coming ... Ah ~ She's here.,0.523608,0.628426,0.841674
아 저 새끼는 또 왜 지랄이야 재수 없게... ,"Oh, why is that motherfucker again?",0.585604,0.623932,0.796530
이나야 무서워,I'm scared,0.422051,0.492821,0.816822
괜찮아 ,OK,0.284967,0.613567,0.822917
너네 사귀냐? ,Are you dating?,0.452329,0.575097,0.818437
쥐 새끼같은 놈 ,Rat,0.286266,0.618379,0.878004
선생님 핸드폰 되세요?,Do you have a cell phone?,0.456827,0.567372,0.785963
전원이 안 켜지는데요?,The power does not turn on?,0.609345,0.659754,0.770856
너지 너 말고는 이런 천재적인 짓을 할 새끼가 없어.,There's no cub to do this genius other than you.,0.539030,0.611797,0.813421
네?!  ,Yeah?!,1.000000,1.000000,0.843826
이 새끼 모르는 척 하는거 봐,Look pretend you don't know this bastard,0.546913,0.651454,0.725468
증거도 없이 무조건 범인으로 몰아세우지 마세요. ,Don't drive him to the culprit without evidence.,0.540588,0.592865,0.801320
너 증거 라 그랬냐? 그래서 지난번 조회시간에도 뻔히 네 녀석이 ,"Did you say evidence? So even in the last inquiry time, your guy is obvious",0.656310,0.671885,0.757908
전 장난은 쳐도 살인은 하지 않습니다.,"I play a joke, but I don't kill.",0.442271,0.655752,0.831497
이 선생! 진정해.,This teacher! Calm down.,0.598139,0.679859,0.749936
지금 진정하게 생겼습니까?,Is it true now?,0.362379,0.616817,0.904984
지금 뭐하는 거예요. ,What are you doing now.,0.521940,0.610496,0.813975
제가 한 거 아니에요. 제가 안했습니다. ,I didn't do it. I didn't.,0.490322,0.682144,0.860996
아니긴 뭐가 아니야! 이 새끼야! ,"No, not what! This bastard!",0.502687,0.617521,0.831144
"선생님, 이나 자리에 혜영이 핸드폰이 있어요. ","Teacher, Hye-young has a cell phone in the seat.",0.542559,0.697927,0.802357
강이나 너 그 핸드폰 어디서 났어...,Where did the river or you get that cell phone ...,0.614129,0.645360,0.723490
선생님이 기숙사 다녀오라고 하셨을 때 복도에서 주은 거예요...,"When the teacher told me to go to the dorm, I gave it in the hallway ...",0.618894,0.605225,0.800738
니들 둘이 친하니까 짜고 했을 수도 있잖아. ,You two might be salty because you're close.,0.497736,0.592867,0.811443
죽을래? 시발 놈아,Wanna die? Fuck,0.559918,0.632622,0.830502
선생님 앞에서 무슨 짓이야,What are you doing in front of the teacher,0.677987,0.630442,0.735961
하지 마 ,Do not,0.345589,0.445083,0.699713
왜 학교 전화가 다 안 되는 거예요?,Why can't I get all my school calls?,0.536841,0.614543,0.818606
그러게 말예요 전화가 안 되니까 영~ 깝깝 스럽구만 이것이 뭔 일이래~ ,"I can't make a phone call, so I'm sorry but this is what it is ~",0.510475,0.632429,0.833607
저기가 어딘 것 같아요?,What do you think there is?,0.595910,0.656278,0.757295
글쎄요 잘 모르겠는데요?,"Well, I'm not sure?",0.498539,0.607820,0.862132
잘 좀 봐요. 아저씨,Take a good look. Mister,0.511647,0.512824,0.736307
이래 뵈도 수위경력 10년이 넘는데 제가 학교 안 가본 곳이 어디 있겠어요?. ,"Since then, she has been in the water for over 10 years, but where has I been to school ?.",0.520407,0.580691,0.787947
저 아저씨도 핸드폰이 안 되나요?,Doesn't he even have a cell phone?,0.548614,0.601891,0.745754
그러게 내 핸드폰도 안 켜지던데 밧떼리가 다 돼서 안 된다고 생각하고 있었는데 ,"I didn't turn on my cell phone like that, but I was thinking that the battery should be gone",0.644385,0.688213,0.806118
뭐야 저거 ....,What is that ....,0.613264,0.696231,0.714326
아~,Oh~,0.717157,0.717157,0.779137
야 이놈들아 뭐하는 거야 질서 있게 행동 못해 ,"Hey, what are you doing, you can't act in order.",0.436799,0.614107,0.844854
야 너 거기 서... 거기 안서 ... ,Hey you standing there ... not standing there ...,0.541206,0.699583,0.803148
이 선생 나가서 경찰에 신고 좀 해. 애들 내가 통제 할 테니까,Go out there and call the police. Because the kids will control me,0.568547,0.666236,0.804087
나가면 죽는 다고 그랬잖아요. 어떻게 나가요. ,You said you die when you go out. How to get out.,0.512874,0.619480,0.832960
그럼 애들 이렇게 놔 둘 꺼야?,So are you going to leave the kids like this?,0.550958,0.633756,0.733606
지금 나가다 진짜 변을 당하면 어떻게 하려구요.,What should I do if I get out and get a real stool right now?,0.587482,0.639531,0.781335
그 말을 믿어요?,Do you believe that?,0.552193,0.538946,0.680812
지금 이게 장난처럼 보여요? 그럼 선생님이 나가세요.,Does this look like a joke now? Then the teacher goes out.,0.514176,0.671325,0.816322
니들 정말 말 안 들을래? 안 되겠어 내가 나갔다 올께요.,"Do you really want to listen? No, I'm coming out.",0.511613,0.620465,0.838206
집으로 갈래요 / 보내주세요 / 무서워요.,I want to go home / send me / I'm scared.,0.420121,0.547041,0.778722
진짜 무슨 일 생기면 어떻게 하려고 그래요? ,What would you do if something really happened?,0.517001,0.608625,0.803948
그렇다고 가만히 있을 수는 없잖아요.,But you can't stay still.,0.419254,0.648858,0.866092
그걸 하나 못 막고 있어요?,Can't you stop it?,0.612471,0.652873,0.850863
그럼 남자애들이 밀어 붙이는데 어떡하라는 거예요.,Then the boys are pushing and sticking.,0.534794,0.677336,0.842077
선생님 싸우고만 계시지 말고....,"Teacher, don't just fight ...",0.437944,0.637771,0.853275
아저씨 아이들 막아요.,Stop your children.,0.550986,0.521391,0.716526
넌 누구니?,Who are you?,0.178520,0.295499,0.825011
저는 창인 외고 3학년 3반 김동혁 입니다.,I'm Donghyuk Kim in 3rd grade at Changin Foreign High School.,0.587659,0.613563,0.755854
니가 왜 여기 있다고 생각해?,Why do you think you are here?,0.461401,0.575169,0.809665
살려 주세요! 제발 살려 주세요.,Help me! Please save me.,0.389735,0.666069,0.833309
이제 죄를 고백 하거라. 무엇을 잘못했니?,Now confess your sins. What did you do wrong?,0.582200,0.660566,0.808784
살려 주세요. 정말 잘못 했어요.  아 아~,Help me. I was really wrong. Ah ah ~,0.446044,0.606238,0.833636
죄를 고백 하거라...,Confess your sins ...,0.592975,0.711196,0.728981
그게 ... 나쁜 짓을 했습니다. 너무 욕심을 냈어요.,Well ... I did something bad. I was so greedy.,0.522828,0.693865,0.809554
이치영 . 이선생 . 야 임마 ,Lee Chi-Young. Teacher. Hey dude,0.544273,0.679244,0.771589
진정 하세요...,calm down...,0.400602,0.529159,0.834524
지금 진정하게 생겼어요?,Do you really look right now?,0.535770,0.636353,0.814431
그럼 계속 이렇게 울고만 있을 꺼예요? 문제를 풀던 동혁 이를 찾던 무슨 수를 써야할 것 아녜요.,"Then will you keep crying like this? Donghyuk, who solved the problem, I wasn't sure what to write.",0.505958,0.617996,0.813063
선생님 진정 하세요.  야 니들 올라가 있어.,Please calm down. Hey you guys are up.,0.452974,0.579983,0.832124
니가 뭔데 올라가라 마라야... ,What are you?,0.294180,0.447008,0.928104
그럼 여기서 뭐 할 껀데? ,Then what are you going to do here?,0.556045,0.551246,0.743989
그래 얼른 올라가서 차근차근 해결하자.... 선생님 얼른요.,"Okay, let's go up and solve it gradually .... sir.",0.463687,0.657240,0.853267
선생님 답을 학교 강당에 적으라고 했잖아요. 강당으로 가요...,I told you to write your answer in the school hall. Let's go to the auditorium ...,0.551417,0.641172,0.798729
아저씨 전화선 좀 연결해서 외부와 연락을 해 주세요.,Please connect your phone line and contact the outside.,0.556811,0.652903,0.796988
죽일 거야. 죽일 거야,I'm going to kill. I'm going to kill,0.582102,0.668701,0.843958
다 나 때문이야. 내가 이 선생을 죽였어,It's all about me. I killed this teacher,0.604426,0.652461,0.804471
선생님 때문에 그런 거 아니 예요. 기운 내세요. 선생님이 이러시면 저희는 어떻게 해요.,It's not because of the teacher. Cheer up. What do we do if the teacher does this?,0.530271,0.649388,0.832775
두 번째 문제 답은 뭘까? 너희들 중에 집히는 사람 없니?,What is the answer to the second question? None of you get picked up?,0.595066,0.620749,0.757909
욕심에 대한 얘기를 중국 철학자들이 안 한 사람이 어딨어요. ,There was no one who didn't tell Chinese philosophers about greed.,0.479510,0.604869,0.791407
문제를 내고 있는 이유를 알아야 될 꺼 같아요...,I think you should know why you're having a problem ...,0.555847,0.556534,0.778944
하~ ,Ha ~,1.000000,1.000000,1.000000
무슨 넌센스 같은 문제일수도 있잖아요. ,It could be a problem like nonsense.,0.534347,0.622962,0.823477
시간은 가고 미치겠다. 얼마나 남았어? ,Time is going and going crazy. How much is left?,0.624827,0.624827,0.713851
보이세요?,Can you see it?,0.479223,0.619443,0.777393
답을 풀어야 해 빨리 뭐야 도대체 답이 뭐냐구...,I have to solve the answer. What is the answer?,0.418468,0.588087,0.797818
아 이렇게 무기력 할 수 있다니... ,Ah you can be helpless like this ...,0.629855,0.688615,0.760551
어떤 놈이 이런 짓을 하는 거야 어떤 미친놈이...  ,Some guy is doing this. Some crazy guy is ...,0.563398,0.642383,0.772271
일단 애들을 어떻게 할지 생각해 봐요 ,"First, think about what the kids will do.",0.569914,0.637661,0.766221
어떻게 시체가 혼자 움직이지?,How does the body move alone?,0.567973,0.683684,0.781768
카메라가 이 안에 있어. 그렇지 않고서는 이렇게 될 수가 없어... 범인이 이 안에 있어요...,"The camera is inside. Otherwise, it can't be like this ... The killer is in this ...",0.613489,0.704271,0.776662
선생님 재욱이 없어요 재욱이 ......없어졌어요.,Teacher Jaewook is not there. Jaewook is gone.,0.498478,0.595003,0.835134
재욱이? 어떻게 된 거야 언제 없어 졌어.,Jaewook? What happened? When it disappeared.,0.688628,0.699277,0.748813
모르겠어요. 갑자기 안보여요... ,I do not know. Suddenly I can't see ...,0.512002,0.575661,0.743070
이나야 어디가 얼른 와 혼자 다니지 말고...,"Ina, don't go anywhere and go alone ...",0.523560,0.599237,0.800774
제가 따라 갈께요.,I will follow.,0.487753,0.602802,0.813569
왜 그래?,What is it?,0.807672,0.850593,0.801741
등수대로 죽고 있어. ,I'm dying of the lighthouse.,0.610969,0.591444,0.712903
무슨 소리야?,What are you talking about?,0.490885,0.548291,0.768049
진짜.... ,Really....,0.660263,0.672835,0.662067
선생님한테 가자 ,Let's go to the teacher,0.603401,0.713106,0.799463
시체에 답을 적어 놨어요.,I wrote down the answer on the body.,0.554493,0.554493,0.725231
뭐라구요?,What did you say?,0.451291,0.574309,0.768564
시체에 해답을 적고 있는 거예요,I'm writing the answer on the body.,0.530065,0.631515,0.779025
뭐라고 써있는 데요?,What does it say?,0.477305,0.746159,0.780415
죄악은 밖에서 오는 것이 아니라 내부에 있는 것이다. ,"Sin does not come from outside, but from inside.",0.579591,0.630332,0.774313
동혁이 시체에 답을 적어 놨데.,Donghyuk wrote the answer on the body.,0.532630,0.665261,0.776779
진짜?...,Really?...,0.660263,0.672835,0.662067
야 있잖아 이렇게 돌아다니면 누가 죽을지 모르니까,"Hey, you know, if you walk around like this,",0.407649,0.577208,0.864032
기숙사라고 안전하겠냐?,Is it safe to be a dormitory?,0.541057,0.604281,0.780645
이제 다음 사람이 누가 죽을지 모르잖아 ,Now the next person doesn't know who will die.,0.576499,0.647299,0.785386
그러면 여기 있는 사람 다 모여 있으면 돼지..,"Then, if everyone here is gathered, the pig ...",0.551976,0.657597,0.813196
야 이 멍충아 상황 파악이 안 돼?,"Hey, can't you understand the situation?",0.610693,0.610693,0.773916
아 이제 상황 파악이 된다. 하긴 선생님하고 같이 있다고 안전 한 것도 아닌 것 같어. ,"Oh, now I can understand the situation. I don't think it's safe to be with the teacher.",0.531486,0.628460,0.804249
저기.... 나도 가면 안 될까?,Hey ... can I go?,0.499167,0.662993,0.878893
안 되겠어요. 강당 뒤를 가봐야지,I can't. I have to go behind the auditorium.,0.549239,0.544474,0.732181
그냥 있어요. 괜히 잘난 척하다 다치지 말고...,just doing nothing. Don't get hurt by pretending to be so good ...,0.667475,0.602923,0.782944
선생님 나한테 왜 그래요?,Teacher why me?,0.366671,0.530962,0.892392
애들 들어요. 조용히 얘기해요. 내가 뭘요?,Listen to the kids. Talk quietly. What am I?,0.560058,0.618188,0.768769
왜 말끝마다 트집을 잡느냐구요. 말 좀 이쁘게 할 수 없어요? ,Why are you picking up every word? Can't you say something pretty?,0.499323,0.621542,0.816213
말 이쁘게 해서 잘 보일 일 있나요? ,Is there anything you can do to make it look pretty?,0.537145,0.651311,0.785689
엄연히 내가 선생님보다 선배예요.,"Strictly, I'm older than the teacher.",0.524930,0.657904,0.830748
선후배 무슨 상관 이죠? 실력이 중요 하지,What does senior junior care? Skill is not important,0.548823,0.632521,0.784012
애들 가르치는 게 실력만으로 되는 거예요? ,Is it only good to teach kids?,0.560679,0.742634,0.864770
아 인격이 풍부하단 말씀을 하고 싶은 거죠? ,"Oh, you want to say that you have a lot of personality?",0.559547,0.627044,0.765748
됐어요. 그만합시다. ,That's Okay. Let's stop.,0.575237,0.607135,0.750595
근데 학교 밖을 나가면 진짜 죽는 걸까?,But is it really going to die if you go out of school?,0.550594,0.637093,0.805841
너 무슨 생각 하는 거야...,What are you thinking ...,0.476565,0.568187,0.832049
명효 데리고 확 나가버려..,Take Myeonghyo and go out ...,0.470108,0.594357,0.829272
이 선생님 못 봤어? 괜한 생각 하지마라 ,Have you seen this teacher? Don't think it's okay,0.581523,0.625373,0.806854
거봐 내가 하자는 대로 하니까 훨씬 좋지?,"Look, it's much better because I do what I want.",0.541455,0.647844,0.787732
남자여자 방을 따로 쓰면 안 될까? 나 옷도 좀 갈아입고 싶은데 ,Can we use a separate male and female room? I want to change my clothes,0.488172,0.605082,0.773885
야 안 돼 지금은 똘똘 뭉쳐 있어야 된다니까... 야 남자애들 돌아있어 얘 옷 갈아입는 다잖아,"I can't do it right now, I have to be tight together ... Hey, boys are back and they're changing their clothes.",0.551410,0.628304,0.780617
아니야 됐어 그냥 있을래....,"No, I just want to be ...",0.417180,0.581020,0.794419
명효야~ 명효야,Myeonghyoya ~ Myeonghyoya,0.578416,0.578416,0.721860
너 이 녀석 위험한데 어딜 갔다 왔어?,"You're dangerous, but where have you been?",0.565779,0.671411,0.792766
선생님 명효 어딨어요?,Where's Myeonghyo teacher?,0.412119,0.594328,0.845871
어? 조금 전 까지 있었는데 ,uh? I was there a while ago,0.470596,0.580036,0.777066
얘네들 어디 간 거 야 ,Where are you guys going,0.567029,0.551292,0.787583
이러고 있지 말고 찾아봅시다. ,Let's find it.,0.477996,0.592981,0.880461
선생님 흩어져서 찾아보죠.,Teacher Let's find out.,0.506098,0.629087,0.843147
"그래, 나는 다른 아이들 데리고 교실 쪽으로 돌아 볼 테니까 ","Yeah, I'm going to take the other kids back to the classroom",0.538448,0.639098,0.799537
명효야 제발 ... ,"Myeonghyo, please ...",0.593805,0.601834,0.792499
자 서두르자,Let's hurry,0.559456,0.566278,0.753672
하~ 만족할 줄 모른다는 것이 죄악이다.,Ha ~ It is a sin to not be satisfied.,0.579106,0.622372,0.793301
예? 선생님 뭐라구요?,Yes? Teacher what?,0.553690,0.698383,0.861795
아니야,no,0.179473,0.576940,0.711230
선생님 배고파요. ,Teacher I'm hungry.,0.485428,0.709732,0.765899
야 니들 뭐하는 거야,Hey what are you guys doing,0.489523,0.583387,0.795792
우리가 뭘...,What are we ...,0.595710,0.788795,0.757916
미안해 이나야,I'm sorry Ina,0.525461,0.565485,0.716055
명효야 어딨니...,Where is Myeonghyoya ...,0.498839,0.585227,0.734220
걱정이다. 정말.... 혹시 누구 담배가진 사람 있니? 괜찮으니까 하나 줘봐,worried. Really .... Has anyone ever smoked? Give me one because it's okay,0.467259,0.592374,0.830282
그런데 왜 갑자기 문제가 끊긴 거죠?,But why did the problem suddenly end?,0.635963,0.645499,0.783935
글쎄다 교란시키는 것 일 수도 있고 ... 꼭 소설 같네.,"Well, it could be disturbing ... it's like a novel.",0.535512,0.662985,0.855727
왜 이런 일이 저희한테 생긴 걸까요?,Why did this happen to us?,0.518179,0.707030,0.813437
내가 추리 소설 좀 읽거든 내가 생각 할 땐 원한 인 것 같아 돈을 원했다면 유괴를 했겠지 ,"I read some mystery novels, and I think it's what I wanted, if I wanted money, I would have kidnapped",0.526522,0.633656,0.804133
"어 경찰이다. 아저씨, 아저씨",It's the police. uncle Uncle,0.704109,0.746090,0.702165
요즘 학교 토요일 날은 쉬지 않나? 쟤들 지금 우리한테 저러는 거야?,Aren't you having a rest on school Saturday these days? Are they doing that to us now?,0.505296,0.631900,0.767454
손이나 흔들어 주지 뭐...,Shake your hand or something ...,0.671893,0.614014,0.724981
야 아무리 그래도 우리한테 손을 흔들고 그럴 리는 없잖아,"Hey, no matter how much you wave your hand to us",0.424966,0.587601,0.820711
고등학생들이 그렇지 뭐 별난 놈들 다 모이는 곳이 고등학굔데... ,High school students are like that.,0.363279,0.624905,0.891370
하긴 ... 야 옛날생각 나네. 가자고 아직 순찰 다 돌려면 한참 걸릴 텐데... ,"It's ... Hey, I think it's old. Let's go and it'll take a while if we're still on patrol ...",0.503203,0.636009,0.830724
제발 가지 마요 아저씨. 가지 마요. 명효야... 명효 어떡해요.,"Please don't go, Mister. Don't go. Myeonghyo ... Myeonghyo, what should I do?",0.538982,0.615729,0.792199
야 아직 명효 없어진 것도 아닌데 왜 그래?,"Hey, it's not lost yet, why?",0.411898,0.637336,0.872790
너 모르겠어? 문제가 나오면 바로 다음 문제의 타켓을 인질로 잡는 거...,"Don't you know When the problem comes out, take the target of the next problem as a hostage ...",0.559018,0.581154,0.737406
아무래도 이상한데 종소리는 왜 울리는 거지?,"It's strange, but why is the bell ringing?",0.489861,0.596800,0.804180
뭐가 그렇게 의심이 많아? 학교는 다 종소리가 자동으로 돼 있어 ,What is so suspicious? The school has all the bells automatically.,0.567433,0.627456,0.775067
거봐 꺼지잖아 .,"Look, it's off.",0.476584,0.648154,0.848218
우리 불 좀 켜면 안 될까?,Can we turn on the lights?,0.533807,0.611517,0.832398
불 켜면 우리 있는 곳을 들키잖아,"When you turn on the light, you can see where we are.",0.610344,0.619996,0.792284
어차피 입구 잠겼잖아,The entrance is locked anyway.,0.597982,0.597982,0.741503
아 좀 조금만 있어봐 ,A little bit,0.356976,0.534879,0.865702
아~ ,Oh~,0.717157,0.717157,0.779137
왜 그래 ,What is it,0.807672,0.850593,0.801741
이 새끼가 어딜 만져 ,Where does this bastard touch,0.552905,0.618084,0.721595
야... 깜깜하니까 그런 거지. 만지길 어딜 만져,Hey ... it's because it's dark. Touch where you touch,0.467557,0.617371,0.803420
조심해 다들 손 꽉 잡고 있지?,"Be careful, aren't you holding your hands tight?",0.587976,0.652774,0.773809
뛰지 마... 소리 내지 말고 .... 니들 그리고 다 손잡아 현아. 니가 맨 뒤에 서...,Don't run ... don't make a sound .... You stand at the back ...,0.520248,0.637814,0.853676
여기에 불 켠 사람 있어? ...,Is there anybody here that lights up? ...,0.599569,0.632084,0.732254
복도 스위치는 저쪽에 있잖아... ,The hallway switch is over there ...,0.419567,0.616492,0.769214
아~ 선생님 저기.....,Ah ~ Sir there ...,0.437493,0.570871,0.826862
모두 이쪽으로 모여 ,Everyone gathered this way,0.467124,0.477082,0.728973
선생님 ... 여기 무슨 글자가 보여요,Teacher ... what do you see here,0.498218,0.593231,0.861768
뭐야,what,0.396358,0.659352,0.714109
야 너 울지 마... ,Hey don't you cry ...,0.458828,0.542740,0.785204
더는 못 가겠어요. 다리에 힘이 하나도 없어요 선생님...,"I can't go any further. I have no power on my legs, sir ...",0.546907,0.601693,0.788249
야 좀 힘내자 지금 와서 어떻게 할 수가 없잖아.,"Hey, I can't do it now.",0.279796,0.600849,0.924086
수진아 우린 안전 하겠지?,"Sujin, will we be safe?",0.592637,0.640153,0.785425
당연하지 우린 안전 할 꺼야. 조금만 참으면 무슨 수가 생기겠지 ,"Of course we'll be safe. If you put up with a little bit, what number will you get?",0.515986,0.653239,0.794602
야 이거 무슨 소리야 ,Hey what are you talking about,0.566219,0.531881,0.707906
야 아무도 들어온 사람 없잖아 여기...,"Hey, nobody came in here ...",0.392559,0.499885,0.855552
방문을 다 열어본 건 아니잖아... 사람이 있었던 거야 ,You haven't opened all your visits ... there was a man.,0.566583,0.563125,0.761599
선생님...,Teacher...,0.452860,0.704206,0.835633
저건 또 뭐야,What's that again,0.565941,0.585365,0.663345
저기 내 방인데 ... 명효 저기 있나 봐요.,It's my room over there ... I think Myeonghyo is over there.,0.590459,0.629379,0.738819
명효야 ,Myeonghyoya,0.578416,0.578416,0.692877
강이나 야~ 저거 진짜... 강이나 같이 가 혼자가지 말고,It's a river ~ That's really ... Don't go alone with the river,0.509323,0.624493,0.803734
거기 누구 있으면 문 열어 얘들아 문 열어!,"If anyone is there, open the door, guys, open the door!",0.571041,0.611929,0.729750
어~  끔찍한 얼굴을 봤어...,Uh ~ I saw a terrible face ...,0.597499,0.635887,0.758404
야 흩어지지 말고 이리와 말 안 들을래? 어서 모이지 못해!,"Hey, don't be scattered, why don't you come and listen? Come on!",0.607595,0.608180,0.792241
명효야... 명효야...,Myeonghyoya ... Myeonghyoya ...,0.578416,0.578416,0.721860
또 없어진 애 없어?,Anything else missing?,0.714988,0.714988,0.719412
수진이가 없어요...,There is no Sujin ...,0.607044,0.641920,0.721503
명효야 ,Myeonghyoya,0.578416,0.578416,0.692877
미안해 이나야 미안해...,"I'm sorry, I'm sorry, sorry ...",0.477662,0.584131,0.745990
얼마나 걱정한줄 알어?,How worried do you know?,0.446747,0.565397,0.865247
수진아 ~ ,Sujin,0.861231,0.739228,0.718389
등수대로 죽는 게 아니잖아? 아 씨 뭐야.... ,You're not dying from the lighthouse? What is it ...,0.547862,0.582233,0.750429
정말 모르겠다..,I really don't know ...,0.492792,0.581638,0.807773
선생님 문제를 풀러 가야돼요 어서요....,"Teacher, I have to go solve the problem. Come on ...",0.526721,0.537102,0.751639
수진 이는 어떡하고 .... 우리는 수진 이를 찾아야 돼. ,What about Sujin? ... We need to find Sujin.,0.480194,0.591860,0.854511
근데요 선생님... 저 그게 사람 짓이 아닌 것 같아요...,But teacher ... I don't think it's human ...,0.527377,0.643057,0.843764
그럼 귀신이라는 거야 뭐야?,Then what is a ghost?,0.478562,0.722198,0.845691
믿지 않으시겠지만  ,"Believe it or not,",0.584494,0.728113,0.827347
야 임마! 정신 차려 너 지금 여기 있는 애들 그렇잖아도 ,"Hey dude! You wake up, the kids here right now",0.427693,0.622618,0.850233
그게 아니구요 조범이가 본 다는 거 무시했는데 제가 비슷한 걸 본거 같아요.. 정말 이예요 선생님,"It's not that I ignored what Jo Bum saw, but I think I saw something similar.",0.460271,0.657844,0.846176
아 시발... 모르겠다. ,Ah fuck ... I don't know.,0.572311,0.641003,0.823515
선생님...이거...,Sir ... this ...,0.466009,0.681062,0.788270
이게 왜?,Why is this?,0.491446,0.640506,0.707085
이거 예전에 유행 하던 건데 핸드폰 암호 같아서요..,"This was popular in the past, but it's like a cell phone password ...",0.577652,0.537144,0.729087
그게 뭔데?,what is that?,0.544242,0.566324,0.690725
선생님 핸드폰 있으시죠 . 잠깐만 주세요. ,Teacher Do you have a cell phone? Please wait.,0.515647,0.636329,0.839517
이게 애니콜이랑 싸이언 이랑 모토로라가 다 다르거든요. ,This is because Anycall and Cyon are different from Motorola.,0.595144,0.591833,0.727601
그럼 칠판에 적어 보자.,Then write on the board.,0.525584,0.740560,0.790178
자음은 알파벳 모음은 숫자로 글자를 만들어 놨구나,"Consonants, alphabet vowels are made up of letters.",0.567205,0.591557,0.791671
저거 뭐야?,What is that?,0.625332,0.579198,0.630227
으아악~,Ugh ~,0.448993,0.676065,0.747306
너희들 어디서 오는 거야?,Where are you guys from?,0.442844,0.457278,0.769865
선생님 저희 귀신 봤어요...,Teacher I saw our ghost ...,0.461941,0.598158,0.845595
무슨 소리 하는거야,What are you talking about,0.569212,0.591284,0.748277
담임선생님은?,Homeroom teacher?,0.477660,0.503677,0.742399
선생님 모시고 와야지 너희만 온 거야 이 의리 없는 새끼들아...,"I need you to come, sir. You're the only ones.",0.449456,0.632168,0.864221
선생님? 선생님 괜찮으세요? ,Teacher? Are you okay?,0.384092,0.590528,0.902114
안되겠다. 일단 좀 쉬자 ,I can't. Let's get some rest,0.653329,0.690027,0.789586
재욱이가 죽었다고?,Jaewook is dead?,0.514458,0.651003,0.819787
응...,Huh...,0.539445,0.539445,0.476177
이나 너는 좋겠다. 니가 싫어하는 애들이 다 죽어 나가서...,Or you would be happy. All the kids you hate are dying ...,0.523375,0.573955,0.823024
입 닥치고 빵이나 먹어라,Shut your mouth and eat the bread,0.622378,0.609615,0.710085
싸울 거면 그만해...,Stop if you're going to fight ...,0.519141,0.541307,0.738647
이것들이 이제 기운이 나니까 또 으르렁 대고 있어 ,"Now that they are cheering, they are growling again.",0.598316,0.677122,0.801285
5월의 찬란한 날 강당을 기억해... 5월의 강당에서 무슨 일이 있었지? ,Remember the auditorium on a bright day in May ... What happened in the auditorium in May?,0.640626,0.649740,0.728288
이건 사람 짓이 아니야.,This is not human.,0.546789,0.612187,0.805589
선생님까지 왜 그래요 애들 그렇잖아도 심장이 약해져 쓰러질 판에...,Why is it even the teacher?,0.346892,0.659512,0.928043
아니 예요. 국어 선생님 말이 맞아요. 사람이 하는 짓이라면...,No it's not. The Korean teacher is right. If humans do it ...,0.525165,0.640981,0.812165
조용히 못해? 이건 명백한 사람 짓이야...,Can't you be quiet? This is obvious.,0.531081,0.638633,0.797276
선생님 혹시 정신 이상이라면 조범이 짓 아닐까요? ,Teacher Isn't it a joke if you're crazy?,0.464377,0.664540,0.850226
맞아요 그 새끼...  아니 걔.. 막 지 팔 자해하고 ,"That's right, that bitch ... No, she's just hurt herself.",0.551719,0.602194,0.742776
살인을 저지르는 아이들은 자해를 하지 않아 남을 죽이면서 쾌락을 느끼지...,Children who commit murder do not harm themselves and feel pleasure while killing others ...,0.576952,0.611784,0.773207
아니예요. 내가 알기로는 자기 몸을 자해하는 건 경계성 장애기 때문에 자신에게 먼저 공격을 가하지만 ,"No it's not. As far as I know, self-injury is a borderline disorder, so he first attacks himself.",0.547765,0.626786,0.819439
그럼 조범이 애들을 다 죽였다는 거예요? 그 애 착한 애예요 학생을 그렇게 매도하지 마요.,"So, that Jo Bum killed all the kids? That's the sweet girl. Don't sell the student like that.",0.604487,0.654654,0.802254
매도라니요.. 저는 가능성을 얘기한 것 뿐 이예요. ,Sell ... I'm just talking about the possibilities.,0.575140,0.699559,0.782969
선생님도 아시죠? 지원이. 지원이가 보입니다. 내 눈에도......,Does the teacher know? Support this. Jiwon is seen. Even in my eyes ...,0.600638,0.660938,0.785242
"최지원, 전교 1등이다. 모두 박수...",Choi Ji-won and 1st in all schools. Applause all ...,0.767277,0.718148,0.774502
지원이 대단한데 독학 하나로 우리 학교에서 1등 하는 애는 너 밖에 없을 거다.,"The support is great, but you're the only one who is self-taught in our school.",0.546047,0.581873,0.818892
전액 장학생 이면 기숙사비도 나오는 거야?,"If you are a full scholarship student, do you pay the dormitory fee?",0.572784,0.618293,0.734431
응 난 집이 좀 그래... 장학금 안 받으면 좀 힘들어서...,"Yeah, I'm a little home ... If I don't get a scholarship, it's a little difficult ...",0.668861,0.678203,0.734262
야 김지원 대단한데... 생긴 거 하고 다르게 ,Hey Kim Ji-won is great.,0.486003,0.612676,0.867820
근데 너 저 인형은 뭐야?,But what is that doll?,0.561538,0.668994,0.783405
응 내 동생...,Yes my brother ...,0.715782,0.715782,0.699976
동생?,Brother?,0.598641,0.650668,0.655377
우리엄마 캐릭터 디자이너거든... 우리 엄마가 심혈을 기울여서 만든 캐릭터야,It's my mom's character designer ... It's a character made by my mom,0.493933,0.616575,0.831245
엄마 되게 멋있다.,It's very cool.,0.547915,0.611502,0.779987
우리엄마 진짜 멋있는 여자지... 근데 하늘로 가셨어.,My mom is a really nice girl ... But she went to the sky.,0.551343,0.696406,0.784130
미안,sorry,0.618279,0.618279,0.749567
뭐가 미안해 드라마 대사 같다야 괜찮아 내 동생 있는데 뭐...,"I'm sorry, something like a drama ambassador is okay.",0.411300,0.573921,0.815046
지원이는 어디 학원 다니니? 아님 유학 갔다 왔어?,Where does Ji Won go to school? Or did you go abroad to study?,0.598863,0.599484,0.779258
.... ,.... ,1.000000,1.000000,1.000000
발음이랑 어휘선택을 아주 국어처럼 쓰는데 ,I use pronunciation and vocabulary selection like Korean,0.595274,0.615563,0.744341
전 혼자 공부 했는데요,I studied alone.,0.493968,0.565685,0.879113
야 너 대단하구나 ,Hey you are great,0.420596,0.515338,0.797776
야 영원히 시험이 끝난 것도 아닌데 왜 울어. ,"Hey, the test isn't forever, why are you crying?",0.483358,0.586010,0.777368
나 다음 학기에 기숙사 나가야 될지도 몰라,I might have to leave the dorm next semester,0.527140,0.643704,0.765300
진짜 그 정도로 심각해? ,Is it really that serious?,0.653194,0.695543,0.758030
진짜 지원이가 문재를 내는 걸까요?,Is it really Jiwon?,0.345777,0.571555,0.876376
너까지 정말 왜 그래? 황선생님이 그냥 착각 하는 거야.,Why is it really up to you? Hwang is just mistaken.,0.474125,0.615009,0.855424
아니라니까 아니야 나 혼자만 본 게 아니라 ,It ��s not because I ��m not alone,0.454075,0.645123,0.828977
알았어요 진정해요...,"Okay, calm down ...",0.430997,0.603759,0.843173
여기서 뭣들 하는 거예요?,Are you doing it here?,0.319915,0.590870,0.893989
아저씨? 아 왜 이제야 나타나는 거예요?,Mister? Oh why does it appear now?,0.582450,0.594759,0.803917
이 밖에 연락을 취해 볼 려고 별짓을 다해 봐도 연락이 안돼요.,I can't reach you even if I try my best to get in touch with them.,0.498064,0.616010,0.816994
선생님 다 갈 필요 없을 것 같은데요? ,I don't think you need to go all the teachers?,0.598999,0.679272,0.817107
그래요 제가 남은 애들은 잘 데리고 있을께요,"Yes, I'll keep the rest of the kids.",0.532127,0.717963,0.800424
그래 그러자 선생님도 좀 쉬세요.,"Then let's take a break, too.",0.529129,0.696602,0.852143
아닙니다. 저도 가겠어요.,no. I will go too.,0.437719,0.586825,0.857621
너도 여기있어,You are here too,0.505044,0.478411,0.742837
이자식이 나를 뭘로 보구..,What does this child see me ...,0.520652,0.574188,0.742489
이나야 제발 여기 있어 ,Inaya please stay here,0.638417,0.647895,0.727396
나도 갈래 너랑 안 떨어 질꺼야...  ,"I'm going too, and I won't fall with you ...",0.638276,0.674407,0.750479
뚝~ 이 기집 애야 그렇게 질질 짤거면 여기 있고..,Ttuk ~ This is my little girl.,0.475741,0.708899,0.865191
이걸로도 문장이 만들어 지는 것 같은데 ,I think the sentence is also made with this.,0.575286,0.660561,0.765585
네 맞아요. 퍼즐을 맞추라고 하는걸 보니까 일종의 아나그램 같은데요? ,"Yes, that is correct. It seems like a kind of an anagram when you see how to solve the puzzle.",0.586995,0.605309,0.717637
아 머리 아파 이걸 언제 맞추죠?,"Ah, my head hurts. When do you fit this?",0.668183,0.625248,0.753740
문장을 만들어 읽어 본다.,Make a sentence and read it.,0.664370,0.684350,0.745325
이게 무슨 말이야 도대체...,What does this mean?,0.512467,0.606262,0.799210
아나 그램이라면 좀 더 쉽게 풀 수 있겠어요 각 한 줄씩 흩어 놓은 게 되니까요...,"If it's anagram, it's easier to solve because it's scattered one line at a time ...",0.514933,0.638520,0.810915
그렇게 잘 회전하는 머리를 공부하는데 쓰면 얼마나 좋을까... ,How good would it be to study a spinning head so well ...,0.504193,0.603668,0.839594
"최 선생.... 정말 지원이가 이러는 거라면 ,","Teacher Choi .. If Jiwon is really like this,",0.496377,0.671992,0.788800
죽은 애 한테 뭘 어떻게 해요. 시간 없어요. 얼른 잘라요. ,What do you do to the dead child. I do not have time. Cut it quickly.,0.582353,0.655684,0.767900
.....,.....,1.000000,1.000000,1.000000
선생님 그거 알아요? 내가 선생님 얼마나 이기고 싶어 하는지,Teacher do you know that? How much i want to win,0.427801,0.616773,0.868459
......,......,1.000000,1.000000,1.000000
안 되겠어요. 어딘가 이상해요. 실제 사진이랑 안 맞는 것 같아요.,I can't. It's strange somewhere. I don't think it fits the actual picture.,0.583959,0.661486,0.758358
이게 이쪽으로 들어가는 거잖아 ,This is going in this way,0.555753,0.691772,0.806618
아닌데 여기 들어가는 거 같은데....,"No, I think I'm going in here ...",0.547636,0.704444,0.817515
문장이 이상해요... ,The sentence is weird ...,0.612151,0.612151,0.746168
시적인 언어라서 그런 거야 아무튼 기숙사 3층으로 빨리 가자 ,"It's because it's a poetic language. Anyway, let's go to the third floor of the dormitory quickly.",0.601225,0.648736,0.769894
어차피 시간 내에는 맞출 수 없는 문제들 이야.,It's a problem that can't be met in time anyway.,0.520042,0.620678,0.807840
포기하면 안 돼 ?,Can we give up?,0.386408,0.639958,0.828596
포기하면... 누가 죽을지도 모르는데 지금 와서 포기하면 뭐가 달라지는데?,"If you give up ... Who might die, but what happens when you give up now?",0.451169,0.564127,0.845710
선생님 가지 마세요.,"Don't go, sir.",0.396988,0.661899,0.860746
잠깐 여기 누가 있는 것 같아서 그래... ,"Wait, it seems like someone is here ...",0.505195,0.618710,0.781646
얘야 너 거기서 뭐하니? 어서 나와. 선생님이랑 같이 나가자,"Honey, what are you doing there? Come on. Let's go out with the teacher",0.529914,0.621678,0.802732
.......,.......,1.000000,1.000000,1.000000
거기 있으면 위험해. 어서 선생님이랑 나가자,"It's dangerous to be there. Come on, let's go out with the teacher",0.671892,0.668934,0.747622
시험공부 해야 되요. ,You need to study for the test.,0.493023,0.506989,0.768686
여기에 있으면 위험해 어서!,It's dangerous to be here!,0.687849,0.651346,0.768684
아~ ,Oh~,0.717157,0.717157,0.779137
선생님 왜 그러세요. 정말.,Teacher Why do you do that? Really.,0.538386,0.597059,0.790071
선생님 좀 그만 하세요. 무서워 죽겠어요. ,Please stop the teacher. I'm afraid to die.,0.466726,0.639727,0.814284
도대체 어떻게 된 걸까? 선생님 말이 맞는 건가? 정말 무슨 귀신이라도 있는 거야? ,What is going on here? Is the teacher right? Are there really any ghosts?,0.455929,0.601277,0.853923
말도 안돼요. 귀신이란 건... ,That's ridiculous. Ghosts are ...,0.596815,0.612864,0.747296
여기까지 왔는데 끝까지 가봐요 선생님... 저는 알아야겠어요.,"I'm here, but go all the way. Teacher ... I need to know.",0.443618,0.650586,0.850362
오기만 가지고 할 수 있는 건 아니잖아,You can't just do it with Ogi.,0.450127,0.569566,0.842927
이건 운명이 달린 문제야. 지금은 누가 죽게 될지 아무도 몰라.,This is a matter of fate. Nobody knows who will die now.,0.514567,0.548704,0.844140
지원이 죽음이 타살이 아니었을까? 진실을 밝히라는 말이 자꾸 걸려,Was Ji Won a death? It keeps telling me to reveal the truth.,0.515629,0.643326,0.823434
지원이는 자살했어요.,Jiwon committed suicide.,0.627109,0.668081,0.731779
맞아요. 사실 지원이 같은 애를 죽일 이유가 없어요.,"Yes. In fact, there is no reason why Ji Won will kill the same kid.",0.589034,0.589034,0.760129
시체에 해답을 써놨다고 하셨죠? 우리 첫 번째 문제를 풀지 못했잖아요. ,You said you wrote the answer on the body? You haven't solved our first problem.,0.496007,0.566098,0.808706
첫 번째 문제는 알지도 못해..... ,I don't even know the first problem ...,0.503096,0.600638,0.747670
그러니까요 혜영이 시체에 답이 있을 거 아니냐구요.,That's why Hye-young might have an answer on the body.,0.527092,0.597348,0.780162
시체를 어디서 찾아....,Where to find the body ...,0.631077,0.677021,0.713191
현아 너 그거 어떻게 한거야?,"Hyuna, how did you do that?",0.569524,0.645114,0.752165
어? 뭐?,uh? What?,0.563062,0.563062,0.727059
그 왜 예전에 아침 조회시간에 갑자기 음악 터져 나오게 하던 거....,Why did you suddenly make music pop out during the morning inquiry time ...,0.578206,0.578206,0.756847
"아 그거? 연결선을 빼서 스위치에 타이머를 연결하면, ","Oh that? If you connect the timer to the switch by removing the connecting wire,",0.657125,0.667741,0.713428
같은 방법 아닐까? 혜영이 시체를 우리가 티비로 볼 수 있었던 거,Isn't it the same way? Hye-young could see the body as a TV.,0.529207,0.650711,0.809184
아~ 일단 방송실로 가보자 ,Ah ~ Let's go to the broadcasting room,0.594590,0.634315,0.717379
네 괜찮아요...,yes I'm okay...,0.463674,0.642286,0.771684
먼저 아이들한테 가보죠. 사고가 있을 지도 모르니까요... 근데 지금 몇 시야?,Let's go to the children first. There might be an accident ... but what time is it now?,0.605938,0.667638,0.780010
아저씨 여기서 이렇게 졸고 있으면 어떡해요?,What if you are dozing like this here?,0.532058,0.641866,0.825485
이이고 죄송합니다. 시간이.... 이이구 이거  ,Sorry for this. Time is ... This is this,0.507034,0.685642,0.752733
숫자는 맞네요. ,The number is correct.,0.622434,0.540341,0.653647
아이구 알겠습니다. 선생님... 그나저나 또 어딜 가실 라고 그래요. 그냥 여기 다 모여 있지... ,"I see. Teacher ... Anyway, I'm going somewhere again. Just gathered here ...",0.466449,0.654369,0.857159
알아봐야 될게 있어서요.,I need to find out.,0.422302,0.559311,0.804281
명효야 넌 여기 남아 그래도 여긴 좀 안전 한 거 같으니까 ,"Myeonghyo, you stay here, but I think it's safe here.",0.520965,0.614923,0.834322
싫어 너랑 같이 있을 래,"No, I want to be with you",0.493976,0.579739,0.764582
"명효, 그냥 여기 있어. ","Myeonghyo, just stay here.",0.632360,0.613617,0.750011
이나야 너도 명효랑 여기 있어,"Ina, you are here with Myeonghyo",0.516653,0.598933,0.788407
난 괜찮아 ,I'm fine,0.374251,0.595498,0.800414
그래 이나 남고 차라리 남자아이 한명을 데려가자,"Yes, rather than let's take a boy",0.434176,0.661140,0.856588
남자애들 보다 이나 하나가 훨씬 낳아요. 문제도 풀려면 똑똑한 애 하나 있어야 돼구... ,One is much better than boys. I need a smart kid to solve the problem ...,0.402176,0.559287,0.839388
하긴 이나가 또랑또랑 하지 .... 가자 ,But Ina is a little boring ... Let's go.,0.648557,0.690978,0.754588
아니 어딜 가는지 얘기를 해야 내가 뭔 일 생기면 달려가지...,"No, I have to talk about where I'm going, and when I happen, I run",0.492833,0.613285,0.804611
방송실에서 다른 대로 연결된 선이 있나 찾아보려 구요...,I'm trying to find out if there is a line connected to the other in the broadcast room ...,0.612366,0.645095,0.736409
이걸 시작으로 전 학교에 라인 연결이 되는 거니까 이 선을 따라 가보면 화면 분할기 같은 게 ,"Starting with this, the line is connected to all schools, so if you follow this line, something like a screen divider",0.602215,0.648000,0.757691
굼뱅이도 구르는 재주가 있다더니 넌 언제 이런 걸 배웠냐?,"There is a talent to roll a slug, and when did you learn this?",0.595935,0.680331,0.808334
음악 장비를 다루면 다 알게 돼 있어. ,"When you deal with music equipment, you know everything.",0.535942,0.564328,0.752279
선 방향이 아래로 향해있어요. 아래층에 뭐가 있지? 전기실로 연결되나?,The line direction is down. What's downstairs? Is it connected to the electric room?,0.603165,0.641625,0.776402
이거예요 야 아주 감쪽같은데요?,It's like this.,0.415166,0.710098,0.887758
이 케이블이 전체 학교의 케이블 라인을 다 통제 할 수 있게 되어 있어요.,This cable can control the entire school's cable lines.,0.541031,0.713800,0.802570
그럼 벽을 뚫어야 되는 건가?,"So, should I go through the wall?",0.370543,0.592622,0.809374
잠깐.... ,awhile....,0.456457,0.651940,0.742669
고압 전류선이 있어.. ,There is a high voltage current line ...,0.544596,0.643525,0.762566
"선생님, 다 내려 버려요... 시간도 없고 언제 문제가 또 나올지 모르는데... ","Teacher, get it all down ... I don't have time and I don't know when the problem will come out again ...",0.573996,0.645292,0.763968
아니야 찾았어 큰 스위치를 내리는 창욱.,"No, I found it.",0.262303,0.731855,0.912494
아~ 아~ ,Ah ~ Ah ~,1.000000,1.000000,1.000000
이거 괜한 짓을 하고 있는 건 아닌지 모르겠네.,I'm not sure if this is doing anything wrong.,0.576604,0.679962,0.825260
여기까지 왔는데 돌 아 갈수는 없잖아요. 강현이 앞장서라,"I'm here, but I can't go back. Kang Hyun is at the forefront",0.552829,0.636408,0.803216
"네, 선생님","Yes, teacher",0.664882,0.718062,0.781817
선생님 괜찮아요? ,Are you okay?,0.376740,0.563315,0.874180
네 ...,Yeah ...,1.000000,1.000000,0.843826
거... 거기 누구야 ,Uh ... who's there,0.441926,0.489069,0.797920
범아 그거 놔 어서,"Beom, let it go",0.705001,0.638611,0.732822
... 무슨 소린지 도통 모를...,... I don't know what I'm talking about ...,0.621959,0.563433,0.746694
현아 정신 차려 봐 정신 좀 차려봐 이 자식아 ,"Hyuna, look up, be awake.",0.413178,0.623657,0.885195
현아 ... 미안해 ... 미안해 현아....,Hyuna ... I'm sorry ... I'm sorry Hyuna ...,0.575804,0.575804,0.756968
아~ 아~ 이나야 .... 선생님... 살려줘요. 살려줘요 선생님....제발,Ah ~ Ah ~ Inaya .... Teacher ... Save me. Save me teacher .... please,0.490466,0.651170,0.856715
아~!!!!!!!!!! 아~ ,Oh~!!!!!!!!!! Oh~,0.717157,0.717157,0.779137
이나야 이제 그만... 명효가 저기 있잖아 그만하고 가자...,"Ina, stop now ... Myeonghyo is over there. Let's stop and go ...",0.501304,0.612238,0.789610
각 건물에 다 연결된 보일러 통로구야 이걸 모르고 있었다니.... ,Boiler passages connected to each building. You didn't know this ...,0.623762,0.662371,0.776283
이나야 힘들면 여기서 좀 쉬어,"If it's hard, take a break here",0.578060,0.582565,0.817617
아니예요. 괜찮아요 ,No it's not. It's okay,0.633773,0.574058,0.761743
여기 잠깐 이나 하고 있어요. 제가 가 볼께요...,I'm doing it here for a while. I'll go ...,0.467924,0.662309,0.835892
D=5 라고 했고 0~9 까지의 수라고 했으니까 D + D= T = 0 T는 0이네,"I said D = 5 and it was a number from 0 to 9, so D + D = T = 0 T is 0",0.550209,0.693679,0.813463
여기요 두 번째 O + E = O 니까 뒤에서 1을 받아와야 하니까 ,"Here, since the second O + E = O, we have to get 1 from the back.",0.562979,0.577096,0.749242
A+A는 뒤에서 1을 받을 테니까 A는 4가 되는 것이겠네요.,"A + A will receive 1 from the back, so A will be 4.",0.447744,0.567535,0.809405
"5+G는 10을 넘지 않아야 하니까 G는 뒤에서 1을 받을 것이므로 1,2,3 중에 하나","Since 5 + G must not exceed 10, G will receive 1 from the back, so one of 1,2,3",0.525883,0.644339,0.834491
"5+ G 는 L+L 같은 수 라는 등식이 성립하는데 이게, 함정 같은 숫자가 나오려면 ",The equation 5+ G is the same number as L + L.,0.391674,0.671072,0.886825
,,1.000000,1.000000,1.000000
명효야 괜찮아?,"Myeonghyo, are you okay?",0.610940,0.598802,0.811361
현이는? ,Hyun-i?,0.649148,0.767031,0.701080
...........,...........,1.000000,1.000000,1.000000
전단지 나눠주던 아줌마 였구나....,You were the one who was handing out flyers ...,0.539215,0.491480,0.786306
악~ 아아아아아아 ,Ah ah ah ah ah ah ah,0.875653,0.944098,0.893174
제발 내려주세요. 누구세요? 도대체 누구신데 자꾸 저희한테 이러시는 거예요.,Please drop me off. Who? Who the hell are you doing to us?,0.333959,0.592466,0.861091
내려줘.... 내려 주란 말이야!!,Please drop me down ...,0.490571,0.563154,0.844886
명효야 ~ 명효야  약속대로 문제를 풀 었 잖아요. 그런데 왜 그래~ 왜,"Myeonghyoya ~ Myunghyoya You solved the problem as promised. But why, why?",0.552987,0.573683,0.775889
내가 말 했을 텐데,I would have said,0.483901,0.688136,0.795723
지원이가 자살해서?,Ji-won suicide?,0.509715,0.607219,0.805279
땡~,Dang ~,1.000000,1.000000,1.000000
지원이가 억울하게 죽기라도 했어요?,Did Jiwon die unfairly?,0.423048,0.579426,0.853529
땡 ~ 하지만 비슷했어.,Ding ~ But it was similar.,0.625890,0.652308,0.745438
당신 누구야,who are you,0.318763,0.367873,0.850353
나? 너도 잘 아는 사람...,I? Someone you know well ...,0.393695,0.546628,0.746926
이분은 .....  지원이 엄마.... ,This is ..... Jiwon's mom ....,0.489042,0.638739,0.728916
우리 딸.. 우리 딸 .... ,My daughter .. Our daughter ....,0.528343,0.528343,0.761109
아줌마가 왜 우리한테 ....,Why are you telling us ....,0.426766,0.547684,0.808780
우리 딸은 애들 때문에 죽었어... 애들.... ,My daughter died because of the children ... The children ....,0.634692,0.715110,0.736807
........,........,1.000000,1.000000,1.000000
이제 다 끝났어 가자... ,It's all over now ...,0.528176,0.627254,0.798963
도대체 뭘 얘기 하고 싶었던 걸까? ,What did you want to talk about?,0.494354,0.516889,0.836099
선생님 고마워요 여기 애들 워낙 뛰어나잖아... 이렇게라도 안하면 불안해서요...,Thank you teacher. The kids here are very good ...,0.389026,0.632629,0.887986
선생님 시험문제 유출 한 거 다 알아요. 제 성적만 보호받을 수 있으면 공개는 안 할게요.,"I know you leaked your exam questions. If my grades can only be protected, I won't disclose it.",0.544050,0.616108,0.811925
죄송합니다. ,Sorry.,0.252803,0.683331,0.851777
다행입니다. 더 이상의 무고한 희생이 없어서....,"Fortunately, the. There was no more innocent sacrifice ...",0.670298,0.690713,0.704714
