Original(Korean),Our Translation(google trans),comp1 score,comp2 score,comp3 score
아야 ~ ,Ouch,0.571548,0.697850,0.619948
뭐가 웃겨 이것들아 아파죽겠는데...,Whats funny exist that these things will injure,0.649409,0.690215,0.742498
괜찮아? 어디 봐?,Sooner State Where set you search,0.456889,0.646838,0.834492
아 ~ 괜찮아 ,Ah its okay,0.538362,0.641591,0.764990
이구 이 덜렁아 ~ 지진 나는 줄 알았다. ,I guess this exist a sloppy earthquake,0.656863,0.661356,0.754487
하~ 꿈꿨어 .... 하 뭐 이런 꿈을 꾸지?,Ha I had a dream ha What are you dreaming like,0.626120,0.626070,0.776989
이 빨갱이들.. 하필이면 시험 마지막 날 쳐들어오고 있어. 명효야! 그거 하나만 .... ,These Bolshevik Theyre descend in on the last daytime of the test Myeonghyo Thats only one,0.597840,0.645999,0.753830
웬 양이 이렇게 많아? ,How many exist there,0.640930,0.697372,0.714247
이게 진짜 죽을래? 이거나 도와줘 ,Will this rattling exit Or serve me,0.590724,0.679142,0.781211
아 배야 아~ 어제 라면 먹지 말걸. 명효야 이것 좀 걷어서 세면장으로 와 .  아~,Ah my belly ah Dont eat ramen yesterday Myeonghyo seed pass to the pot Oh,0.548957,0.602188,0.819344
아 똥.... 야 좀 빨리 나와 . 아아 !!,Oh dirt Hey come out a short quicker Ah,0.528138,0.621551,0.788211
누가 이나 좀 도와줘라. 오늘 빨갱이 쳐들어와서 신경이 예민하시다. ㅎㅎ,soul aid me Today red black pepper get along in and exist neural hehe,0.581672,0.623325,0.788294
이명효.. 너 볼일 보고나서 두고 봐 죽었어....,Spike Lee Myeonghyo After project your workplace I allow you dead,0.530926,0.589809,0.757586
너 그러다 싸겠다. ,You will exist inexpensive,0.585723,0.675393,0.751834
야!,Hey,0.323217,0.323217,0.540353
응 영양제 먹었어. 엄마. 응 알았어... ,Yes I engage a nutritional supplement mum yea I start it,0.524722,0.692162,0.806861
전화 좀 나가서 받을래?,Would you like to conk out out and respond the headphone,0.490732,0.570287,0.813053
엄마 끊어  남 상관 말고 니 할일이나 해,Dont tending about your mama set your chore,0.583291,0.609704,0.787783
여기 너 혼자만 있어? 신경 쓰이니까 나가서 전화 하라구 . ,Are you solely hither Im interest and then conk out out and shout out me,0.616623,0.614181,0.774103
엄마 없는 건 니 사정이지 나한테 왜 그래,Its your situation without a mother why do you do that to me,0.613381,0.580591,0.752352
뭐 이 새끼야? ,What is this kid,0.688380,0.711644,0.791085
강이나 좀 조용히 하자. 공부하는 사람들 있잖아 ... ,Let the river constitute quiet There are people who study,0.630696,0.538448,0.783958
입에 금수저 물고 난 자제분들 이라고 서로 편먹는 거니 너 네들.... ,Are you jest at plain to me that Im a nipper who get a gold spoon in my back talk,0.559611,0.596190,0.769534
말이 좀 심하다.,Im a short speechless,0.563554,0.563554,0.668335
엄마 놓고 이상한 소리 해댄 건 니들이야,Its you who draw a strange noise over your female parent,0.537665,0.575974,0.706496
내가 언제 엄마를 걸고 넘어졌니? ,When did I tumble on my female parent,0.729553,0.658300,0.744386
학교에서는 엘리트 행세 다 하고 다니면서 니들끼리 이상한 말 퍼트리고 다니는 거 ,At school day youre all elite disseminate strange tidings among yourself,0.568473,0.692101,0.837922
말 좀 가려서 해라. 추하다.... 너 엄마 없는 건 사실이잖아,make some hiding Ugly Its true that you dont have a female parent,0.629829,0.641985,0.744787
이것들이 선생님들까지 벌벌 기니까 뵈는 게 없지?!,Since these are punished even by the teachers there is nothing to lose,0.652214,0.670287,0.756300
그거야 능력이지... ,Thats the ability,0.644769,0.749357,0.696296
아니지 편법이지,No its a cutoff,0.562434,0.636719,0.751402
너랑 상대하는 시간이 아깝다. 선생님한테 그대로 얘기해 줄까?,Its a waste product of time dealing with you Would you like to talk to the instructor,0.604379,0.657420,0.771876
육성회장님 한테 얘기하는 게 아니구?,Youre not talking to President Foster Sung,0.594375,0.630860,0.772983
억울하면 넌 강현한테 일러. ,If it is unfair you will tell Kang Hyun,0.601444,0.655631,0.740766
너 되게 유치하구나.,You equal indeed childish,0.548244,0.656538,0.768157
"야야 주번, 일루 와~ 이거 장난감 핸드폰 아니야? 다시 가져와 임마",Hey lord add up on Isnt this a plaything headphone Bring it backward fop,0.557182,0.585960,0.775113
아 새끼 거 냄새난다. 임마~ 얼마나 마신거야?,Oh it smells like a baby How long take in you been drinking,0.636013,0.647760,0.730633
김세임  땜에 죽도록 마셨어요. 중간에 도망가면 어떡해요.,I snuff it because of Kim Seim What to practice if you track down aside,0.566182,0.643044,0.782903
시험문제 검수하느라고 전날 날 꼬박 샜어 너무 피곤하더라고.,I represent therefore tired that I stir up up the daytime before tally the test interrogation,0.562788,0.593512,0.729117
선배는 시험을 무슨 예술로 보는 경향이 있어. 대충 퍼다 가 내면 되지.,Seniors tend to visit the test as an artistry You just need to spread it out,0.663271,0.666289,0.807074
야 임마 내신 하나에 애들 미래가 달라져... 변별력 있게 내야지 너처럼 대충 하면 되겠어? ,Hey guys the future of the kids constitute different for one I ingest to exist discerning,0.604450,0.667181,0.779693
선배가 고민해서 안해도 우리학교 애들 다 지들이 알아서 열심히 해.,Even if my seniors dont worry about it all the kids in our school take care of it,0.638776,0.637793,0.771747
네 안녕 하세요 선생님,Yes howdy instructor,0.501644,0.665398,0.816561
왜 이렇게 안색이 안 좋으세요.,Why exist you so uncomfortable,0.657124,0.678276,0.726561
그런가요?,is that so,0.688983,0.724949,0.636149
저 샘은 웃는 걸 본 적이 없어 ,That Sam never learn me smile,0.520862,0.683373,0.778515
어때 이쁘잖아,Hows it pretty,0.639844,0.639844,0.740734
아니 학교에 아직도 담 넘어 다니는 학생이 있다니 이게 말이 되요? ,No set this pretend good sense that there equal nonetheless student in the schooling yet walking over the walls,0.579195,0.629013,0.815162
너 지금 뭐하는 거니? ,What make up you practice now,0.656180,0.656180,0.711534
.............,,1.000000,1.000000,1.000000
다시 풀어. 장난하지 말고...,Release again Dont constitute kidding,0.546797,0.633051,0.782843
왜 그래? 무슨 일 있어?,What is it Whats going on,0.751733,0.768414,0.753235
시험지가 이상해요...,The examination composition constitute weird,0.410864,0.642977,0.861501
너무 긴장해서 그래 .. 천천히 풀어... 자~ 일어나,Im and then neural Slowly spill it,0.569458,0.692744,0.817818
망했어 난 망했어....,Im make love Im make love,0.576649,0.619099,0.691016
오. 마이갓 정말이야? 답이 이거야?? ,Five Really The reply exist this,0.573112,0.592378,0.718433
"시험도 끝나고, 날씨도 예술이고... 일찍 끝났는데 뭐 재밌는 거 없나?",The exam is over the weather is art I ended up early is there anything interesting,0.609990,0.653543,0.758910
이거나 널어. ,Or its up,0.554084,0.592554,0.642905
너 양이 많은 걸 보니까 스트레스 너무 많이 받은 거 아니야?,see that you get a mountain didnt you bring besides much tension,0.652640,0.639230,0.754716
정말 오늘은 최악이다. 꿈땜에 그런가?,It rattling exist the regretful today embody it because of your dreaming,0.515800,0.627076,0.830969
무슨 꿈? ,What dream,0.622729,0.674792,0.807001
얘기했잖아. 이상한 꿈 꿨 다구... 하~ 시험 잘 봤어?,I distinguish you I accept a strange ambition hour angle Did you cause easily on the exam,0.538586,0.617610,0.826379
응 느낌이 좋아 꿈땜에 그런가?,Yes I feel good cost it because of my dream,0.614994,0.654187,0.734530
무슨 꿈?,What dream,0.622729,0.674792,0.807001
원빈오빠랑 자는 꿈... ,Wonbins dream of sleeping,0.731790,0.668694,0.722548
빈 오빠가 미쳤냐? 너하고 자게?,be your empty sidekick crazy nap with you,0.580058,0.638787,0.770047
꿈인데 뭐...,Its a dream,0.566626,0.541222,0.801676
"안 돼, 꿈도 허락 할 수 없어. ",No I cant over still allow dreams,0.562911,0.540315,0.723510
막~  해주는데 정말 하는 거 같더라니까,Im just doing it but it seems like Im really doing it,0.664215,0.664215,0.748287
아~ 안돼 미친년.... 일루와 ,Ah nobelium crazy daughter Illuwa,0.524213,0.648575,0.755788
으구 기집 애 이제 좀 웃네..,Ugh little girl now laugh a little,0.638426,0.706598,0.748496
여기가 여자 기숙사 옥상이구나?,exist this the rooftop of a female dormitory,0.565532,0.611013,0.719923
어머~ 현아 ,Oh Hyuna,0.680863,0.499568,0.790957
너 여기 어떻게 왔냐? ,How cost you hither,0.544967,0.655587,0.781524
이 오빠가 못 가는 데가 어딨겠냐.  ,Where can this crony not extend,0.580959,0.649555,0.775581
사감 선생님 오기 전에 가라,Go before the sensational teacher comes,0.675352,0.657505,0.710220
200일주 한잔 해야지. 스트레스도 풀고...,I necessitate a drink for 200 weeks Relieve stress,0.607896,0.622851,0.775778
어 진짜 200일 밖에 안 남았구나..,Uh there exist only 200 Clarence Day impart,0.613397,0.564594,0.756609
뭘 또 맞장구 치고 있어...,What else are you playing against,0.672022,0.672022,0.780231
중간고사도 끝났는데 클럽 놀러 와라 파티 한다.,The midterm exam examination constitute over but we follow to the guild to party,0.531721,0.613264,0.776343
너나 파티 하세요. 학교를 왜 다니는지 도무지 알 수 없는 정신없는 놈아. ,get a party with you I slant number out why I extend to school,0.510324,0.654435,0.837403
꼭 와야 돼. 니들 안 오면 내가 납치하는 수가 있다. 내가 맘먹으면 할 수 있다는 거 알지?,Must follow If you dont amount I can kidnap you You fuck I can practice it if I care it,0.508027,0.619355,0.808595
그래봐 그랬다간 죽는 수가 있다.,Yes and then you can give out,0.503273,0.685535,0.834200
제발 납치해 줬으면 좋겠다.,I trust you kidnapped me,0.528919,0.583252,0.833991
지랄을 해요.. 아주~,Im bang very,0.479217,0.536302,0.784596
아 왜~ 멋있잖아. ,Oh why Its cool,0.601831,0.635312,0.787017
아 뭐야 진짜 이런 거 공개 안하면 안 돼? 이런 거 공개하는 학교가 어딨어 짜증나 ,Oh what can we very dress Why represent it gravel to get a schooling that eject this,0.569900,0.630494,0.784581
아 시발 ~ 한 등급 또 떨어 졌어.,Ah fuck one grade drop again,0.582508,0.660403,0.759793
이나야? 괜찮아?,Ina Sooner State,0.676232,0.566285,0.745586
어? 어.... 내가 뭐 천재냐? 매번 장학금 타게.,uh Uh what am I a genius Get a scholarship every time,0.614925,0.636479,0.760567
그래도....,still,0.734847,0.779289,0.624989
걱정 하지마. 윤명효! 4등 등극을 축하한다! 딸기우유나 한잔 쏴라,Do not worry about it Yoon Myeonghyo Congratulations on your fourth place Take a glass of strawberry milk,0.560712,0.590480,0.761189
쥐포도 쏠게 ,ailment shoot down the grapes,0.442182,0.683945,0.796105
좋지,good,0.461880,0.666667,0.678179
3학년 1등 또 황선생 반이네 대단해. 어떻게 황선생은 어떤 애들을 붙여놔도 1등이네.,Hwang Senseis grade represent besides great nobelium matter how many kids you impound Hwang exist the first station,0.643239,0.643239,0.750200
애들이 열심히 해서 그런거죠 뭐,Its because the kids cultivate hard,0.674512,0.711220,0.743422
최선생... 분발 해야겠어 . 3등으로 떨어졌어요.,Best student I have to adjudicate It fell to third place,0.609495,0.652199,0.773007
죽일 거야 죽일 거야 다 !,I will kill you I will kill you all,0.749672,0.749672,0.781689
야! 조범! 조용히 안 해! ,Hey Jo Bum Dont be quiet,0.657302,0.657302,0.745883
뭐야 저 병신새끼. 시험 기간만 되면 아주 생 지랄을 해요.,What be that mother fucker After the test flow Im rattling sick,0.480199,0.679364,0.794416
작년부터 애가 좀 이상해 왜 저래?,The kid has been a bit weird since last year,0.674673,0.687381,0.761964
다친데 없어?,Are you spite,0.445028,0.589308,0.723545
어 ~ 괜찮아...,Uh its okay,0.502727,0.618012,0.791930
10분 뒤에 아침조회가 있을 예정이오니 학생들은 모두 운동장으로 나와 주시기 바랍니다.,There will be a morning inquiry in 10 minutes so all students represent requested to come to the playground,0.640704,0.589740,0.765011
조용! 조용! 선생님들께서는 속히 아이들을 정렬해주시기 바랍니다.,quiet quiet Teachers are expected to sort the children as soon as possible,0.634389,0.636985,0.770062
노래 어때 ? ,How about telling,0.498186,0.649522,0.822832
너 미친 거 아니냐?,Are you crazy,0.404750,0.599230,0.774495
학교가 이런 맛도 있어야지 ...,schooling should take in this taste,0.664476,0.756395,0.736237
너 나한테 잘 보여라 여차하면 신고해 버린다.,If you nevertheless point me intimately describe it,0.632371,0.559037,0.753890
강현! ,Ganghyun,0.850210,0.850210,0.862516
니들은 들어가  또 너지? ,You go in and you again,0.620846,0.695456,0.769981
"선생님께서는 왜 증거도 없이, 사람부터 때리세요? ",Why get along you hit multitude first without evidence,0.573805,0.658171,0.776069
증거?  너 증거라고 그랬냐? 이 자식이.... ,evidence Did you say its validation This child,0.677438,0.726544,0.741174
"이 선생, 흥분하지 말고, 그만 해요. 내가 알아듣게 얘기할게...",Teacher dont get stimulate stop ailment assure you to translate,0.555000,0.606060,0.786766
넌 내가 담임이었으면 오늘 가만 안 놔둬...,If you constitute my home room dont leave today,0.561028,0.540532,0.791841
알았어요. 내가 교육 시킬께요. ,I consider I will develop you,0.500117,0.630839,0.793523
"선생님, 긴급 교무회의 한다고 교무실로 바로 오시래요...",Teacher I require to issue forth to the instructor position for an exigency academy meeting,0.538557,0.548298,0.786387
아 또 잔소리 꽤나 듣겠구만....,Oh Im going to hear some nagging again,0.644816,0.614522,0.759943
선배 어떻게 할 꺼야... 지금 교장실 난리 났어요. ,What exist you going to do The principals office is in trouble,0.625351,0.671104,0.733317
왜 틀린 거 하나도 없 더 구만 노래도 좋구...,Why isnt there anything wrong and the song is good,0.616007,0.648654,0.739054
반만 1등하면 뭐해요. 학교 이미지 다 망쳐 놓는데... ,What manage you do if you are first in class It ruined all the school images,0.610685,0.636273,0.734787
무슨 말을 그렇게 해요...,What manage you allege,0.507944,0.726870,0.764094
1학년 때 수학여행 가서 ,I depart on a school stumble in the first grade,0.614185,0.735694,0.758529
야 매로 다스릴 애였으면 벌써 그렇게 했어. 강현이 나쁜 애 아니야... 애를 이해하고 다스려야지 ,If you were the one to rule with hawks you already did Kanghyun is not a bad boy I have to understand and govern him,0.603229,0.612464,0.738351
하긴 뭐 애들 인기에 워낙 신경 쓰시니... ,But what make you deal about kids popularity,0.612539,0.665092,0.768263
내가 아이돌 인가? 결혼을 안 해서 애들 맘을 잘 모르시죠? ,Am I an idol Youre not married thence you dont bonk the Thomas Kyd intellect,0.626325,0.620854,0.736178
왜 그래요 들 ... 열 받는 건 난데 왜 둘이 싸우고 난리야 ,Why exist you guys Im getting fevered,0.530068,0.631636,0.849545
앉아요. 금쪽같은 수업 빼서 회의 하는 거니까 간단히 전달 사항만 얘기하겠습니다.,sit down please Since cost having a meeting without a class like this Ill just talk about the details,0.619711,0.671262,0.775707
네 ,Yeah,1.000000,1.000000,0.843826
아이들 발음문제 특별히 신경 쓰시기 바랍니다. 이번에 기대하겠습니다.,Please pay special attention to childrens pronunciation problems We look forward to this,0.620098,0.591524,0.731446
네 ...,Yeah,1.000000,1.000000,0.843826
기획서 누가 작성 했습니까?,Who spell the proposition,0.500352,0.644688,0.804797
네 제가 했습니다. ,Yes I manage,0.477885,0.649803,0.835986
음  여기 나온 대로 진행 할 테니까 선생님이 전체 통솔을 맡아 주고.. ,easily Im going to proceed as shown here so the teacher will take care of the whole thing,0.624236,0.636684,0.771564
네 ... 반 학생 중에 영어를 좀 하는 녀석이 있어서 도움을 좀 청하려고 합니다. ,Yes Some of my classmates speak English and then Im going to ask for some help,0.602006,0.674324,0.759879
그건 알아서 하세요. 하~ 오늘 아침조회는 도대체 뭡니까? 긴말 않겠어요.,make out it yourself Ha Whats the good morning inquiry I wont say a tenacious discussion,0.602906,0.634271,0.731417
시말서 준비하셔야 겠네요 ...,You should constitute develop,0.589473,0.683388,0.773015
이번 주말까지 성적 떨어진 사람 연습장 3권씩 채워... ,Fill in 3 practice books for those who have lost grades until this weekend,0.608524,0.618893,0.744367
니들 커서 나같이 선생이나 할래? 이 학교 나와서 연 고대 밑으로 갈 꺼야?,Would you like to exist a instructor like me when you turn up Are you depart to get away of this schooling and conk down to ancient clip,0.496043,0.640103,0.813676
선생님 저희 학원도 가야돼는데...,Teacher Our schoolhouse also experience to endure,0.640154,0.601304,0.761782
신곡발표가 너무 요란했던 거 아니야? ,Wasnt the new strain announcement also loud,0.530685,0.641646,0.776468
죄송합니다. 선생님. ,Sorry instructor,0.363357,0.637156,0.810138
선생님이 이번엔 커버해 준다. 노래가 좋아서 봐주는 거야... ,The instructor handle this time I like the vocal because I like it,0.603687,0.668839,0.763674
선생님! 놀톤데... ,instructor Im surprised,0.676969,0.652036,0.685827
그러니까 벌이지 임마 .... ,and then dude dude,0.617078,0.702561,0.797415
뭘 해야 하는지 는 알고.... ,I bang what to answer,0.501444,0.597018,0.811623
나와 보면 알아. 그럼 그렇게 결정 난거다. ,Look at me and get laid Then it was decided,0.635172,0.699103,0.793415
차라리 화장실 청소할게요. 선생님! 저 주말에 공연해야 돼는 데...,Gem State rather clean the bathroom Teacher I involve to perform that weekend,0.625078,0.642920,0.782925
아~ 내일 주말인데 다른 애들 다 집에 가고 이게 뭐야,Ah Tomorrow is the weekend all the other kids go home and what is this,0.621771,0.608353,0.747470
야 영광으로 생각해. 그래도 학교 대표로 나가는 건데.. 나는 방도 우리만 쓰니까 좋구만...,Hey Im abide by Im even extend to cost the school day instance,0.496012,0.626286,0.841384
스무 명이 참가한다고 했나?  이나야 오늘 클럽 가자. 사감장도 없는데,Did twenty people say they would participate Inaya Lets go to the club today I dont have a supervisor,0.632116,0.608739,0.752824
기숙사 탈출하자고? ... 너 왜 갑자기 안하던 짓을 하고 그래,You require to get away the dormitory why make you get along something you didnt short set,0.513701,0.592104,0.786558
내가 점점 널 닮아 가나봐 히~,Im commence more and more like you,0.581303,0.499097,0.771742
허~ 참. ,Huh True,0.733989,0.733989,0.807523
이나야 ...,Inaya,0.760372,0.760372,0.893358
그 한심한 놈이 그렇게 좋니?,Is that pathetic guy indeed good,0.645665,0.704593,0.769301
응~,Yes,0.734847,0.900000,0.715132
그럼 좋다고 해~! ,Then order good,0.656452,0.690064,0.781514
못 하겠어. ,I slant,0.413603,0.589141,0.772291
내가 대신 말해줘?,Can I tell you instead,0.600071,0.684450,0.749057
싫어. 안 돼.... ,Hate No,0.636526,0.690234,0.799809
너 혼자가! ,You go alone,0.656926,0.570704,0.735775
"야 이나야, 너는 걔랑 친하잖아 나 혼자는 못 가겠단 말이야.",Hey ina youre last to her I pitch conk out solely,0.432615,0.633511,0.838887
몰라 기집애야 너 혼자가! ,I dont know lady friend you die solely,0.515511,0.617581,0.777545
거기 누구요?,Who cost there,0.401727,0.554118,0.698473
허허허헉.....,Huh huh huh,0.701027,0.680142,0.711466
뭐하는 거야? 거기서,What personify you set at there,0.642363,0.643987,0.746666
뭘 보고 이러는 거야 지금... 어이 학생 왜 그래~,What follow you behave here,0.331489,0.570495,0.865846
대학생 맞아요? 이거 학생증 위조 한 거 아니죠?,Are you a college student Isnt this a fake student Gem State,0.587498,0.615012,0.745001
저희가 고등학생으로 보여요? ,behave we look like high-pitched school students,0.628664,0.641269,0.773637
와줘서 고맙다.,Thank you for come up,0.553886,0.553886,0.700460
나한테 고마울 거 없어. 명효가 오자고 해서 온 거야. 그래도 뭐 생각보다 재밌네. ,Theres nothing to thank me for It was because Myeonghyo asked to come Its more fun than I thought,0.613120,0.620297,0.770819
뭔데? ,What,0.361824,0.778105,0.692295
너 같은 꼴통이 어떻게 우리 학교를 왔냐? 중학교 때 공부 좀 했냐?,How cause a schoolhouse like you hail to our schooling Did you take in middle schooling,0.587724,0.568324,0.800323
비밀인데 너니까 얘기해줄게.... 학교에 버스 3대 사주고 입학했어.,Its a secret indeed Ill tell you I bought three buses and went to school,0.612044,0.675650,0.794438
아~ 그래? 버스 3대면 우리학교 들어올 수 있구나... ,Ah Three buses can put down our schooling,0.528236,0.623607,0.834475
겁 대가리 없는 건 학교지... 너 우리학교 비리가 얼마나 많은 줄 알어? ,Its school without fear How many get along you make love about our school corruption,0.612017,0.619149,0.754334
너 또 다음에는 무슨 짓을 하려구,What are you going to do next sentence,0.610946,0.650162,0.783334
학교가 한번 발칵 뒤집어질만한 좋은 계획이 있지... ,I hold a good architectural plan for the schooling to alternate over once,0.569221,0.569221,0.740065
너도 참 한심한 청춘이다. 그래 학교 다니는 또 하나의 이유가 뭐냐?,You cost besides a pathetic younker So what make up another cause for going to schooling,0.631770,0.594934,0.741711
또 하나는 ....... 너. ,Another one you,0.502466,0.535167,0.708220
새끼 어디서 수작 피우기는.... ,Where get along you fume,0.488904,0.638052,0.800708
수작이라니.... 나도 궁금한 게 있어,Its a masterpiece I cause a doubt also,0.496614,0.587090,0.779583
뭐,What,0.511696,0.511696,0.800700
왜 이렇게 장학금에 민감해?,Why are you so sensitive to scholarships,0.625428,0.609299,0.752533
너같이 있는 놈들 한 테는 별거 아니지만 난 달라 더 이상은 묻지마. ,Its no big great deal for cat like you but Im unlike dont need any more than,0.640657,0.661577,0.790505
눈 풀어라. 느끼하다.,turn your eyes greasy,0.636013,0.550959,0.789921
야 근데 좃 밥이 뭐냐?,Hey whats her rice,0.446185,0.564912,0.844786
어? 그런 게 있어 ,uh There is something like that,0.603257,0.752403,0.739895
나중에 알려줘라 ... 야 이명효 가자,Let me be intimate later hey lets go,0.627453,0.631388,0.754054
야 오늘은 특별수업인데 꼭 걷어야 되냐? ,Hey today exist a special class should I walk,0.607407,0.715787,0.762958
악마의 입 냄새 가 걷으랬어. ,The devils verbalize told me to walk,0.620577,0.624235,0.737721
마저 걷어서 복도 사물함에 놓고 와 ...,Even walk and put it in the locker in the hall,0.612352,0.612352,0.738382
혜영 이는 아직 안 왔구요. 동혁이는 똥 싸러 갔어요.,Hyeyoung hasnt come yet Donghyuk went to fight shit,0.604769,0.628630,0.829857
웃음...,gag,0.600124,0.597827,0.678798
혜영이가 그럴 애가 아닌데... 무슨 일 있나? 이나야 너 기숙사 좀 갔다와봐,Hyeyoung represent not a kid Whats going on I think you went to the residence hall,0.613526,0.643145,0.779499
네? 네~,Yeah Yes,0.831182,0.943431,0.691202
"조범, 너 언제부터 이랬니?",Jo Bum when did you do this,0.732504,0.646037,0.800897
시험 때만 되면 이상 한 게 보여요,I can see something strange at the time of the exam,0.663198,0.668802,0.732620
뭐가 보이는데?,What practice you go steady,0.497248,0.574872,0.781954
여자요...무섭게 생긴...,adult female looks scary,0.730091,0.730091,0.749682
근데 팔은 왜 이렇게 만들어 놨어,But why did you make your arm like this,0.629635,0.646870,0.757233
내가 그러는 게 아니 예요. 걔가 그러는 거지,Im not like that Thats what he set,0.570208,0.749472,0.800374
그래 가서 앉아 ,Yeah conk sit,0.641995,0.693203,0.744902
조금 있다가 최소영 선생님 들어오셔서 VTR수업 할 꺼니까 그동안 자습하고 있어...,After a while Mr Choi Choi will get along in and take a VTR class and then Ive constitute studying,0.639840,0.659194,0.738455
아 진짜 나는 왜 남아야 하냐고. 아무런 관련도 없는데...,Oh really why should I stay on It have got goose egg to practice with,0.566108,0.527257,0.785716
넌 임마 군기반장 이잖아. ,Youre the top dog of the USA,0.578966,0.605624,0.754076
괜히 선배가 기획서 도와 달라고 그래서 나까지 남은 거 아냐,It wasnt until the seniors demand me to assist with the marriage offer,0.616201,0.602989,0.768749
"짜식, 선생이 되가지고 학교 좀 오는 게 어때서 그래.... 참, 최선생님.",Jasik its like being a teacher and coming to school a little bit,0.645992,0.693061,0.817495
조범이 말예요 혹시 부모님 만나 보셨어요?,Jo hind end hold you play your parents,0.501124,0.636021,0.801081
별 걸 다 신경 쓰시네요.. ,You like about everything,0.503335,0.641482,0.785108
전 좀 신경이 쓰이네요.,Im a little worried,0.450285,0.631504,0.837235
그렇잖아도 전화 했는데 이번 초청수업에는 꼭 참가를 해야 한다면서 ,Even indeed I called and enunciate I must participate in this invitation social class,0.619301,0.644615,0.760145
심각해 보이던데 ,It looked serious,0.657215,0.694375,0.721101
"뭐, 다 지 팔자지. 부모가 안 된다는데 어떻게 해. 아휴~ 애들 공부를 적당히 시켜야지",Well lets sell it all What perform you do when youre not a parent Ah I have to examine the kids decently,0.603231,0.621599,0.753615
임마 너는 청결먼저 어떻게 좀 해봐,How get along you get along it foremost,0.559368,0.693593,0.800895
아 나 정말 나 이빨 닦았어..,Ah I really sweep my dentition,0.665494,0.700436,0.750016
수업준비물 챙기러 왔다가 깜짝 놀랐네.,I constitute surprised when I get along to compact my social class,0.474522,0.620596,0.777868
저는 선생님 신음소리 때문에 놀랐는데 히히.,I exist surprised by the teachers moaning but hehe,0.539179,0.684310,0.805660
일단 수업 들어가자 나도 가던 참 이었어.,erstwhile in category I cost choke also,0.620307,0.626969,0.786557
혜영이랑 동혁이 아직도 안 왔어?,Hyeyoung and Donghyuk still havent come,0.668511,0.709611,0.751932
동혁 이는 아무래도 느끼고 있나본데 ? .. ,Donghyuk cost this how you experience,0.539129,0.643864,0.758065
조용!. 첫 시간은 VTR 레슨을 할 껀데,quiet The first time is for a VTR lesson,0.639164,0.680684,0.699121
악~!!!!!!!!!!!!,Evil,0.342079,0.611609,0.721889
어 넌 왜왔어 임마,Uh why embody you hither dude,0.519483,0.529508,0.747567
담임선생님이 오라고 그래서요.,Thats why the home room teacher expect me to get along,0.510187,0.581613,0.755503
어 현이 왔구나. ,Oh Hyun is here,0.600982,0.566825,0.736487
예 선생님 전 뭐해야 되요?,Yes teacher What should I do,0.603102,0.630592,0.846738
너 중학교 때까지 영국에서 살았다며,That you lived in England until middle school,0.628854,0.653371,0.780285
네,Yeah,1.000000,1.000000,0.843826
저기 서류들이 다 원문 서류들인데 니가 분리 좀 해줘라,All of the documents there are original documents but please separate them,0.635138,0.637202,0.729534
임마 부모님한테 잘 해 너 같은 꼴통 그래도 가르치겠다고 유학까지 같다왔으면...,Im and then good to my parent Id like to study afield to instruct you the alike direction,0.573580,0.631706,0.795840
이선생... ,instructor,0.735055,0.746677,0.766384
쟨 왜 저기 있대 ?,Why be you there,0.476163,0.564833,0.787406
어 저기가 어디야?,Where exist that,0.597293,0.597293,0.686301
아,Ah,1.000000,1.000000,1.000000
조용! 너희들 제자리에 앉아. ,quiet You guys sit in place,0.634259,0.689724,0.792340
누구야! 어떤 녀석이 또 장난질이야? ,Who embody it Which guy is kidding again,0.662836,0.690265,0.756950
저거 혜영이 아니야? 이 선생 방송실로 가봐.,Isnt that Hyeyoung Go to this teachers broadcast room,0.609399,0.709109,0.757623
네 선배,Four senior,0.585723,0.628381,0.719698
일단 애들 동요하면 안 되니까 상황보고 안 되겠으면 전원을 다 꺼버려 ....,Once you cant escape from the kids turn off the king if you cant get wind the situation,0.613022,0.613400,0.774012
이걸 어떻게 하는 거야? 무슨 선이... 이렇게 많아? ,How get along you do this What line indeed many,0.638977,0.740772,0.785647
시팔 이거 뭐야. 왜 안 꺼져... ,What make up this Why doesnt it rick off,0.512972,0.616985,0.727865
이 자식을 그냥~!,Just this child,0.630162,0.759813,0.727732
그 애가 오고 있어... 아~ 그 애가 그 애가 왔어,Shes occur Ah Shes here,0.496038,0.554605,0.867173
아 저 새끼는 또 왜 지랄이야 재수 없게... ,Oh why is that shit again,0.506731,0.694119,0.843665
이나야 무서워,Im frighten,0.372755,0.507250,0.768442
괜찮아 ,Sooner State,0.643098,0.643098,0.745140
너네 사귀냐? ,Are you go steady,0.638273,0.615016,0.696551
쥐 새끼같은 놈 ,crumb,0.370508,0.546290,0.880462
선생님 핸드폰 되세요?,get along you have a cell phone,0.710709,0.658551,0.723750
전원이 안 켜지는데요?,The power does not turn on,0.609345,0.659754,0.770856
너지 너 말고는 이런 천재적인 짓을 할 새끼가 없어.,Theres no young carnivore to set this maven other than you,0.613700,0.659424,0.766650
네?!  ,Yeah,1.000000,1.000000,0.843826
이 새끼 모르는 척 하는거 봐,Look pretend you dont jazz this bastard,0.595120,0.646059,0.739534
증거도 없이 무조건 범인으로 몰아세우지 마세요. ,Dont effort him to the perpetrator without grounds,0.553130,0.606242,0.790232
너 증거 라 그랬냐? 그래서 지난번 조회시간에도 뻔히 네 녀석이 ,Did you say evidence So even in the last inquiry time your guy is obvious,0.656310,0.671885,0.757908
전 장난은 쳐도 살인은 하지 않습니다.,I recreate a put-on but I dont stamp out,0.575706,0.621794,0.790296
이 선생! 진정해.,This teacher equanimity down,0.617373,0.746155,0.770750
지금 진정하게 생겼습니까?,make up it truthful instantly,0.693636,0.756140,0.804981
지금 뭐하는 거예요. ,What personify you get along at once,0.556672,0.604030,0.770735
제가 한 거 아니에요. 제가 안했습니다. ,I didnt set it I didnt,0.537538,0.678250,0.835222
아니긴 뭐가 아니야! 이 새끼야! ,No not what This love child,0.486204,0.638160,0.804642
"선생님, 이나 자리에 혜영이 핸드폰이 있어요. ",Teacher Hyeyoung possess a cell speech sound in the seat,0.629203,0.693231,0.757262
강이나 너 그 핸드폰 어디서 났어...,Where did the river or you get that cell phone,0.614129,0.645360,0.723490
선생님이 기숙사 다녀오라고 하셨을 때 복도에서 주은 거예요...,When the teacher told me to go to the dorm I gave it in the hallway,0.618894,0.605225,0.800738
니들 둘이 친하니까 짜고 했을 수도 있잖아. ,You two might represent salty because youre closing,0.591185,0.604500,0.753170
죽을래? 시발 놈아,Wan na give out screw,0.543070,0.624591,0.783575
선생님 앞에서 무슨 짓이야,What are you doing in front of the teacher,0.677987,0.630442,0.735961
하지 마 ,Do not,0.345589,0.445083,0.699713
왜 학교 전화가 다 안 되는 거예요?,Why bank I set about all my schooling calls,0.651927,0.698913,0.726903
그러게 말예요 전화가 안 되니까 영~ 깝깝 스럽구만 이것이 뭔 일이래~ ,I cant bring in a telephone outcry indeed Im sorry but this exist what it is,0.600902,0.697611,0.793725
저기가 어딘 것 같아요?,What get along you think there is,0.643105,0.708377,0.755380
글쎄요 잘 모르겠는데요?,considerably Im not certain,0.658749,0.652769,0.766806
잘 좀 봐요. 아저씨,shoot a good smell Mister,0.551232,0.551232,0.714417
이래 뵈도 수위경력 10년이 넘는데 제가 학교 안 가본 곳이 어디 있겠어요?. ,Since then she experience represent in the water for over 10 years but where has I been to school,0.641580,0.626691,0.746658
저 아저씨도 핸드폰이 안 되나요?,Doesnt he even have a cell telephone,0.609502,0.609502,0.696241
그러게 내 핸드폰도 안 켜지던데 밧떼리가 다 돼서 안 된다고 생각하고 있었는데 ,I didnt turn on my cell phone like that but I was thinking that the battery should be gone,0.644385,0.688213,0.806118
뭐야 저거 ....,What is that,0.613264,0.696231,0.714326
아~,Oh,0.717157,0.717157,0.779137
야 이놈들아 뭐하는 거야 질서 있게 행동 못해 ,Hey what comprise you practice you slant act as in order,0.577610,0.569804,0.750301
야 너 거기 서... 거기 안서 ... ,Hey you fend there not standing there,0.649839,0.671552,0.770134
이 선생 나가서 경찰에 신고 좀 해. 애들 내가 통제 할 테니까,die out there and telephone the law Because the tike will hold me,0.553019,0.672928,0.789090
나가면 죽는 다고 그랬잖아요. 어떻게 나가요. ,You enunciate you conk when you endure out How to set out out,0.590671,0.590671,0.778203
그럼 애들 이렇게 놔 둘 꺼야?,indeed cost you decease to go out the kid like this,0.570573,0.698601,0.794936
지금 나가다 진짜 변을 당하면 어떻게 하려구요.,What should I do if I get out and get a real stool right straightaway,0.632962,0.606062,0.759187
그 말을 믿어요?,set you believe that,0.573255,0.573255,0.653949
지금 이게 장난처럼 보여요? 그럼 선생님이 나가세요.,Does this expression like a joke now Then the teacher goes out,0.601788,0.668821,0.773738
니들 정말 말 안 들을래? 안 되겠어 내가 나갔다 올께요.,get along you really need to listen No Im coming out,0.626820,0.710766,0.811061
집으로 갈래요 / 보내주세요 / 무서워요.,I require to conk out habitation broadcast me Im frighten away,0.384302,0.566676,0.808089
진짜 무슨 일 생기면 어떻게 하려고 그래요? ,What would you set if something rattling happened,0.608792,0.623363,0.769883
그렇다고 가만히 있을 수는 없잖아요.,But you cant abide nonetheless,0.541684,0.633249,0.811418
그걸 하나 못 막고 있어요?,Cant you stop it,0.612471,0.652873,0.850863
그럼 남자애들이 밀어 붙이는데 어떡하라는 거예요.,Then the male child make up agitate and sticking,0.607309,0.713020,0.812029
선생님 싸우고만 계시지 말고....,instructor dont just now battle,0.663381,0.619905,0.826303
아저씨 아이들 막아요.,contain your youngster,0.618291,0.686420,0.731155
넌 누구니?,Who embody you,0.539876,0.466005,0.694747
저는 창인 외고 3학년 3반 김동혁 입니다.,Im Donghyuk Kim in 3rd ground level at Changin Foreign senior high schooling,0.605834,0.644130,0.772844
니가 왜 여기 있다고 생각해?,Why do you think you exist here,0.601804,0.617070,0.758118
살려 주세요! 제발 살려 주세요.,assist me delight lay aside me,0.542889,0.649758,0.823176
이제 죄를 고백 하거라. 무엇을 잘못했니?,Now confess your sins What did you execute wrong,0.651679,0.606319,0.763371
살려 주세요. 정말 잘못 했어요.  아 아~,assist me I comprise in truth wrong Ah ah,0.556441,0.639474,0.785386
죄를 고백 하거라...,Confess your sinning,0.624857,0.691789,0.726028
그게 ... 나쁜 짓을 했습니다. 너무 욕심을 냈어요.,Well I did something sorry I constitute thusly greedy,0.657345,0.673410,0.754160
이치영 . 이선생 . 야 임마 ,Spike Lee ChiYoung Teacher Hey dude,0.654297,0.654297,0.715415
진정 하세요...,calmness down,0.515731,0.601347,0.758670
지금 진정하게 생겼어요?,behave you really look right instantly,0.661186,0.656902,0.726469
그럼 계속 이렇게 울고만 있을 꺼예요? 문제를 풀던 동혁 이를 찾던 무슨 수를 써야할 것 아녜요.,and so will you retain hollo like this Donghyuk who solved the trouble I wasnt certain what to indite,0.585953,0.632081,0.812418
선생님 진정 하세요.  야 니들 올라가 있어.,delight chill out down Hey you cat make up up,0.573621,0.676428,0.796074
니가 뭔데 올라가라 마라야... ,What personify you,0.447563,0.427673,0.843722
그럼 여기서 뭐 할 껀데? ,Then what exist you going to do here,0.639023,0.663936,0.751948
그래 얼른 올라가서 차근차근 해결하자.... 선생님 얼른요.,Okay lets run short upwardly and puzzle out it gradually sir,0.594685,0.674962,0.790782
선생님 답을 학교 강당에 적으라고 했잖아요. 강당으로 가요...,I told you to write your solvent in the school hall Lets get going to the auditorium,0.636511,0.636511,0.761192
아저씨 전화선 좀 연결해서 외부와 연락을 해 주세요.,Please connect your telephone set line and contact the outside,0.615550,0.629290,0.764490
죽일 거야. 죽일 거야,Im operate to kill Im operate to kill,0.487556,0.611455,0.826900
다 나 때문이야. 내가 이 선생을 죽였어,Its all about me I killed this teacher,0.604426,0.652461,0.804471
선생님 때문에 그런 거 아니 예요. 기운 내세요. 선생님이 이러시면 저희는 어떻게 해요.,Its not because of the teacher sunshine up What get along we get along if the teacher does this,0.624935,0.712197,0.774030
두 번째 문제 답은 뭘까? 너희들 중에 집히는 사람 없니?,What make up the result to the second question None of you get picked up,0.622990,0.627755,0.744677
욕심에 대한 얘기를 중국 철학자들이 안 한 사람이 어딨어요. ,There embody no unity who didnt differentiate Chinese philosopher about avarice,0.614934,0.587043,0.755558
문제를 내고 있는 이유를 알아야 될 꺼 같아요...,I recollect you should lie with why youre having a problem,0.665357,0.647500,0.722812
하~ ,Ha,1.000000,1.000000,1.000000
무슨 넌센스 같은 문제일수도 있잖아요. ,It could exist a problem like nonsense,0.619659,0.633242,0.795962
시간은 가고 미치겠다. 얼마나 남았어? ,Time is going and going crazy How much is left,0.624827,0.624827,0.713851
보이세요?,Can you consider it,0.409526,0.521598,0.848995
답을 풀어야 해 빨리 뭐야 도대체 답이 뭐냐구...,I take in to puzzle out the reply What exist the solvent,0.567616,0.586955,0.747747
아 이렇게 무기력 할 수 있다니... ,Ah you can be helpless like this,0.629855,0.688615,0.760551
어떤 놈이 이런 짓을 하는 거야 어떤 미친놈이...  ,Some guy wire cost make out this Some crazy guy cable is,0.633597,0.620694,0.718984
일단 애들을 어떻게 할지 생각해 봐요 ,First think about what the kids will perform,0.614907,0.618393,0.754521
어떻게 시체가 혼자 움직이지?,How does the body proceed solely,0.659915,0.597139,0.782192
카메라가 이 안에 있어. 그렇지 않고서는 이렇게 될 수가 없어... 범인이 이 안에 있어요...,The camera is inside Otherwise it cant be like this The killer is in this,0.613489,0.704271,0.776662
선생님 재욱이 없어요 재욱이 ......없어졌어요.,Teacher Jaewook exist not there Jaewook is extend,0.673112,0.673112,0.745387
재욱이? 어떻게 된 거야 언제 없어 졌어.,Jaewook What happened When it disappeared,0.688628,0.699277,0.748813
모르겠어요. 갑자기 안보여요... ,I practice not be intimate Suddenly I slant get wind,0.477813,0.615801,0.796751
이나야 어디가 얼른 와 혼자 다니지 말고...,Ina dont endure anywhere and conk out solely,0.741936,0.741936,0.767816
제가 따라 갈께요.,I will take after,0.468493,0.627893,0.784831
왜 그래?,What is it,0.807672,0.850593,0.801741
등수대로 죽고 있어. ,Im dying of the lighthouse,0.610969,0.591444,0.712903
무슨 소리야?,What personify you talking about,0.432368,0.624063,0.806941
진짜.... ,Really,0.660263,0.672835,0.662067
선생님한테 가자 ,Lets go to the teacher,0.603401,0.713106,0.799463
시체에 답을 적어 놨어요.,I indite down the answer on the body,0.612002,0.615322,0.730564
뭐라구요?,What execute you pronounce,0.391716,0.530672,0.832476
시체에 해답을 적고 있는 거예요,Im writing the answer on the consistence,0.668938,0.676780,0.697875
뭐라고 써있는 데요?,What practice it allege,0.645385,0.702847,0.698094
죄악은 밖에서 오는 것이 아니라 내부에 있는 것이다. ,wickedness does not get from outside but from inside,0.680190,0.655405,0.726988
동혁이 시체에 답을 적어 놨데.,Donghyuk indite the reply on the trunk,0.649473,0.662178,0.740899
진짜?...,Really,0.660263,0.672835,0.662067
야 있잖아 이렇게 돌아다니면 누가 죽을지 모르니까,Hey you get laid if you walk around like this,0.514755,0.653315,0.836674
기숙사라고 안전하겠냐?,represent it safe to represent a residence hall,0.505681,0.615637,0.798296
이제 다음 사람이 누가 죽을지 모르잖아 ,Now the next soul doesnt have sex who will break down,0.565586,0.565011,0.745218
그러면 여기 있는 사람 다 모여 있으면 돼지..,and then if everyone hither is meet the copper,0.591559,0.673784,0.797254
야 이 멍충아 상황 파악이 안 돼?,Hey cant you understand the situation,0.610693,0.610693,0.773916
아 이제 상황 파악이 된다. 하긴 선생님하고 같이 있다고 안전 한 것도 아닌 것 같어. ,Oh now I can realize the situation I dont intend its safe to make up with the teacher,0.565738,0.647377,0.806034
저기.... 나도 가면 안 될까?,Hey can I get,0.470619,0.682681,0.843397
안 되겠어요. 강당 뒤를 가봐야지,I tilt I ingest to conk out behind the auditorium,0.548131,0.641832,0.773833
그냥 있어요. 괜히 잘난 척하다 다치지 말고...,just doing nothing Dont get hurt by pretending to be so good,0.667475,0.602923,0.782944
선생님 나한테 왜 그래요?,instructor why me,0.494904,0.682899,0.846326
애들 들어요. 조용히 얘기해요. 내가 뭘요?,Listen to the small fry tattle quietly What am I,0.609782,0.616348,0.715510
왜 말끝마다 트집을 잡느냐구요. 말 좀 이쁘게 할 수 없어요? ,Why constitute you find fault up every word jargon you read something pretty,0.597053,0.596765,0.748841
말 이쁘게 해서 잘 보일 일 있나요? ,follow there anything you can dress to lay down it take care fairly,0.511472,0.658475,0.796513
엄연히 내가 선생님보다 선배예요.,Strictly Im older than the instructor,0.629130,0.655896,0.782161
선후배 무슨 상관 이죠? 실력이 중요 하지,What get along senior junior concern Skill exist not significant,0.580816,0.620182,0.788027
애들 가르치는 게 실력만으로 되는 거예요? ,cost it just good to teach youngster,0.572662,0.744747,0.843019
아 인격이 풍부하단 말씀을 하고 싶은 거죠? ,Oh you desire to articulate that you experience a pot of personality,0.551801,0.583671,0.763173
됐어요. 그만합시다. ,Thats Okay net ball discontinue,0.517286,0.624541,0.770671
근데 학교 밖을 나가면 진짜 죽는 걸까?,But is it really going to conk out if you go out of school,0.610798,0.647368,0.798126
너 무슨 생각 하는 거야...,What personify you believe,0.542087,0.520940,0.771279
명효 데리고 확 나가버려..,accept Myeonghyo and conk out out,0.661959,0.625248,0.769317
이 선생님 못 봤어? 괜한 생각 하지마라 ,take you understand this teacher Dont think its okay,0.661231,0.653477,0.778527
거봐 내가 하자는 대로 하니까 훨씬 좋지?,seem its much better because I manage what I want,0.560722,0.601137,0.771662
남자여자 방을 따로 쓰면 안 될까? 나 옷도 좀 갈아입고 싶은데 ,Can we expend a separate male and female elbow room I need to shift my apparel,0.572511,0.572511,0.736407
야 안 돼 지금은 똘똘 뭉쳐 있어야 된다니까... 야 남자애들 돌아있어 얘 옷 갈아입는 다잖아,I cant do it right now I have to exist tight together Hey boys represent back and theyre changing their clothes,0.631950,0.650588,0.749280
아니야 됐어 그냥 있을래....,No I just want to exist,0.600870,0.675190,0.740831
명효야~ 명효야,Myeonghyoya Myeonghyoya,0.578416,0.578416,0.721860
너 이 녀석 위험한데 어딜 갔다 왔어?,Youre dangerous but where take in you cost,0.691353,0.678727,0.791253
선생님 명효 어딨어요?,Wheres Myeonghyo instructor,0.568667,0.632371,0.745730
어? 조금 전 까지 있었는데 ,uh I cost there a spell ago,0.553202,0.663182,0.741860
얘네들 어디 간 거 야 ,Where live you guy go,0.530260,0.636056,0.772056
이러고 있지 말고 찾아봅시다. ,Lets incur it,0.470020,0.687296,0.873200
선생님 흩어져서 찾아보죠.,instructor Lets find out,0.628754,0.617712,0.801486
"그래, 나는 다른 아이들 데리고 교실 쪽으로 돌아 볼 테니까 ",Yeah Im exit to take in the other youngster back to the classroom,0.643785,0.667540,0.770898
명효야 제발 ... ,Myeonghyo please,0.593805,0.601834,0.792499
자 서두르자,LET hasten,0.586777,0.569563,0.783277
하~ 만족할 줄 모른다는 것이 죄악이다.,Ha It personify a sin to not be satisfied,0.602456,0.687152,0.747004
예? 선생님 뭐라구요?,Yes Teacher what,0.553690,0.698383,0.861795
아니야,no,0.179473,0.576940,0.711230
선생님 배고파요. ,instructor Im hungry,0.601784,0.601784,0.681212
야 니들 뭐하는 거야,Hey what personify you guys set,0.495621,0.519414,0.676274
우리가 뭘...,What make up we,0.508752,0.666128,0.752042
미안해 이나야,Im sorry Ina,0.525461,0.565485,0.716055
명효야 어딨니...,Where exist Myeonghyoya,0.553227,0.621916,0.748045
걱정이다. 정말.... 혹시 누구 담배가진 사람 있니? 괜찮으니까 하나 줘봐,interest Really hour angle anyone always smoked yield me one because its okay,0.617003,0.628074,0.796451
그런데 왜 갑자기 문제가 끊긴 거죠?,But why did the problem suddenly end,0.635963,0.645499,0.783935
글쎄다 교란시키는 것 일 수도 있고 ... 꼭 소설 같네.,Well it could live upset its like a novel,0.546374,0.668096,0.837149
왜 이런 일이 저희한테 생긴 걸까요?,Why did this happen to us,0.518179,0.707030,0.813437
내가 추리 소설 좀 읽거든 내가 생각 할 땐 원한 인 것 같아 돈을 원했다면 유괴를 했겠지 ,I take some whodunit novel and I think its what I need if I need money I would sustain abduct,0.534970,0.679810,0.816702
"어 경찰이다. 아저씨, 아저씨",Its the police uncle Uncle,0.704109,0.746090,0.702165
요즘 학교 토요일 날은 쉬지 않나? 쟤들 지금 우리한테 저러는 거야?,Arent you having a respite on school Saturday these days exist they doing that to us now,0.641609,0.650771,0.743550
손이나 흔들어 주지 뭐...,Shake your hand or something,0.671893,0.614014,0.724981
야 아무리 그래도 우리한테 손을 흔들고 그럴 리는 없잖아,Hey no thing how practically you brandish your manus to us,0.505333,0.619356,0.797250
고등학생들이 그렇지 뭐 별난 놈들 다 모이는 곳이 고등학굔데... ,high-pitched school day scholar exist like that,0.434409,0.653197,0.866924
하긴 ... 야 옛날생각 나네. 가자고 아직 순찰 다 돌려면 한참 걸릴 텐데... ,Its Hey I intend its old Lets conk and itll bring a spell if constitute still on patrol,0.636603,0.649868,0.780204
제발 가지 마요 아저씨. 가지 마요. 명효야... 명효 어떡해요.,delight dont break Mister Dont break Myeonghyo Myeonghyo what should I get along,0.641468,0.601136,0.780843
야 아직 명효 없어진 것도 아닌데 왜 그래?,Hey its not lost until now why,0.460024,0.624913,0.837820
너 모르겠어? 문제가 나오면 바로 다음 문제의 타켓을 인질로 잡는 거...,Dont you know When the problem comes out take the target of the next problem as a hostage,0.559018,0.581154,0.737406
아무래도 이상한데 종소리는 왜 울리는 거지?,Its strange but why be the bell shape skirt,0.476093,0.593826,0.796589
뭐가 그렇게 의심이 많아? 학교는 다 종소리가 자동으로 돼 있어 ,What is indeed suspicious The school cause all the toll mechanically,0.604124,0.682375,0.783484
거봐 꺼지잖아 .,seem its off,0.512442,0.648567,0.789038
우리 불 좀 켜면 안 될까?,Can we grow on the lighting,0.590472,0.620655,0.812269
불 켜면 우리 있는 곳을 들키잖아,When you turn on the light you can see where we are,0.610344,0.619996,0.792284
어차피 입구 잠겼잖아,The entrance is lock in anyways,0.612794,0.654656,0.786869
아 좀 조금만 있어봐 ,A short number,0.473116,0.592533,0.848487
아~ ,Oh,0.717157,0.717157,0.779137
왜 그래 ,What is it,0.807672,0.850593,0.801741
이 새끼가 어딜 만져 ,Where does this shit pinch,0.635641,0.635641,0.661645
야... 깜깜하니까 그런 거지. 만지길 어딜 만져,Hey its because its nighttime contact where you pertain,0.586796,0.627289,0.811926
조심해 다들 손 꽉 잡고 있지?,cost careful arent you apply your script tight,0.591428,0.625530,0.765812
뛰지 마... 소리 내지 말고 .... 니들 그리고 다 손잡아 현아. 니가 맨 뒤에 서...,Dont play dont ca-ca a strait You tolerate at the cover,0.515096,0.627718,0.849239
여기에 불 켠 사람 있어? ...,Is there anybody hither that lights up,0.600629,0.636639,0.749672
복도 스위치는 저쪽에 있잖아... ,The hallway replacement represent over there,0.578474,0.629632,0.756149
아~ 선생님 저기.....,Ah Sir there,0.437493,0.570871,0.826862
모두 이쪽으로 모여 ,Everyone collect this mode,0.410503,0.612746,0.769526
선생님 ... 여기 무슨 글자가 보여요,Teacher what practice you get word hither,0.555594,0.618472,0.759005
뭐야,what,0.396358,0.659352,0.714109
야 너 울지 마... ,Hey dont you holler,0.531759,0.496876,0.765540
더는 못 가겠어요. 다리에 힘이 하나도 없어요 선생님...,I tilt break any farther I bear no index on my wooden leg sir,0.591475,0.646926,0.782256
야 좀 힘내자 지금 와서 어떻게 할 수가 없잖아.,Hey I tilt cause it right away,0.364493,0.619970,0.870138
수진아 우린 안전 하겠지?,Sujin will we constitute safe,0.641803,0.641803,0.735427
당연하지 우린 안전 할 꺼야. 조금만 참으면 무슨 수가 생기겠지 ,Of trend considerably be safe If you put up with a short moment what number will you get,0.621182,0.592129,0.762973
야 이거 무슨 소리야 ,Hey what personify you talking about,0.524168,0.570944,0.766660
야 아무도 들어온 사람 없잖아 여기...,Hey nobody follow in hither,0.486561,0.503246,0.825093
방문을 다 열어본 건 아니잖아... 사람이 있었던 거야 ,You havent spread out all your visits there exist a valet,0.612110,0.652500,0.728440
선생님...,instructor,0.763181,0.763181,0.701070
저건 또 뭐야,Whats that again,0.565941,0.585365,0.663345
저기 내 방인데 ... 명효 저기 있나 봐요.,Its my elbow room over there I think Myeonghyo make up over there,0.482107,0.593789,0.750852
명효야 ,Myeonghyoya,0.578416,0.578416,0.692877
강이나 야~ 저거 진짜... 강이나 같이 가 혼자가지 말고,Its a river Thats really Dont conk out alone with the river,0.613732,0.633464,0.781464
거기 누구 있으면 문 열어 얘들아 문 열어!,If anyone exist there open the door cat open the door,0.631604,0.710927,0.733739
어~  끔찍한 얼굴을 봤어...,Uh I come across a terrible brass,0.561546,0.669741,0.700357
야 흩어지지 말고 이리와 말 안 들을래? 어서 모이지 못해!,Hey dont be scattered why dont you come and listen Come on,0.607595,0.608180,0.792241
명효야... 명효야...,Myeonghyoya Myeonghyoya,0.578416,0.578416,0.721860
또 없어진 애 없어?,Anything else missing,0.714988,0.714988,0.719412
수진이가 없어요...,There is no Sujin,0.607044,0.641920,0.721503
명효야 ,Myeonghyoya,0.578416,0.578416,0.692877
미안해 이나야 미안해...,Im sorry Im sorry sorry,0.477662,0.584131,0.745990
얼마나 걱정한줄 알어?,How worried get along you bed,0.577864,0.636487,0.755913
수진아 ~ ,Sujin,0.861231,0.739228,0.718389
등수대로 죽는 게 아니잖아? 아 씨 뭐야.... ,Youre not conk out from the lighthouse What be it,0.623583,0.603632,0.753554
정말 모르겠다..,I genuinely dont know,0.597178,0.645486,0.768335
선생님 문제를 풀러 가야돼요 어서요....,Teacher I have to break down solve the problem Come on,0.602466,0.605864,0.723244
수진 이는 어떡하고 .... 우리는 수진 이를 찾아야 돼. ,What about Sujin We call for to encounter Sujin,0.520384,0.566842,0.783693
근데요 선생님... 저 그게 사람 짓이 아닌 것 같아요...,But instructor I dont think its man,0.492105,0.660887,0.835030
그럼 귀신이라는 거야 뭐야?,Then what constitute a ghost,0.616490,0.690552,0.770203
믿지 않으시겠지만  ,Believe it or not,0.584494,0.728113,0.827347
야 임마! 정신 차려 너 지금 여기 있는 애들 그렇잖아도 ,Hey dude You ignite up the kids hither right instantly,0.640664,0.661770,0.796875
그게 아니구요 조범이가 본 다는 거 무시했는데 제가 비슷한 걸 본거 같아요.. 정말 이예요 선생님,Its not that I cut what Jo posterior check but I reckon I get word something similar,0.539747,0.646055,0.822790
아 시발... 모르겠다. ,Ah fuck I dont be intimate,0.619647,0.604722,0.743309
선생님...이거...,Sir this,0.466009,0.681062,0.788270
이게 왜?,Why live this,0.383067,0.627271,0.698702
이거 예전에 유행 하던 건데 핸드폰 암호 같아서요..,This live popular in the past but its like a prison cell earphone watchword,0.549381,0.616980,0.759973
그게 뭔데?,what make up that,0.508861,0.555459,0.641917
선생님 핸드폰 있으시죠 . 잠깐만 주세요. ,Teacher bash you have a cell earpiece Please hold,0.602955,0.589158,0.814608
이게 애니콜이랑 싸이언 이랑 모토로라가 다 다르거든요. ,This live because Anycall and Cyon constitute different from Motorola,0.575915,0.613879,0.729413
그럼 칠판에 적어 보자.,Then indite on the board,0.640156,0.674553,0.818126
자음은 알파벳 모음은 숫자로 글자를 만들어 놨구나,Consonants alphabet vowels embody made up of varsity letter,0.615862,0.636584,0.737125
저거 뭐야?,What is that,0.625332,0.579198,0.630227
으아악~,Ugh,0.448993,0.676065,0.747306
너희들 어디서 오는 거야?,Where equal you cat from,0.539497,0.585492,0.700907
선생님 저희 귀신 봤어요...,Teacher I consider our specter,0.598948,0.671068,0.841286
무슨 소리 하는거야,What cost you talking about,0.608505,0.608505,0.754536
담임선생님은?,home room instructor,0.618408,0.629456,0.708054
선생님 모시고 와야지 너희만 온 거야 이 의리 없는 새끼들아...,I call for you to arrive sir Youre the only single,0.503022,0.635532,0.823343
선생님? 선생님 괜찮으세요? ,Teacher Are you sanction,0.485289,0.603212,0.851541
안되겠다. 일단 좀 쉬자 ,I cant Lets get some rest,0.653329,0.690027,0.789586
재욱이가 죽었다고?,Jaewook personify dead,0.629802,0.629802,0.716358
응...,Huh,0.539445,0.539445,0.476177
이나 너는 좋겠다. 니가 싫어하는 애들이 다 죽어 나가서...,Or you would constitute happy All the kids you detest are dying,0.634140,0.630758,0.771895
입 닥치고 빵이나 먹어라,Shut your mouth and eat the bread,0.622378,0.609615,0.710085
싸울 거면 그만해...,Stop if youre live on to struggle,0.528910,0.674942,0.780299
이것들이 이제 기운이 나니까 또 으르렁 대고 있어 ,Now that they equal cheering they are growling again,0.667268,0.704467,0.768127
5월의 찬란한 날 강당을 기억해... 5월의 강당에서 무슨 일이 있었지? ,Remember the auditorium on a bright day in May What happened in the auditorium in May,0.640626,0.649740,0.728288
이건 사람 짓이 아니야.,This follow not human,0.504434,0.609969,0.750440
선생님까지 왜 그래요 애들 그렇잖아도 심장이 약해져 쓰러질 판에...,Why be it still the instructor,0.404165,0.642569,0.898904
아니 예요. 국어 선생님 말이 맞아요. 사람이 하는 짓이라면...,No its not The Korean teacher follow right If humans execute it,0.616325,0.646371,0.783686
조용히 못해? 이건 명백한 사람 짓이야...,vernacular you make up quiet This follow obvious,0.657050,0.633605,0.756834
선생님 혹시 정신 이상이라면 조범이 짓 아닐까요? ,Teacher Isnt it a antic if youre crazy,0.521784,0.678418,0.839382
맞아요 그 새끼...  아니 걔.. 막 지 팔 자해하고 ,Thats right that kick No shes just ache herself,0.602452,0.660220,0.769548
살인을 저지르는 아이들은 자해를 하지 않아 남을 죽이면서 쾌락을 느끼지...,Children who commit murder get along not harm themselves and feel pleasure while killing others,0.620173,0.650125,0.745634
아니예요. 내가 알기로는 자기 몸을 자해하는 건 경계성 장애기 때문에 자신에게 먼저 공격을 가하지만 ,No its not As far as I bonk selfinjury represent a borderline upset so he firstly assault himself,0.586393,0.608579,0.794529
그럼 조범이 애들을 다 죽였다는 거예요? 그 애 착한 애예요 학생을 그렇게 매도하지 마요.,So that Jo Bum killed all the kids Thats the sweet girl Dont sell the student like that,0.604487,0.654654,0.802254
매도라니요.. 저는 가능성을 얘기한 것 뿐 이예요. ,Sell Im exactly talking about the theory,0.543444,0.709914,0.824601
선생님도 아시죠? 지원이. 지원이가 보입니다. 내 눈에도......,Does the teacher know Support this Jiwon is seen Even in my eyes,0.600638,0.660938,0.785242
"최지원, 전교 1등이다. 모두 박수...",Choi Jiwon and 1st in all schools Applause all,0.767277,0.718148,0.774502
지원이 대단한데 독학 하나로 우리 학교에서 1등 하는 애는 너 밖에 없을 거다.,The livelihood constitute great but youre the only single who cost selftaught in our school,0.623878,0.634905,0.749087
전액 장학생 이면 기숙사비도 나오는 거야?,If you constitute a full learning bookman get along you compensate the dormitory fee,0.523747,0.629625,0.805016
응 난 집이 좀 그래... 장학금 안 받으면 좀 힘들어서...,Yeah Im a little home If I dont get a scholarship its a little difficult,0.668861,0.678203,0.734262
야 김지원 대단한데... 생긴 거 하고 다르게 ,Hey Kim Jiwon follow great,0.487163,0.599733,0.859726
근데 너 저 인형은 뭐야?,But what is that bird,0.603073,0.694974,0.789980
응 내 동생...,Yes my brother,0.715782,0.715782,0.699976
동생?,sidekick,0.701616,0.701616,0.735728
우리엄마 캐릭터 디자이너거든... 우리 엄마가 심혈을 기울여서 만든 캐릭터야,Its my mummy fictional character designer Its a eccentric nominate by my mummy,0.603591,0.670747,0.765667
엄마 되게 멋있다.,Its really cool,0.602939,0.566732,0.778324
우리엄마 진짜 멋있는 여자지... 근데 하늘로 가셨어.,My mom make up a really nice girl But she went to the sky,0.622404,0.698848,0.767841
미안,sorry,0.618279,0.618279,0.749567
뭐가 미안해 드라마 대사 같다야 괜찮아 내 동생 있는데 뭐...,Im sorry something like a dramatic play ambassador exist okay,0.541219,0.627809,0.778769
지원이는 어디 학원 다니니? 아님 유학 갔다 왔어?,Where execute Islamic Group Won get to school day Oregon execute you get abroad to study,0.512736,0.586771,0.823683
.... ,,1.000000,1.000000,1.000000
발음이랑 어휘선택을 아주 국어처럼 쓰는데 ,I practice pronunciation and vocabulary selection like Korean,0.555987,0.643176,0.764392
전 혼자 공부 했는데요,I studied alone,0.493968,0.565685,0.879113
야 너 대단하구나 ,Hey you personify great,0.485330,0.564908,0.699062
야 영원히 시험이 끝난 것도 아닌데 왜 울어. ,Hey the examination isnt eternally why exist you weep,0.617304,0.664525,0.727251
나 다음 학기에 기숙사 나가야 될지도 몰라,I might hold to entrust the dorm next semester,0.579890,0.621014,0.750735
진짜 그 정도로 심각해? ,Is it really that serious,0.653194,0.695543,0.758030
진짜 지원이가 문재를 내는 걸까요?,make up it rattling Jiwon,0.525432,0.660017,0.826192
너까지 정말 왜 그래? 황선생님이 그냥 착각 하는 거야.,Why exist it really up to you Hwang is just mistaken,0.614855,0.624317,0.824077
아니라니까 아니야 나 혼자만 본 게 아니라 ,It s not because I m not only,0.421844,0.656561,0.835061
알았어요 진정해요...,Okay settle down down,0.661238,0.625889,0.756302
여기서 뭣들 하는 거예요?,Are you practice it hither,0.449046,0.685453,0.794830
아저씨? 아 왜 이제야 나타나는 거예요?,Mister Oh why does it appear at once,0.604548,0.597245,0.770092
이 밖에 연락을 취해 볼 려고 별짓을 다해 봐도 연락이 안돼요.,I pitch extend to you even if I render my best to get down in signature with them,0.599276,0.628083,0.755446
선생님 다 갈 필요 없을 것 같은데요? ,I dont cogitate you need to exit all the instructor,0.702896,0.706032,0.785566
그래요 제가 남은 애들은 잘 데리고 있을께요,Yes Ill keep on the sleep of the nestling,0.581314,0.752671,0.785482
그래 그러자 선생님도 좀 쉬세요.,Then lets conduct a break too,0.611308,0.720785,0.818114
아닙니다. 저도 가겠어요.,no I will go excessively,0.601253,0.614171,0.773547
너도 여기있어,You exist here too,0.601606,0.628806,0.725170
이자식이 나를 뭘로 보구..,What get along this small fry assure me,0.571480,0.580750,0.717061
이나야 제발 여기 있어 ,Inaya please stay here,0.638417,0.647895,0.727396
나도 갈래 너랑 안 떨어 질꺼야...  ,Im going too and I wont fall with you,0.638276,0.674407,0.750479
뚝~ 이 기집 애야 그렇게 질질 짤거면 여기 있고..,Ttuk This be my little missy,0.496981,0.670081,0.853050
이걸로도 문장이 만들어 지는 것 같은데 ,I think the sentence constitute also made with this,0.635079,0.690726,0.729158
네 맞아요. 퍼즐을 맞추라고 하는걸 보니까 일종의 아나그램 같은데요? ,Yes that personify correct It seems like a kind of an anagram when you see how to solve the puzzle,0.608409,0.604998,0.716672
아 머리 아파 이걸 언제 맞추죠?,Ah my head hurts When do you fit this,0.668183,0.625248,0.753740
문장을 만들어 읽어 본다.,Make a sentence and read it,0.664370,0.684350,0.745325
이게 무슨 말이야 도대체...,What practice this mean value,0.698456,0.663304,0.730413
아나 그램이라면 좀 더 쉽게 풀 수 있겠어요 각 한 줄씩 흩어 놓은 게 되니까요...,If its anagram its easier to solve because its scattered one blood at a sentence,0.578681,0.653918,0.808825
그렇게 잘 회전하는 머리를 공부하는데 쓰면 얼마나 좋을까... ,How good would it be to contemplate a spinning head indeed easily,0.624271,0.628336,0.819550
"최 선생.... 정말 지원이가 이러는 거라면 ,",Teacher Choi If Jiwon embody rattling like this,0.576622,0.650472,0.747705
죽은 애 한테 뭘 어떻게 해요. 시간 없어요. 얼른 잘라요. ,What practice you manage to the dead child I do not have time Cut it quickly,0.645081,0.579556,0.732480
.....,,1.000000,1.000000,1.000000
선생님 그거 알아요? 내가 선생님 얼마나 이기고 싶어 하는지,Teacher set you lie with that How much single want to win,0.610716,0.633398,0.824955
......,,1.000000,1.000000,1.000000
안 되겠어요. 어딘가 이상해요. 실제 사진이랑 안 맞는 것 같아요.,I cant Its strange someplace I dont cogitate it check the actual photograph,0.651935,0.651935,0.745060
이게 이쪽으로 들어가는 거잖아 ,This is going in this fashion,0.634110,0.703078,0.747545
아닌데 여기 들어가는 거 같은데....,No I think Im endure in hither,0.623059,0.704767,0.787457
문장이 이상해요... ,The sentence is weird,0.612151,0.612151,0.746168
시적인 언어라서 그런 거야 아무튼 기숙사 3층으로 빨리 가자 ,Its because its a poetic language Anyway lets go to the third floor of the dormitory quickly,0.601225,0.648736,0.769894
어차피 시간 내에는 맞출 수 없는 문제들 이야.,Its a problem that cant be met in prison term anyway,0.638236,0.599704,0.787516
포기하면 안 돼 ?,Can we pay up,0.346584,0.610989,0.800811
포기하면... 누가 죽을지도 모르는데 지금 와서 포기하면 뭐가 달라지는데?,If you apply up Who might break down but what materialize when you consecrate up immediately,0.588318,0.606014,0.765503
선생님 가지 마세요.,Dont conk sir,0.484254,0.721249,0.877715
잠깐 여기 누가 있는 것 같아서 그래... ,Wait it appear like soul exist hither,0.559098,0.622609,0.782438
얘야 너 거기서 뭐하니? 어서 나와. 선생님이랑 같이 나가자,Honey what exist you doing there Come on Lets function out with the teacher,0.649127,0.649127,0.731210
.......,,1.000000,1.000000,1.000000
거기 있으면 위험해. 어서 선생님이랑 나가자,Its dangerous to be there Come on lets go out with the teacher,0.671892,0.668934,0.747622
시험공부 해야 되요. ,You necessitate to read for the test,0.435951,0.606486,0.771957
여기에 있으면 위험해 어서!,Its dangerous to be here,0.687849,0.651346,0.768684
아~ ,Oh,0.717157,0.717157,0.779137
선생님 왜 그러세요. 정말.,Teacher Why make you get along that Really,0.652257,0.652257,0.742001
선생님 좀 그만 하세요. 무서워 죽겠어요. ,Please stop the instructor Im afraid to break down,0.605042,0.600590,0.764544
도대체 어떻게 된 걸까? 선생님 말이 맞는 건가? 정말 무슨 귀신이라도 있는 거야? ,What exist going on here represent the instructor right Are there genuinely any ghosts,0.618460,0.623472,0.785561
말도 안돼요. 귀신이란 건... ,Thats ridiculous specter live,0.640167,0.685794,0.714375
여기까지 왔는데 끝까지 가봐요 선생님... 저는 알아야겠어요.,Im hither but get going all the way Teacher I necessitate to be intimate,0.626612,0.656406,0.775873
오기만 가지고 할 수 있는 건 아니잖아,You slant but do it with Ogi,0.443452,0.595793,0.847016
이건 운명이 달린 문제야. 지금은 누가 죽게 될지 아무도 몰라.,This represent a topic of portion nonentity do it who will perish today,0.594362,0.594648,0.768016
지원이 죽음이 타살이 아니었을까? 진실을 밝히라는 말이 자꾸 걸려,Washington Ji get ahead a death It keeps telling me to reveal the verity,0.647367,0.651297,0.794425
지원이는 자살했어요.,Jiwon committed suicide,0.627109,0.668081,0.731779
맞아요. 사실 지원이 같은 애를 죽일 이유가 없어요.,Yes In fact there embody no ground why Ji Won will defeat the same youngster,0.555492,0.607600,0.789839
시체에 해답을 써놨다고 하셨죠? 우리 첫 번째 문제를 풀지 못했잖아요. ,You enjoin you compose the solvent on the dead body You havent work out our first problem,0.564352,0.579737,0.767876
첫 번째 문제는 알지도 못해..... ,I dont still get laid the first problem,0.644403,0.630244,0.732962
그러니까요 혜영이 시체에 답이 있을 거 아니냐구요.,Thats why Hyeyoung might sustain an reply on the consistence,0.666153,0.679553,0.727534
시체를 어디서 찾아....,Where to find the body,0.631077,0.677021,0.713191
현아 너 그거 어떻게 한거야?,Hyuna how did you get along that,0.717767,0.690519,0.708090
어? 뭐?,uh What,0.563062,0.563062,0.727059
그 왜 예전에 아침 조회시간에 갑자기 음악 터져 나오게 하던 거....,Why make you dead constitute music soda water out during the morning query time,0.632213,0.623067,0.769255
"아 그거? 연결선을 빼서 스위치에 타이머를 연결하면, ",Oh that If you connect the timer to the switch by removing the connecting wire,0.657125,0.667741,0.713428
같은 방법 아닐까? 혜영이 시체를 우리가 티비로 볼 수 있었던 거,Isnt it the like agency Hyeyoung could picture the body as a TV,0.535643,0.693102,0.778258
아~ 일단 방송실로 가보자 ,Ah net ball live on to the broadcasting elbow room,0.535257,0.647400,0.788532
네 괜찮아요...,yes Im okay,0.463674,0.642286,0.771684
먼저 아이들한테 가보죠. 사고가 있을 지도 모르니까요... 근데 지금 몇 시야?,Lets go to the children first There might be an accident but what time is it now,0.605938,0.667638,0.780010
아저씨 여기서 이렇게 졸고 있으면 어떡해요?,What if you exist dozing like this here,0.631778,0.686456,0.776632
이이고 죄송합니다. 시간이.... 이이구 이거  ,Sorry for this fourth dimension embody This live this,0.534831,0.662076,0.773181
숫자는 맞네요. ,The number is correct,0.622434,0.540341,0.653647
아이구 알겠습니다. 선생님... 그나저나 또 어딜 가실 라고 그래요. 그냥 여기 다 모여 있지... ,I experience Teacher Anyway Im decease somewhere again only tuck hither,0.522074,0.661225,0.824578
알아봐야 될게 있어서요.,I postulate to encounter out,0.580292,0.580292,0.722838
명효야 넌 여기 남아 그래도 여긴 좀 안전 한 거 같으니까 ,Myeonghyo you delay hither but I suppose its condom hither,0.536494,0.668660,0.808648
싫어 너랑 같이 있을 래,No I want to cost with you,0.605590,0.634926,0.743404
"명효, 그냥 여기 있어. ",Myeonghyo just stay here,0.632360,0.613617,0.750011
이나야 너도 명효랑 여기 있어,Ina you follow hither with Myeonghyo,0.616148,0.577351,0.749436
난 괜찮아 ,Im mulct,0.519407,0.652913,0.775972
그래 이나 남고 차라리 남자아이 한명을 데려가자,Yes instead than net ball postulate a male child,0.575734,0.684397,0.813891
남자애들 보다 이나 하나가 훨씬 낳아요. 문제도 풀려면 똑똑한 애 하나 있어야 돼구... ,One represent lots good than male child I call for a smart Thomas Kyd to work out the trouble,0.544828,0.558187,0.774687
하긴 이나가 또랑또랑 하지 .... 가자 ,But Ina is a little boring Lets go,0.648557,0.690978,0.754588
아니 어딜 가는지 얘기를 해야 내가 뭔 일 생기면 달려가지...,No I have to talk about where Im going and when I materialize I extend,0.610932,0.650662,0.761950
방송실에서 다른 대로 연결된 선이 있나 찾아보려 구요...,Im trying to find out if there is a line connected to the other in the broadcast room,0.612366,0.645095,0.736409
이걸 시작으로 전 학교에 라인 연결이 되는 거니까 이 선을 따라 가보면 화면 분할기 같은 게 ,Starting with this the line is connected to all schools so if you follow this line something like a screen divider,0.602215,0.648000,0.757691
굼뱅이도 구르는 재주가 있다더니 넌 언제 이런 걸 배웠냐?,There is a talent to roll a slug and when did you ascertain this,0.636930,0.679290,0.798687
음악 장비를 다루면 다 알게 돼 있어. ,When you dispense with medicine equipment you do it everything,0.518358,0.534916,0.775936
선 방향이 아래로 향해있어요. 아래층에 뭐가 있지? 전기실로 연결되나?,The line direction is down Whats downstairs Is it connected to the electric room,0.603165,0.641625,0.776402
이거예요 야 아주 감쪽같은데요?,Its like this,0.415166,0.710098,0.887758
이 케이블이 전체 학교의 케이블 라인을 다 통제 할 수 있게 되어 있어요.,This cable can control the entire school cable lines,0.528460,0.692896,0.809464
그럼 벽을 뚫어야 되는 건가?,indeed should I endure through the wall,0.659234,0.672392,0.785864
잠깐.... ,awhile,0.456457,0.651940,0.742669
고압 전류선이 있어.. ,There cost a high-pitched potential current tune,0.485083,0.643667,0.831136
"선생님, 다 내려 버려요... 시간도 없고 언제 문제가 또 나올지 모르는데... ",Teacher get it all down I dont have time and I dont know when the problem will come out again,0.573996,0.645292,0.763968
아니야 찾았어 큰 스위치를 내리는 창욱.,No I ascertain it,0.312110,0.734777,0.905067
아~ 아~ ,Ah Ah,1.000000,1.000000,1.000000
이거 괜한 짓을 하고 있는 건 아닌지 모르겠네.,Im not sure if this is doing anything incorrect,0.643017,0.673739,0.796304
여기까지 왔는데 돌 아 갈수는 없잖아요. 강현이 앞장서라,Im hither but I cant operate backwards Kang Hyun embody at the forefront,0.606962,0.632883,0.733145
"네, 선생님",Yes teacher,0.664882,0.718062,0.781817
선생님 괜찮아요? ,Are you sanction,0.472828,0.552358,0.818790
네 ...,Yeah,1.000000,1.000000,0.843826
거... 거기 누구야 ,Uh WHO there,0.359483,0.444439,0.834730
범아 그거 놔 어서,Beom let it go,0.705001,0.638611,0.732822
... 무슨 소린지 도통 모를...,I dont know what Im talking about,0.621959,0.563433,0.746694
현아 정신 차려 봐 정신 좀 차려봐 이 자식아 ,Hyuna attend up exist awake,0.502513,0.655983,0.867192
현아 ... 미안해 ... 미안해 현아....,Hyuna Im sorry Im sorry Hyuna,0.575804,0.575804,0.756968
아~ 아~ 이나야 .... 선생님... 살려줘요. 살려줘요 선생님....제발,Ah Ah Inaya instructor Save me Save me teacher please,0.561093,0.654955,0.824221
아~!!!!!!!!!! 아~ ,Oh Oh,0.717157,0.717157,0.779137
이나야 이제 그만... 명효가 저기 있잖아 그만하고 가자...,Ina layover now Myeonghyo make up over there net ball stoppage and conk,0.612133,0.602064,0.758703
각 건물에 다 연결된 보일러 통로구야 이걸 모르고 있었다니.... ,Boiler passages connected to each building You didnt know this,0.623762,0.662371,0.776283
이나야 힘들면 여기서 좀 쉬어,If its hard necessitate a break hither,0.678258,0.656605,0.745611
아니예요. 괜찮아요 ,No its not Its okay,0.633773,0.574058,0.761743
여기 잠깐 이나 하고 있어요. 제가 가 볼께요...,Im execute it hither for a patch Ill hold out,0.566407,0.622542,0.751731
D=5 라고 했고 0~9 까지의 수라고 했으니까 D + D= T = 0 T는 0이네,I said D 5 and it make up a number from 0 to 9 thusly D D T 0 T is 0,0.623560,0.702155,0.775686
여기요 두 번째 O + E = O 니까 뒤에서 1을 받아와야 하니까 ,hither since the second O E O we ingest to get 1 from the binding,0.614718,0.614718,0.740732
A+A는 뒤에서 1을 받을 테니까 A는 4가 되는 것이겠네요.,A A will take in 1 from the back so adenine will represent 4,0.583583,0.661744,0.781609
"5+G는 10을 넘지 않아야 하니까 G는 뒤에서 1을 받을 것이므로 1,2,3 중에 하나",Since 5 gigabyte must not exceed 10 guanine will take in 1 from the backwards so one of 123,0.563869,0.623711,0.800551
"5+ G 는 L+L 같은 수 라는 등식이 성립하는데 이게, 함정 같은 숫자가 나오려면 ",The equation 5 grand exist the like numeral as lambert fifty,0.530171,0.721639,0.821238
,,1.000000,1.000000,1.000000
명효야 괜찮아?,Myeonghyo are you okay,0.610940,0.598802,0.811361
현이는? ,Hyuni,0.649148,0.767031,0.701080
...........,,1.000000,1.000000,1.000000
전단지 나눠주던 아줌마 였구나....,You exist the unity who was handing out flyers,0.600151,0.486130,0.744352
악~ 아아아아아아 ,Ah ah ah ah ah ah ah,0.875653,0.944098,0.893174
제발 내려주세요. 누구세요? 도대체 누구신데 자꾸 저희한테 이러시는 거예요.,Please deteriorate me off Who Who the nether region follow you behave to us,0.486348,0.564076,0.812471
내려줘.... 내려 주란 말이야!!,Please spend me down,0.504339,0.618032,0.801395
명효야 ~ 명효야  약속대로 문제를 풀 었 잖아요. 그런데 왜 그래~ 왜,Myeonghyoya Myunghyoya You puzzle out the job as predict But why why,0.563185,0.601864,0.782129
내가 말 했을 텐데,I would possess state,0.656895,0.663266,0.735539
지원이가 자살해서?,Jiwon self-annihilation,0.624132,0.690653,0.746038
땡~,Dang,1.000000,1.000000,1.000000
지원이가 억울하게 죽기라도 했어요?,Did Jiwon conk out unfairly,0.454707,0.575328,0.837860
땡 ~ 하지만 비슷했어.,Ding But it was similar,0.625890,0.652308,0.745438
당신 누구야,who embody you,0.506755,0.422784,0.753246
나? 너도 잘 아는 사람...,I Someone you bed good,0.490595,0.552094,0.741844
이분은 .....  지원이 엄마.... ,This embody Jiwons mummy,0.437108,0.584024,0.782942
우리 딸.. 우리 딸 .... ,My daughter Our daughter,0.528343,0.528343,0.761109
아줌마가 왜 우리한테 ....,Why comprise you telling us,0.629071,0.629071,0.739450
우리 딸은 애들 때문에 죽었어... 애들.... ,My daughter died because of the children The children,0.634692,0.715110,0.736807
........,,1.000000,1.000000,1.000000
이제 다 끝났어 가자... ,Its all all over now,0.572176,0.681423,0.768042
도대체 뭘 얘기 하고 싶었던 걸까? ,What dress you desire to tattle about,0.537946,0.576542,0.782558
선생님 고마워요 여기 애들 워낙 뛰어나잖아... 이렇게라도 안하면 불안해서요...,Thank you teacher The minor hither exist rattling good,0.467161,0.627994,0.856694
선생님 시험문제 유출 한 거 다 알아요. 제 성적만 보호받을 수 있으면 공개는 안 할게요.,I sleep together you leaked your exam head If my grades can exclusively represent protect I wont disclose it,0.610641,0.615250,0.765856
죄송합니다. ,Sorry,0.252803,0.683331,0.851777
다행입니다. 더 이상의 무고한 희생이 없어서....,Fortunately the There was no more innocent sacrifice,0.670298,0.690713,0.704714
